,0
0,6.320831775665283
1,6.7237019538879395
2,7.327879905700684
3,7.351268768310547
4,6.06872034072876
5,5.209592819213867
6,3.0715510845184326
7,5.2156758308410645
8,5.732904434204102
9,5.7092766761779785
10,5.457791805267334
11,4.941136360168457
12,4.069593906402588
13,3.391888380050659
14,1.9841960668563843
15,-1.4564628601074219
16,0.8839287757873535
17,1.413007378578186
18,-0.06203470379114151
19,-0.4852924942970276
20,-0.8193809986114502
21,-1.853228211402893
22,-0.41435885429382324
23,0.35100728273391724
24,0.11511767655611038
25,-0.35942208766937256
26,-1.0115129947662354
27,-1.2927443981170654
28,-0.9032455086708069
29,-0.8549273014068604
30,-1.0460236072540283
31,-1.1471120119094849
32,-1.0340425968170166
33,-1.4529154300689697
34,-1.9815434217453003
35,-1.244246482849121
36,-1.085320234298706
37,-1.3805058002471924
38,-1.9898958206176758
39,-1.7919243574142456
40,-2.138895034790039
41,-1.5279520750045776
42,-1.5767502784729004
43,-2.176903009414673
44,-2.0142173767089844
45,-2.2784950733184814
46,-1.805950403213501
47,-2.329244375228882
48,-1.919123888015747
49,-2.0602829456329346
50,-2.1272904872894287
51,-2.4209628105163574
52,-2.174254894256592
53,-2.4060819149017334
54,-1.8505377769470215
55,-2.1201424598693848
56,-1.6815752983093262
57,-2.1429760456085205
58,-2.1421711444854736
59,-2.250148057937622
60,-2.015742540359497
61,-1.8368182182312012
62,-1.9622268676757812
63,-2.2839207649230957
64,-1.7651457786560059
65,-1.814918875694275
66,-2.3306236267089844
67,-2.146099090576172
68,-2.2457387447357178
69,-2.306723117828369
70,-2.468079090118408
71,-2.3280863761901855
72,-2.5495917797088623
73,-2.1993587017059326
74,-2.654360055923462
75,-2.5361340045928955
76,-2.377082347869873
77,-2.5611608028411865
78,-2.6831562519073486
79,-2.4835832118988037
80,-2.212459087371826
81,-2.301799774169922
82,-2.432006597518921
83,-2.7819676399230957
84,-2.6992199420928955
85,-2.3913283348083496
86,-2.6494088172912598
87,-2.796973943710327
88,-2.523408889770508
89,-2.3242530822753906
90,-2.3679840564727783
91,-2.5666146278381348
92,-2.754385471343994
93,-2.8189549446105957
94,-2.741349220275879
95,-2.528169631958008
96,-2.507606029510498
97,-2.829403877258301
98,-1.7973859310150146
99,-1.5667603015899658
100,-1.8138796091079712
101,-2.930253744125366
102,-2.125319004058838
103,-2.2101364135742188
104,-2.894618034362793
105,-2.826470375061035
106,-2.2281646728515625
107,-2.150522470474243
108,-2.7607903480529785
109,-1.840212106704712
110,-1.5003244876861572
111,-1.5190393924713135
112,-1.8608858585357666
113,-2.886401891708374
114,-2.2726731300354004
115,-2.2413551807403564
116,-2.7739171981811523
117,-1.9799460172653198
118,-1.6897215843200684
119,-1.7939943075180054
120,-2.406923770904541
121,-2.196547746658325
122,-1.686995267868042
123,-1.644827127456665
124,-1.9655343294143677
125,-2.534029006958008
126,-2.2144832611083984
127,-1.886030673980713
128,-1.9609036445617676
129,-2.4465532302856445
130,-2.4106993675231934
131,-2.056722640991211
132,-1.9439200162887573
133,-2.014127492904663
134,-2.251814126968384
135,-2.6378164291381836
136,-2.25270938873291
137,-2.0118796825408936
138,-2.1011669635772705
139,-2.5464768409729004
140,-2.4630532264709473
141,-2.180274248123169
142,-2.0842549800872803
143,-2.1456096172332764
144,-2.350128650665283
145,-2.676448345184326
146,-2.340700149536133
147,-2.138599157333374
148,-2.2993125915527344
149,-2.7674553394317627
150,-2.5205817222595215
151,-2.3967671394348145
152,-2.4710745811462402
153,-2.7626497745513916
154,-2.481193780899048
155,-2.394822120666504
156,-2.9076972007751465
157,-2.4899067878723145
158,-2.2661685943603516
159,-2.441777467727661
160,-2.938734769821167
161,-2.247185468673706
162,-2.007833242416382
163,-2.1358563899993896
164,-2.7388851642608643
165,-2.413445472717285
166,-2.0079452991485596
167,-1.8724653720855713
168,-1.9043024778366089
169,-2.074730157852173
170,-2.386345386505127
171,-2.806072950363159
172,-2.28251051902771
173,-2.012882709503174
174,-2.0225095748901367
175,-2.2730205059051514
176,-2.795851469039917
177,-2.516254425048828
178,-2.3065733909606934
179,-2.248037338256836
180,-2.3201730251312256
181,-2.5243313312530518
182,-2.827775239944458
183,-2.4634575843811035
184,-2.3600246906280518
185,-2.627424955368042
186,-2.7591569423675537
187,-2.554694890975952
188,-2.5478904247283936
189,-2.7320759296417236
190,-2.611870765686035
191,-2.8479137420654297
192,-2.7462804317474365
193,-2.712345600128174
194,-2.606078863143921
195,-2.5700366497039795
196,-2.551476240158081
197,-2.5448129177093506
198,-2.6181321144104004
199,-2.698188304901123
200,-2.8574280738830566
201,-2.9567341804504395
202,-3.091031312942505
203,-2.6575655937194824
204,-3.027231216430664
205,-2.780094861984253
206,-2.9818758964538574
207,-2.6098055839538574
208,-2.649339199066162
209,-3.207273483276367
210,-3.093980550765991
211,-2.7042653560638428
212,-2.651947021484375
213,-3.1310362815856934
214,-2.259509325027466
215,-2.077760934829712
216,-2.447129011154175
217,-2.865065813064575
218,-2.616506576538086
219,-3.1792314052581787
220,-2.0758965015411377
221,-1.6796791553497314
222,-1.611412763595581
223,-1.7581698894500732
224,-2.1967101097106934
225,-3.1993408203125
226,-2.752828359603882
227,-2.9208450317382812
228,-2.8894705772399902
229,-3.1950080394744873
230,-2.4902939796447754
231,-2.186354398727417
232,-2.282362222671509
233,-2.8083527088165283
234,-2.618134021759033
235,-2.320507287979126
236,-2.5704150199890137
237,-3.0756869316101074
238,-2.8450052738189697
239,-3.0639567375183105
240,-2.754645824432373
241,-2.8344321250915527
242,-2.9723129272460938
243,-2.8343446254730225
244,-3.3578178882598877
245,-2.3752284049987793
246,-2.183901786804199
247,-2.4509451389312744
248,-3.330899715423584
249,-3.129948377609253
250,-3.093421220779419
251,-3.2721056938171387
252,-3.3419339656829834
253,-3.004861831665039
254,-3.235521078109741
255,-2.5150177478790283
256,-2.370359182357788
257,-2.865464925765991
258,-2.65866756439209
259,-2.2479052543640137
260,-2.2383482456207275
261,-2.497988224029541
262,-3.005580186843872
263,-2.506070137023926
264,-2.1966962814331055
265,-2.203153610229492
266,-2.4840586185455322
267,-3.0376718044281006
268,-2.7243971824645996
269,-2.5989131927490234
270,-2.707871675491333
271,-3.120999336242676
272,-2.5589375495910645
273,-2.3243448734283447
274,-2.5342259407043457
275,-3.3529446125030518
276,-3.0493595600128174
277,-3.3881747722625732
278,-2.814750909805298
279,-3.1633858680725098
280,-2.596069812774658
281,-2.263364315032959
282,-2.300974130630493
283,-2.6585114002227783
284,-3.3447632789611816
285,-2.643885612487793
286,-2.6911301612854004
287,-3.2788872718811035
288,-3.016629457473755
289,-3.1910903453826904
290,-2.9061577320098877
291,-3.116137742996216
292,-2.720816135406494
293,-2.381307363510132
294,-2.4816112518310547
295,-3.088515281677246
296,-2.509211778640747
297,-2.1112020015716553
298,-2.072579860687256
299,-2.276961326599121
300,-2.8587656021118164
301,-2.765105962753296
302,-2.341752529144287
303,-2.212317705154419
304,-2.254120349884033
305,-2.433228015899658
306,-2.7347571849823
307,-3.0122315883636475
308,-2.61549711227417
309,-2.562638998031616
310,-2.8808915615081787
311,-2.9406445026397705
312,-2.722290277481079
313,-2.729633092880249
314,-3.0290772914886475
315,-3.0306029319763184
316,-3.066742181777954
317,-3.068957805633545
318,-2.91386079788208
319,-3.3188459873199463
320,-2.611361026763916
321,-2.326129674911499
322,-2.445845365524292
323,-3.067941904067993
324,-2.648794174194336
325,-2.218297243118286
326,-2.113471508026123
327,-2.1915783882141113
328,-2.4461441040039062
329,-2.9471254348754883
330,-2.947634696960449
331,-2.6136727333068848
332,-2.7389328479766846
333,-3.2349376678466797
334,-2.9194719791412354
335,-2.838123083114624
336,-3.0374884605407715
337,-3.2812697887420654
338,-3.420193672180176
339,-3.0433523654937744
340,-2.9649477005004883
341,-3.403856039047241
342,-2.613603115081787
343,-2.325648546218872
344,-2.4408345222473145
345,-3.014643430709839
346,-2.8137624263763428
347,-2.407822370529175
348,-2.3395698070526123
349,-2.4889745712280273
350,-2.906259059906006
351,-3.1957411766052246
352,-2.923424482345581
353,-3.270991325378418
354,-2.9540679454803467
355,-2.6944727897644043
356,-2.7343862056732178
357,-3.072368621826172
358,-3.0466361045837402
359,-2.9203696250915527
360,-3.451681613922119
361,-3.1859285831451416
362,-3.3693180084228516
363,-3.0195796489715576
364,-3.0638275146484375
365,-3.3586976528167725
366,-3.2653493881225586
367,-3.4096267223358154
368,-3.5283589363098145
369,-3.427988290786743
370,-3.485321283340454
371,-3.41603684425354
372,-3.561009168624878
373,-3.497736930847168
374,-3.2365994453430176
375,-3.312532663345337
376,-3.2851037979125977
377,-3.50482439994812
378,-3.0543861389160156
379,-2.946664333343506
380,-3.3354687690734863
381,-2.8867878913879395
382,-2.6539649963378906
383,-2.9729952812194824
384,-3.25736141204834
385,-3.0274384021759033
386,-3.3093366622924805
387,-3.0303592681884766
388,-2.95456600189209
389,-3.5947937965393066
390,-3.203314781188965
391,-3.378216505050659
392,-3.100207805633545
393,-3.165642023086548
394,-3.269573926925659
395,-3.11606502532959
396,-3.5357155799865723
397,-2.803483247756958
398,-2.615492820739746
399,-2.880392074584961
400,-3.375275135040283
401,-3.1601600646972656
402,-3.363743543624878
403,-3.017852306365967
404,-3.0209977626800537
405,-3.522247076034546
406,-3.416297435760498
407,-3.4206137657165527
408,-3.5526890754699707
409,-3.5891366004943848
410,-3.402674913406372
411,-3.309898853302002
412,-3.3559682369232178
413,-3.38224720954895
414,-3.5905771255493164
415,-3.504106283187866
416,-3.4466798305511475
417,-3.5266308784484863
418,-3.606586217880249
419,-3.547304391860962
420,-3.3522214889526367
421,-3.5083651542663574
422,-3.068971872329712
423,-3.1869475841522217
424,-3.2483019828796387
425,-3.0884439945220947
426,-3.447715997695923
427,-2.919208526611328
428,-2.7191684246063232
429,-3.0910115242004395
430,-3.1536266803741455
431,-2.8622350692749023
432,-3.026607036590576
433,-3.566986560821533
434,-3.052696704864502
435,-3.255688190460205
436,-3.1751697063446045
437,-2.940119743347168
438,-3.155761241912842
439,-3.4570016860961914
440,-3.543071746826172
441,-3.2103116512298584
442,-3.187100410461426
443,-3.6176960468292236
444,-3.1260857582092285
445,-3.4364099502563477
446,-3.017498016357422
447,-2.7536864280700684
448,-2.88154935836792
449,-3.4564902782440186
450,-2.7313029766082764
451,-2.372483253479004
452,-2.364131450653076
453,-2.6028451919555664
454,-3.193399429321289
455,-2.8735499382019043
456,-2.524751663208008
457,-2.3915936946868896
458,-2.402691602706909
459,-2.549515724182129
460,-2.876926898956299
461,-3.3856332302093506
462,-2.8520727157592773
463,-2.81315016746521
464,-3.188861846923828
465,-3.070894956588745
466,-2.7941203117370605
467,-2.7832348346710205
468,-3.03987717628479
469,-3.5736806392669678
470,-3.074056386947632
471,-3.4544360637664795
472,-3.0112664699554443
473,-2.731687545776367
474,-2.7941577434539795
475,-3.195688247680664
476,-3.1281723976135254
477,-2.8782975673675537
478,-3.183420181274414
479,-3.2370364665985107
480,-2.989388942718506
481,-3.1882994174957275
482,-3.505558967590332
483,-3.495999574661255
484,-3.2591323852539062
485,-3.1911203861236572
486,-3.565178155899048
487,-2.923452854156494
488,-2.813640594482422
489,-3.245418071746826
490,-3.087289571762085
491,-2.737518072128296
492,-2.7157695293426514
493,-2.9714784622192383
494,-3.575187921524048
495,-2.9100351333618164
496,-2.796175718307495
497,-3.1986377239227295
498,-3.1642534732818604
499,-2.8345048427581787
500,-2.8608510494232178
501,-3.220932960510254
502,-3.2488553524017334
503,-3.1197152137756348
504,-3.606158494949341
505,-3.4149107933044434
506,-3.623276710510254
507,-3.374217987060547
508,-3.5730466842651367
509,-3.5740365982055664
510,-3.4280998706817627
511,-3.5967764854431152
512,-3.5965194702148438
513,-3.4683940410614014
514,-3.543558120727539
515,-3.6122031211853027
516,-3.396979808807373
517,-3.577624797821045
518,-3.599384307861328
519,-3.421271562576294
520,-3.5926759243011475
521,-3.602510452270508
522,-3.4602086544036865
523,-3.5642433166503906
524,-3.6178436279296875
525,-3.43660044670105
526,-3.55961275100708
527,-3.6102216243743896
528,-3.4023077487945557
529,-3.596161365509033
530,-3.600001096725464
531,-3.4513192176818848
532,-3.5841660499572754
533,-3.6185994148254395
534,-3.4640932083129883
535,-3.5528972148895264
536,-3.616215467453003
537,-3.396357536315918
538,-3.610145092010498
539,-3.5968685150146484
540,-3.4615256786346436
541,-3.5792155265808105
542,-3.6262149810791016
543,-3.4543981552124023
544,-3.556084394454956
545,-3.622422456741333
546,-3.4086103439331055
547,-3.5982775688171387
548,-3.6079180240631104
549,-3.4496684074401855
550,-3.5869648456573486
551,-3.6302194595336914
552,-3.467417001724243
553,-3.5370118618011475
554,-3.6080760955810547
555,-3.3603475093841553
556,-3.631398916244507
557,-3.477065324783325
558,-3.6398210525512695
559,-3.5902462005615234
560,-3.460033655166626
561,-3.604567289352417
562,-3.24533748626709
563,-3.5036933422088623
564,-3.134714365005493
565,-2.96826434135437
566,-3.219133138656616
567,-3.455514669418335
568,-3.4575841426849365
569,-3.2891011238098145
570,-3.1933674812316895
571,-3.5778441429138184
572,-2.949070930480957
573,-2.7941057682037354
574,-3.1616709232330322
575,-3.275087356567383
576,-2.992934465408325
577,-3.150538682937622
578,-3.598109722137451
579,-3.3000590801239014
580,-3.6378743648529053
581,-3.5169432163238525
582,-3.5832316875457764
583,-3.62337327003479
584,-3.6486825942993164
585,-3.645395278930664
586,-3.6326324939727783
587,-3.6159870624542236
588,-3.5749669075012207
589,-3.635136127471924
590,-3.650095224380493
591,-3.6153485774993896
592,-3.594698905944824
593,-3.5765182971954346
594,-3.6569929122924805
595,-3.6288318634033203
596,-3.5175986289978027
597,-3.664137840270996
598,-3.5210704803466797
599,-3.475656509399414
600,-3.567394495010376
601,-3.300445556640625
602,-3.5209574699401855
603,-3.16780424118042
604,-3.013350248336792
605,-3.318624258041382
606,-3.2835536003112793
607,-3.2868587970733643
608,-3.3934531211853027
609,-3.257235527038574
610,-3.6278226375579834
611,-3.030586004257202
612,-2.9789977073669434
613,-3.5568578243255615
614,-2.950746536254883
615,-2.638641834259033
616,-2.6239752769470215
617,-2.851518154144287
618,-3.450934648513794
619,-2.7795913219451904
620,-2.3910961151123047
621,-2.3601083755493164
622,-2.5371625423431396
623,-2.953812599182129
624,-3.0498194694519043
625,-2.8407740592956543
626,-2.7948806285858154
627,-2.8872087001800537
628,-3.1489710807800293
629,-3.0229856967926025
630,-3.0651116371154785
631,-3.435575246810913
632,-3.076117753982544
633,-2.885096788406372
634,-2.9770872592926025
635,-3.3998117446899414
636,-2.9812371730804443
637,-2.7371318340301514
638,-3.059537410736084
639,-3.203874111175537
640,-2.9207446575164795
641,-2.9890198707580566
642,-3.4127602577209473
643,-2.99349308013916
644,-2.709322452545166
645,-2.760378360748291
646,-3.1276450157165527
647,-3.2122552394866943
648,-2.9618802070617676
649,-3.0207509994506836
650,-3.450469732284546
651,-2.981025218963623
652,-2.693143367767334
653,-2.8514368534088135
654,-3.5874080657958984
655,-3.017127752304077
656,-2.774513006210327
657,-2.8274118900299072
658,-3.1465439796447754
659,-3.4157660007476807
660,-3.2058260440826416
661,-3.6164042949676514
662,-3.277536630630493
663,-3.2714998722076416
664,-3.605829954147339
665,-3.112419366836548
666,-3.287003517150879
667,-3.3713302612304688
668,-3.1821556091308594
669,-3.4566149711608887
670,-3.193477153778076
671,-3.081943988800049
672,-3.571084499359131
673,-3.076185703277588
674,-2.8358945846557617
675,-2.943188190460205
676,-3.401916742324829
677,-3.017397880554199
678,-2.759472131729126
679,-2.960437774658203
680,-3.607922077178955
681,-3.18485164642334
682,-3.1372017860412598
683,-3.4842541217803955
684,-3.0853660106658936
685,-2.9014766216278076
686,-3.2576892375946045
687,-3.2964789867401123
688,-3.0223259925842285
689,-3.1408259868621826
690,-3.633883476257324
691,-2.995663642883301
692,-2.8690998554229736
693,-3.3008534908294678
694,-3.1735124588012695
695,-2.8116300106048584
696,-2.7941410541534424
697,-3.060858964920044
698,-3.6569762229919434
699,-2.9644126892089844
700,-2.8361663818359375
701,-3.157965898513794
702,-3.419198513031006
703,-3.1661648750305176
704,-3.333332061767578
705,-3.5109517574310303
706,-3.492704153060913
707,-3.4264779090881348
708,-3.3941586017608643
709,-3.6534509658813477
710,-3.4580252170562744
711,-3.564502239227295
712,-3.585331916809082
713,-3.4846742153167725
714,-3.652773380279541
715,-3.5732178688049316
716,-3.6436221599578857
717,-3.652541160583496
718,-3.605886936187744
719,-3.653956174850464
720,-3.6671125888824463
721,-3.648210287094116
722,-3.639828681945801
723,-3.63834810256958
724,-3.6665945053100586
725,-3.6728720664978027
726,-3.6589434146881104
727,-3.652989625930786
728,-3.6579599380493164
729,-3.6762828826904297
730,-3.6786046028137207
731,-3.668454885482788
732,-3.659553289413452
733,-3.6472582817077637
734,-3.6725776195526123
735,-3.6845171451568604
736,-3.6865928173065186
737,-3.6813113689422607
738,-3.67008638381958
739,-3.6645424365997314
740,-3.653163194656372
741,-3.675583600997925
742,-3.6850905418395996
743,-3.690150260925293
744,-3.6915905475616455
745,-3.69222354888916
746,-3.6888179779052734
747,-3.6833975315093994
748,-3.6675190925598145
749,-3.6683809757232666
750,-3.656951904296875
751,-3.6784932613372803
752,-3.6825671195983887
753,-3.6881203651428223
754,-3.681673288345337
755,-3.6768481731414795
756,-3.653089761734009
757,-3.67330265045166
758,-3.672853469848633
759,-3.685549259185791
760,-3.6792638301849365
761,-3.678743362426758
762,-3.6556167602539062
763,-3.6753792762756348
764,-3.6715030670166016
765,-3.686645984649658
766,-3.678635358810425
767,-3.6781582832336426
768,-3.6535298824310303
769,-3.6784164905548096
770,-3.6766302585601807
771,-3.6894466876983643
772,-3.6750311851501465
773,-3.671889543533325
774,-3.643420457839966
775,-3.6900153160095215
776,-3.700462818145752
777,-3.701603412628174
778,-3.671861410140991
779,-3.6525135040283203
780,-3.6190497875213623
781,-3.7125821113586426
782,-3.72135591506958
783,-3.656301498413086
784,-3.602445363998413
785,-3.617210865020752
786,-3.723987579345703
787,-3.6453094482421875
788,-3.4806690216064453
789,-3.6865878105163574
790,-3.219576120376587
791,-3.4867663383483887
792,-3.129901885986328
793,-2.889467477798462
794,-3.0981805324554443
795,-3.691622734069824
796,-2.986706256866455
797,-3.0259499549865723
798,-3.62395977973938
799,-3.1936452388763428
800,-3.170924186706543
801,-3.4744091033935547
802,-3.0722246170043945
803,-3.128200054168701
804,-3.551548480987549
805,-3.348301649093628
806,-3.6319549083709717
807,-3.1757447719573975
808,-3.321295738220215
809,-3.327376127243042
810,-3.133002281188965
811,-3.3930063247680664
812,-3.260791063308716
813,-3.134216785430908
814,-3.672245979309082
815,-3.1245784759521484
816,-2.966473340988159
817,-3.232790231704712
818,-3.5621821880340576
819,-3.4658308029174805
820,-3.444842576980591
821,-3.3923909664154053
822,-3.689060688018799
823,-3.541351318359375
824,-3.5479965209960938
825,-3.6148080825805664
826,-3.415238618850708
827,-3.6539080142974854
828,-3.2925586700439453
829,-3.235440969467163
830,-3.649744749069214
831,-3.0182418823242188
832,-2.8785924911499023
833,-3.273895502090454
834,-3.2713675498962402
835,-2.975904941558838
836,-3.0820438861846924
837,-3.6181132793426514
838,-2.9289162158966064
839,-2.6777727603912354
840,-2.8367083072662354
841,-3.43435001373291
842,-2.955101251602173
843,-2.5843052864074707
844,-2.4493465423583984
845,-2.4519731998443604
846,-2.5815157890319824
847,-2.8882055282592773
848,-3.534738779067993
849,-2.728029727935791
850,-2.341024160385132
851,-2.2724971771240234
852,-2.346919059753418
853,-2.5395312309265137
854,-2.874248504638672
855,-2.8912315368652344
856,-2.75656795501709
857,-2.7522499561309814
858,-2.824772357940674
859,-3.001110076904297
860,-3.2899184226989746
861,-2.863903045654297
862,-2.8163745403289795
863,-3.1322221755981445
864,-3.500546932220459
865,-3.263505697250366
866,-3.4355993270874023
867,-3.3529884815216064
868,-3.4908180236816406
869,-3.2315030097961426
870,-3.0626487731933594
871,-3.2734873294830322
872,-3.5241079330444336
873,-3.4482345581054688
874,-3.5042150020599365
875,-3.482421636581421
876,-3.5554122924804688
877,-3.6468892097473145
878,-3.4843127727508545
879,-3.578357696533203
880,-3.367295980453491
881,-3.596545457839966
882,-3.2907752990722656
883,-3.2025811672210693
884,-3.5762665271759033
885,-3.0947396755218506
886,-2.919222354888916
887,-3.210697889328003
888,-3.4612884521484375
889,-3.248833417892456
890,-3.546705484390259
891,-3.221238851547241
892,-3.1247236728668213
893,-3.660892963409424
894,-3.1902670860290527
895,-3.0250909328460693
896,-3.232355833053589
897,-3.668959379196167
898,-3.2791833877563477
899,-3.6460413932800293
900,-3.26224422454834
901,-3.1385772228240967
902,-3.4169836044311523
903,-3.374579429626465
904,-3.294872760772705
905,-3.6505179405212402
906,-3.5154151916503906
907,-3.704648494720459
908,-3.555020809173584
909,-3.6028523445129395
910,-3.6687002182006836
911,-3.4854304790496826
912,-3.700045108795166
913,-3.558776617050171
914,-3.7071244716644287
915,-3.5394046306610107
916,-3.6645121574401855
917,-3.669032573699951
918,-3.5859522819519043
919,-3.6888296604156494
920,-3.682638168334961
921,-3.6226518154144287
922,-3.668968915939331
923,-3.711611747741699
924,-3.615619421005249
925,-3.6466729640960693
926,-3.7072031497955322
927,-3.5610692501068115
928,-3.686701774597168
929,-3.6964974403381348
930,-3.58500599861145
931,-3.6917591094970703
932,-3.713346004486084
933,-3.612534284591675
934,-3.6620113849639893
935,-3.7164292335510254
936,-3.5774717330932617
937,-3.6754796504974365
938,-3.714721918106079
939,-3.578669786453247
940,-3.6840617656707764
941,-3.713740825653076
942,-3.583695650100708
943,-3.686352252960205
944,-3.723731756210327
945,-3.598210573196411
946,-3.672889471054077
947,-3.7258853912353516
948,-3.5854785442352295
949,-3.6768250465393066
950,-3.727463483810425
951,-3.5798590183258057
952,-3.6820173263549805
953,-3.723754644393921
954,-3.577418565750122
955,-3.69248104095459
956,-3.727849006652832
957,-3.5936553478240967
958,-3.6823954582214355
959,-3.7312803268432617
960,-3.5892255306243896
961,-3.680856943130493
962,-3.7348923683166504
963,-3.5906641483306885
964,-3.6789979934692383
965,-3.7320239543914795
966,-3.57690691947937
967,-3.693502187728882
968,-3.734358787536621
969,-3.5948874950408936
970,-3.68294095993042
971,-3.7353358268737793
972,-3.5833332538604736
973,-3.6894750595092773
974,-3.7399916648864746
975,-3.6009156703948975
976,-3.6748921871185303
977,-3.7373082637786865
978,-3.570934772491455
979,-3.697814464569092
980,-3.7395005226135254
981,-3.6018621921539307
982,-3.6787359714508057
983,-3.738706111907959
984,-3.5743794441223145
985,-3.6945133209228516
986,-3.744842767715454
987,-3.6129276752471924
988,-3.6655046939849854
989,-3.739029884338379
990,-3.553758144378662
991,-3.707111358642578
992,-3.740128517150879
993,-3.6123650074005127
994,-3.673135757446289
995,-3.7401645183563232
996,-3.5676727294921875
997,-3.688236713409424
998,-3.7515218257904053
999,-3.6367027759552
1000,-3.6444454193115234
1001,-3.7391061782836914
1002,-3.5361146926879883
1003,-3.693171501159668
1004,-3.7379980087280273
1005,-3.6165828704833984
1006,-3.6549723148345947
1007,-3.7338948249816895
1008,-3.5710887908935547
1009,-3.639653444290161
1010,-3.757516622543335
1011,-3.6661245822906494
1012,-3.6184630393981934
1013,-3.735039234161377
1014,-3.5810647010803223
1015,-3.5898680686950684
1016,-3.750173807144165
1017,-3.623746871948242
1018,-3.5801477432250977
1019,-3.6647088527679443
1020,-3.538409948348999
1021,-3.675952911376953
1022,-3.6856627464294434
1023,-3.618213176727295
1024,-3.630218267440796
1025,-3.6672871112823486
1026,-3.609034538269043
1027,-3.6636526584625244
1028,-3.7287964820861816
1029,-3.6475846767425537
1030,-3.6107146739959717
1031,-3.689255475997925
1032,-3.484483242034912
1033,-3.760855197906494
1034,-3.5538406372070312
1035,-3.747608184814453
1036,-3.7162415981292725
1037,-3.5899875164031982
1038,-3.7290139198303223
1039,-3.452739953994751
1040,-3.756699562072754
1041,-3.480175733566284
1042,-3.736147165298462
1043,-3.3115041255950928
1044,-3.540928840637207
1045,-3.272315263748169
1046,-3.0818030834198
1047,-3.370129346847534
1048,-3.4716379642486572
1049,-3.4441120624542236
1050,-3.5149919986724854
1051,-3.437657117843628
1052,-3.7376365661621094
1053,-3.508389472961426
1054,-3.7062113285064697
1055,-3.7079434394836426
1056,-3.5536909103393555
1057,-3.7603514194488525
1058,-3.6373770236968994
1059,-3.712632179260254
1060,-3.759519577026367
1061,-3.714963436126709
1062,-3.70015025138855
1063,-3.73861026763916
1064,-3.765517234802246
1065,-3.743858575820923
1066,-3.7055046558380127
1067,-3.7570066452026367
1068,-3.763554096221924
1069,-3.7289183139801025
1070,-3.729297161102295
1071,-3.744962215423584
1072,-3.7675106525421143
1073,-3.7694852352142334
1074,-3.752471923828125
1075,-3.7322142124176025
1076,-3.722170114517212
1077,-3.7556419372558594
1078,-3.7710514068603516
1079,-3.7737324237823486
1080,-3.7635927200317383
1081,-3.7419657707214355
1082,-3.7367398738861084
1083,-3.736315965652466
1084,-3.766940116882324
1085,-3.776759147644043
1086,-3.768045663833618
1087,-3.7476117610931396
1088,-3.7169458866119385
1089,-3.7484333515167236
1090,-3.7697958946228027
1091,-3.7789688110351562
1092,-3.7759056091308594
1093,-3.7683157920837402
1094,-3.7515368461608887
1095,-3.7265090942382812
1096,-3.757253408432007
1097,-3.773386240005493
1098,-3.778903007507324
1099,-3.7820684909820557
1100,-3.7826642990112305
1101,-3.781694173812866
1102,-3.7807364463806152
1103,-3.77494478225708
1104,-3.757972478866577
1105,-3.7374367713928223
1106,-3.715240478515625
1107,-3.7623209953308105
1108,-3.782033681869507
1109,-3.7856433391571045
1110,-3.7835397720336914
1111,-3.773437738418579
1112,-3.7507190704345703
1113,-3.715897798538208
1114,-3.75449538230896
1115,-3.771519899368286
1116,-3.7798397541046143
1117,-3.77960205078125
1118,-3.773890972137451
1119,-3.7543935775756836
1120,-3.7406868934631348
1121,-3.7220640182495117
1122,-3.7558465003967285
1123,-3.7687947750091553
1124,-3.778777599334717
1125,-3.7764718532562256
1126,-3.766988515853882
1127,-3.7373130321502686
1128,-3.7354981899261475
1129,-3.734369993209839
1130,-3.7686715126037598
1131,-3.7771944999694824
1132,-3.777299404144287
1133,-3.7616589069366455
1134,-3.745922327041626
1135,-3.718740463256836
1136,-3.7530832290649414
1137,-3.7653937339782715
1138,-3.773906946182251
1139,-3.7643439769744873
1140,-3.7527413368225098
1141,-3.7237417697906494
1142,-3.7519092559814453
1143,-3.761847496032715
1144,-3.771685838699341
1145,-3.7611560821533203
1146,-3.7480602264404297
1147,-3.720456600189209
1148,-3.7624316215515137
1149,-3.776860237121582
1150,-3.7795193195343018
1151,-3.7623608112335205
1152,-3.738105297088623
1153,-3.706902265548706
1154,-3.7723498344421387
1155,-3.7941434383392334
1156,-3.7990033626556396
1157,-3.8002569675445557
1158,-3.796821355819702
1159,-3.781801700592041
1160,-3.7482030391693115
1161,-3.6821279525756836
1162,-3.7543272972106934
1163,-3.779738426208496
1164,-3.7961344718933105
1165,-3.794367790222168
1166,-3.7812561988830566
1167,-3.727834463119507
1168,-3.71273136138916
1169,-3.721902370452881
1170,-3.784269332885742
1171,-3.7995433807373047
1172,-3.8046164512634277
1173,-3.804544448852539
1174,-3.7992846965789795
1175,-3.7753844261169434
1176,-3.7138867378234863
1177,-3.6660187244415283
1178,-3.792038917541504
1179,-3.7923130989074707
1180,-3.6905808448791504
1181,-3.717385768890381
1182,-3.747870922088623
1183,-3.788604259490967
1184,-3.799102306365967
1185,-3.7932827472686768
1186,-3.757084369659424
1187,-3.7132272720336914
1188,-3.692115068435669
1189,-3.7992565631866455
1190,-3.8028042316436768
1191,-3.7050397396087646
1192,-3.6680567264556885
1193,-3.7320096492767334
1194,-3.811485528945923
1195,-3.7719309329986572
1196,-3.626668930053711
1197,-3.770979166030884
1198,-3.7930729389190674
1199,-3.7809882164001465
1200,-3.6946964263916016
1201,-3.659393548965454
1202,-3.7708232402801514
1203,-3.779144287109375
1204,-3.8104186058044434
1205,-3.758997678756714
1206,-3.686392068862915
1207,-3.6848208904266357
1208,-3.678889274597168
1209,-3.8011889457702637
1210,-3.6555519104003906
1211,-3.5164592266082764
1212,-3.812452554702759
1213,-3.4984118938446045
1214,-3.6615066528320312
1215,-3.7519946098327637
1216,-3.3815042972564697
1217,-3.6600217819213867
1218,-3.1931796073913574
1219,-3.0626888275146484
1220,-3.443838357925415
1221,-3.20267915725708
1222,-3.2075157165527344
1223,-3.654625177383423
1224,-3.5630383491516113
1225,-3.6635427474975586
1226,-3.6563560962677
1227,-3.714756965637207
1228,-3.709491729736328
1229,-3.618509531021118
1230,-3.747091770172119
1231,-3.7171459197998047
1232,-3.7202279567718506
1233,-3.775266170501709
1234,-3.690410614013672
1235,-3.7177276611328125
1236,-3.791651487350464
1237,-3.7977254390716553
1238,-3.7569217681884766
1239,-3.743398904800415
1240,-3.7970399856567383
1241,-3.7916877269744873
1242,-3.798330783843994
1243,-3.785808563232422
1244,-3.7427690029144287
1245,-3.786726951599121
1246,-3.812337875366211
1247,-3.7994916439056396
1248,-3.7703733444213867
1249,-3.71437406539917
1250,-3.776339292526245
1251,-3.8015711307525635
1252,-3.81207275390625
1253,-3.7801382541656494
1254,-3.710365056991577
1255,-3.747340440750122
1256,-3.758702278137207
1257,-3.8047726154327393
1258,-3.8123481273651123
1259,-3.743758201599121
1260,-3.6987884044647217
1261,-3.7387313842773438
1262,-3.8091819286346436
1263,-3.7808547019958496
1264,-3.6627004146575928
1265,-3.8017239570617676
1266,-3.8127195835113525
1267,-3.7300405502319336
1268,-3.7565665245056152
1269,-3.7867391109466553
1270,-3.816596269607544
1271,-3.820941925048828
1272,-3.822979211807251
1273,-3.8195157051086426
1274,-3.8010947704315186
1275,-3.7739076614379883
1276,-3.7316458225250244
1277,-3.7836499214172363
1278,-3.804924726486206
1279,-3.813361644744873
1280,-3.807209014892578
1281,-3.789647340774536
1282,-3.744828939437866
1283,-3.770665168762207
1284,-3.7825186252593994
1285,-3.808579921722412
1286,-3.812253475189209
1287,-3.805388927459717
1288,-3.7735276222229004
1289,-3.756152629852295
1290,-3.7503554821014404
1291,-3.806777000427246
1292,-3.8237366676330566
1293,-3.82707142829895
1294,-3.826239585876465
1295,-3.815500497817993
1296,-3.7764973640441895
1297,-3.7543206214904785
1298,-3.7389872074127197
1299,-3.803518295288086
1300,-3.8206632137298584
1301,-3.825293779373169
1302,-3.816298484802246
1303,-3.7883927822113037
1304,-3.7220940589904785
1305,-3.772123098373413
1306,-3.7952327728271484
1307,-3.8173646926879883
1308,-3.814314126968384
1309,-3.7984871864318848
1310,-3.7457900047302246
1311,-3.7694807052612305
1312,-3.7804172039031982
1313,-3.8059704303741455
1314,-3.7982826232910156
1315,-3.7826430797576904
1316,-3.739441394805908
1317,-3.7963624000549316
1318,-3.81528377532959
1319,-3.8177804946899414
1320,-3.791024923324585
1321,-3.752154588699341
1322,-3.71523118019104
1323,-3.8245437145233154
1324,-3.841444492340088
1325,-3.800950050354004
1326,-3.7091686725616455
1327,-3.671180486679077
1328,-3.839062213897705
1329,-3.7186405658721924
1330,-3.5495262145996094
1331,-3.7754557132720947
1332,-3.4250757694244385
1333,-3.7706406116485596
1334,-3.6633880138397217
1335,-3.56138277053833
1336,-3.803833246231079
1337,-3.6839759349823
1338,-3.629551410675049
1339,-3.7908291816711426
1340,-3.6962969303131104
1341,-3.544456958770752
1342,-3.7629995346069336
1343,-3.438990592956543
1344,-3.6757450103759766
1345,-3.2283759117126465
1346,-3.2889912128448486
1347,-3.6421382427215576
1348,-3.66569447517395
1349,-3.4432997703552246
1350,-3.7190332412719727
1351,-3.43507719039917
1352,-3.568455457687378
1353,-3.309762954711914
1354,-3.2549386024475098
1355,-3.801543712615967
1356,-3.4722697734832764
1357,-3.7889623641967773
1358,-3.3326504230499268
1359,-3.4891536235809326
1360,-3.449740409851074
1361,-3.401115894317627
1362,-3.7777016162872314
1363,-3.4923553466796875
1364,-3.77260160446167
1365,-3.7404818534851074
1366,-3.5398108959198
1367,-3.8108463287353516
1368,-3.462700128555298
1369,-3.6033577919006348
1370,-3.463235855102539
1371,-3.6173667907714844
1372,-3.3437294960021973
1373,-3.2583680152893066
1374,-3.6767735481262207
1375,-3.1079492568969727
1376,-3.048593282699585
1377,-3.5625369548797607
1378,-3.030653715133667
1379,-2.7373008728027344
1380,-2.721625804901123
1381,-2.9074864387512207
1382,-3.3446593284606934
1383,-3.1696090698242188
1384,-3.0828614234924316
1385,-3.3273630142211914
1386,-3.0342633724212646
1387,-2.8837428092956543
1388,-3.093461751937866
1389,-3.668215274810791
1390,-2.887843132019043
1391,-2.8787922859191895
1392,-3.3670156002044678
1393,-3.2876479625701904
1394,-2.982487678527832
1395,-3.0694169998168945
1396,-3.576902389526367
1397,-3.16623854637146
1398,-2.842123508453369
1399,-3.1182093620300293
1400,-3.635098457336426
1401,-3.3771891593933105
1402,-3.5396225452423096
1403,-3.3536479473114014
1404,-3.248913049697876
1405,-3.685685157775879
1406,-3.230773448944092
1407,-3.0116069316864014
1408,-3.1578567028045654
1409,-3.668567419052124
1410,-3.0158228874206543
1411,-2.7810113430023193
1412,-2.92368745803833
1413,-3.449493885040283
1414,-3.1384782791137695
1415,-2.792130708694458
1416,-2.7029900550842285
1417,-2.7818856239318848
1418,-3.068059206008911
1419,-3.7306771278381348
1420,-2.9683384895324707
1421,-2.655045509338379
1422,-2.670027494430542
1423,-2.950709819793701
1424,-3.634594678878784
1425,-2.9899749755859375
1426,-2.630464792251587
1427,-2.482174873352051
1428,-2.4513821601867676
1429,-2.5188469886779785
1430,-2.7017459869384766
1431,-3.0803823471069336
1432,-3.748370409011841
1433,-3.1002659797668457
1434,-2.9937236309051514
1435,-3.301456928253174
1436,-3.570765256881714
1437,-3.359349012374878
1438,-3.612255096435547
1439,-3.4139530658721924
1440,-3.3518898487091064
1441,-3.74238657951355
1442,-3.571209669113159
1443,-3.7657175064086914
1444,-3.4544100761413574
1445,-3.582716703414917
1446,-3.514977216720581
1447,-3.4481654167175293
1448,-3.7690908908843994
1449,-3.3281450271606445
1450,-3.4200620651245117
1451,-3.672677993774414
1452,-3.5205509662628174
1453,-3.7965567111968994
1454,-3.477050304412842
1455,-3.6781747341156006
1456,-3.4617838859558105
1457,-3.35754656791687
1458,-3.6824259757995605
1459,-3.327968120574951
1460,-3.2723286151885986
1461,-3.8032338619232178
1462,-3.3146238327026367
1463,-3.208585262298584
1464,-3.5344247817993164
1465,-3.4802541732788086
1466,-3.365582227706909
1467,-3.8000476360321045
1468,-3.5814452171325684
1469,-3.7775795459747314
1470,-3.4542737007141113
1471,-3.557192325592041
1472,-3.6089096069335938
1473,-3.536576986312866
1474,-3.808284282684326
1475,-3.580251932144165
1476,-3.821505308151245
1477,-3.7129030227661133
1478,-3.7958545684814453
1479,-3.8166451454162598
1480,-3.7498035430908203
1481,-3.8328893184661865
1482,-3.7374155521392822
1483,-3.779231309890747
1484,-3.821105480194092
1485,-3.7042832374572754
1486,-3.830930471420288
1487,-3.7972607612609863
1488,-3.7719740867614746
1489,-3.834963321685791
1490,-3.8220300674438477
1491,-3.7985689640045166
1492,-3.828953981399536
1493,-3.84735369682312
1494,-3.8209128379821777
1495,-3.8084700107574463
1496,-3.849146842956543
1497,-3.8276500701904297
1498,-3.794213056564331
1499,-3.8492047786712646
1500,-3.840810537338257
1501,-3.7985358238220215
1502,-3.841135025024414
1503,-3.8551554679870605
1504,-3.830463409423828
1505,-3.8289806842803955
1506,-3.8469574451446533
1507,-3.860076904296875
1508,-3.851928234100342
1509,-3.8371353149414062
1510,-3.846383810043335
1511,-3.8583762645721436
1512,-3.8630545139312744
1513,-3.8591761589050293
1514,-3.8514647483825684
1515,-3.8519389629364014
1516,-3.8570303916931152
1517,-3.8641700744628906
1518,-3.867243766784668
1519,-3.8668410778045654
1520,-3.8641796112060547
1521,-3.860361337661743
1522,-3.859977960586548
1523,-3.8607177734375
1524,-3.8645880222320557
1525,-3.8676934242248535
1526,-3.870565414428711
1527,-3.872375011444092
1528,-3.873797655105591
1529,-3.874866247177124
1530,-3.8756818771362305
1531,-3.876457452774048
1532,-3.877183437347412
1533,-3.8778207302093506
1534,-3.878413200378418
1535,-3.878838539123535
1536,-3.878851890563965
1537,-3.8780298233032227
1538,-3.8748395442962646
1539,-3.8680458068847656
1540,-3.8525593280792236
1541,-3.843329906463623
1542,-3.833137035369873
1543,-3.8544623851776123
1544,-3.864448070526123
1545,-3.8721985816955566
1546,-3.870995044708252
1547,-3.8658242225646973
1548,-3.8483564853668213
1549,-3.84051775932312
1550,-3.829448699951172
1551,-3.856170415878296
1552,-3.8657047748565674
1553,-3.8717260360717773
1554,-3.863468647003174
1555,-3.8512117862701416
1556,-3.8249173164367676
1557,-3.8433079719543457
1558,-3.850001096725464
1559,-3.867518186569214
1560,-3.865773916244507
1561,-3.859442949295044
1562,-3.8356752395629883
1563,-3.8401689529418945
1564,-3.836817502975464
1565,-3.8658559322357178
1566,-3.8711094856262207
1567,-3.8704681396484375
1568,-3.849299669265747
1569,-3.8376104831695557
1570,-3.8232672214508057
1571,-3.86336612701416
1572,-3.874809741973877
1573,-3.8789374828338623
1574,-3.861293315887451
1575,-3.840872049331665
1576,-3.815164089202881
1577,-3.859499931335449
1578,-3.8740487098693848
1579,-3.881760597229004
1580,-3.8666305541992188
1581,-3.844644784927368
1582,-3.813570261001587
1583,-3.8578615188598633
1584,-3.872016429901123
1585,-3.8840227127075195
1586,-3.8716235160827637
1587,-3.8500540256500244
1588,-3.818336248397827
1589,-3.8541688919067383
1590,-3.865588426589966
1591,-3.883991241455078
1592,-3.8772032260894775
1593,-3.8604419231414795
1594,-3.826406955718994
1595,-3.8481647968292236
1596,-3.8557605743408203
1597,-3.883399486541748
1598,-3.882441759109497
1599,-3.870434284210205
1600,-3.836554527282715
1601,-3.846376895904541
1602,-3.8469693660736084
1603,-3.883946418762207
1604,-3.8896381855010986
1605,-3.881753444671631
1606,-3.8487894535064697
1607,-3.8399927616119385
1608,-3.8318138122558594
1609,-3.8866071701049805
1610,-3.9015285968780518
1611,-3.9002578258514404
1612,-3.876677989959717
1613,-3.8400685787200928
1614,-3.805215358734131
1615,-3.887976884841919
1616,-3.912940502166748
1617,-3.9183528423309326
1618,-3.916348457336426
1619,-3.9028677940368652
1620,-3.852036714553833
1621,-3.8184080123901367
1622,-3.8159573078155518
1623,-3.8931610584259033
1624,-3.914511203765869
1625,-3.9169225692749023
1626,-3.9049079418182373
1627,-3.8659603595733643
1628,-3.792224884033203
1629,-3.8669838905334473
1630,-3.8943915367126465
1631,-3.9013359546661377
1632,-3.877960205078125
1633,-3.8464107513427734
1634,-3.805875301361084
1635,-3.888578414916992
1636,-3.9125936031341553
1637,-3.9163894653320312
1638,-3.8945953845977783
1639,-3.8441991806030273
1640,-3.789257287979126
1641,-3.8910937309265137
1642,-3.9206624031066895
1643,-3.9294514656066895
1644,-3.9247453212738037
1645,-3.9096591472625732
1646,-3.8523173332214355
1647,-3.8115756511688232
1648,-3.804919958114624
1649,-3.9088146686553955
1650,-3.932187080383301
1651,-3.9349851608276367
1652,-3.9332964420318604
1653,-3.91019606590271
1654,-3.851421356201172
1655,-3.7589662075042725
1656,-3.901726245880127
1657,-3.9369864463806152
1658,-3.9383130073547363
1659,-3.925931453704834
1660,-3.863605499267578
1661,-3.7949764728546143
1662,-3.785153865814209
1663,-3.9102320671081543
1664,-3.936450958251953
1665,-3.9397940635681152
1666,-3.930277109146118
1667,-3.876948118209839
1668,-3.783991813659668
1669,-3.7899608612060547
1670,-3.9324328899383545
1671,-3.933001756668091
1672,-3.820610761642456
1673,-3.781909942626953
1674,-3.844553232192993
1675,-3.928239583969116
1676,-3.9444122314453125
1677,-3.9443418979644775
1678,-3.9292333126068115
1679,-3.864197015762329
1680,-3.7904059886932373
1681,-3.8027355670928955
1682,-3.9286484718322754
1683,-3.9471206665039062
1684,-3.925752639770508
1685,-3.8394405841827393
1686,-3.7423794269561768
1687,-3.919746160507202
1688,-3.9426677227020264
1689,-3.8856911659240723
1690,-3.771843910217285
1691,-3.8257884979248047
1692,-3.9216277599334717
1693,-3.9396350383758545
1694,-3.9433093070983887
1695,-3.9327778816223145
1696,-3.890117645263672
1697,-3.787576675415039
1698,-3.8893027305603027
1699,-3.904318332672119
1700,-3.9006617069244385
1701,-3.8546526432037354
1702,-3.8218817710876465
1703,-3.7814040184020996
1704,-3.8854916095733643
1705,-3.9245975017547607
1706,-3.9334516525268555
1707,-3.9119181632995605
1708,-3.854430675506592
1709,-3.80014967918396
1710,-3.886847496032715
1711,-3.8985178470611572
1712,-3.8948967456817627
1713,-3.847306489944458
1714,-3.790895462036133
1715,-3.789595127105713
1716,-3.9159581661224365
1717,-3.9337663650512695
1718,-3.788083076477051
1719,-3.8177695274353027
1720,-3.8740127086639404
1721,-3.8738460540771484
1722,-3.930520534515381
1723,-3.9114837646484375
1724,-3.8737289905548096
1725,-3.8250393867492676
1726,-3.8509280681610107
1727,-3.9037110805511475
1728,-3.9089298248291016
1729,-3.9171011447906494
1730,-3.8609564304351807
1731,-3.792482852935791
1732,-3.8299288749694824
1733,-3.890462875366211
1734,-3.9322543144226074
1735,-3.935783863067627
1736,-3.83772611618042
1737,-3.8069722652435303
1738,-3.8235421180725098
1739,-3.781193256378174
1740,-3.948071002960205
1741,-3.9100117683410645
1742,-3.778275489807129
1743,-3.8394289016723633
1744,-3.861876964569092
1745,-3.8800928592681885
1746,-3.892793655395508
1747,-3.9053173065185547
1748,-3.8475327491760254
1749,-3.7821874618530273
1750,-3.919724941253662
1751,-3.954364538192749
1752,-3.916663885116577
1753,-3.8021609783172607
1754,-3.8842031955718994
1755,-3.917605400085449
1756,-3.917193651199341
1757,-3.9245457649230957
1758,-3.8845529556274414
1759,-3.820420026779175
1760,-3.9076175689697266
1761,-3.912802219390869
1762,-3.885016441345215
1763,-3.8743038177490234
1764,-3.8543124198913574
1765,-3.7902119159698486
1766,-3.9462404251098633
1767,-3.877013921737671
1768,-3.61637282371521
1769,-3.933333396911621
1770,-3.518303394317627
1771,-3.742506742477417
1772,-3.9058451652526855
1773,-3.8159680366516113
1774,-3.859467029571533
1775,-3.811781167984009
1776,-3.5979039669036865
1777,-3.9398910999298096
1778,-3.5702133178710938
1779,-3.7873523235321045
1780,-3.425682783126831
1781,-3.683856248855591
1782,-3.015333652496338
1783,-3.082937002182007
1784,-3.643671751022339
1785,-2.791081666946411
1786,-2.8356494903564453
1787,-3.448761224746704
1788,-3.070594310760498
1789,-2.7941014766693115
1790,-2.971359968185425
1791,-3.6276330947875977
1792,-2.9714629650115967
1793,-2.638577699661255
1794,-3.126483201980591
1795,-3.6859846115112305
1796,-3.109548330307007
1797,-3.094581127166748
1798,-3.546739101409912
1799,-3.3735239505767822
1800,-3.1014554500579834
1801,-3.6290860176086426
1802,-3.2711360454559326
1803,-2.9294753074645996
1804,-2.895801305770874
1805,-3.110473394393921
1806,-3.70497727394104
1807,-3.1321675777435303
1808,-3.010190486907959
1809,-3.3492612838745117
1810,-3.3524580001831055
1811,-3.117615222930908
1812,-3.2278435230255127
1813,-3.6924631595611572
1814,-3.1291468143463135
1815,-2.8323962688446045
1816,-2.8736753463745117
1817,-3.2191271781921387
1818,-3.722921848297119
1819,-3.3405251502990723
1820,-3.419586658477783
1821,-3.8195152282714844
1822,-3.548835515975952
1823,-3.8070077896118164
1824,-3.666780948638916
1825,-3.809493064880371
1826,-3.4748408794403076
1827,-3.6518807411193848
1828,-3.584360361099243
1829,-3.4569790363311768
1830,-3.740774393081665
1831,-3.3619277477264404
1832,-3.332165241241455
1833,-3.8255105018615723
1834,-3.325967788696289
1835,-3.1984148025512695
1836,-3.5012331008911133
1837,-3.6115317344665527
1838,-3.448695182800293
1839,-3.87343168258667
1840,-3.580188751220703
1841,-3.671818256378174
1842,-3.7393624782562256
1843,-3.8207173347473145
1844,-3.6489412784576416
1845,-3.689657211303711
1846,-3.7536399364471436
1847,-3.8187077045440674
1848,-3.664100408554077
1849,-3.6951773166656494
1850,-3.785210609436035
1851,-3.8585264682769775
1852,-3.6892409324645996
1853,-3.791116237640381
1854,-3.636641502380371
1855,-3.7558298110961914
1856,-3.597533702850342
1857,-3.556727409362793
1858,-3.909644365310669
1859,-3.5642592906951904
1860,-3.891326427459717
1861,-3.565753221511841
1862,-3.5979959964752197
1863,-3.869378089904785
1864,-3.7538914680480957
1865,-3.7881886959075928
1866,-3.8135483264923096
1867,-3.745676040649414
1868,-3.8993546962738037
1869,-3.683351993560791
1870,-3.832338333129883
1871,-3.593169927597046
1872,-3.720120668411255
1873,-3.613193988800049
1874,-3.5428965091705322
1875,-3.928201913833618
1876,-3.5135152339935303
1877,-3.8057541847229004
1878,-3.4709391593933105
1879,-3.3071508407592773
1880,-3.621795654296875
1881,-3.578822612762451
1882,-3.508009672164917
1883,-3.878060817718506
1884,-3.7161898612976074
1885,-3.9042203426361084
1886,-3.8375229835510254
1887,-3.8262271881103516
1888,-3.90512752532959
1889,-3.745011568069458
1890,-3.930748224258423
1891,-3.8066842555999756
1892,-3.9161934852600098
1893,-3.8973817825317383
1894,-3.834095001220703
1895,-3.9291372299194336
1896,-3.795772075653076
1897,-3.8922691345214844
1898,-3.910187005996704
1899,-3.8129374980926514
1900,-3.93245267868042
1901,-3.880748748779297
1902,-3.8690288066864014
1903,-3.937558889389038
1904,-3.912830114364624
1905,-3.8907241821289062
1906,-3.9298126697540283
1907,-3.9374303817749023
1908,-3.9076716899871826
1909,-3.9107825756073
1910,-3.9433088302612305
1911,-3.9262475967407227
1912,-3.9048666954040527
1913,-3.937793016433716
1914,-3.9443540573120117
1915,-3.9228529930114746
1916,-3.927304983139038
1917,-3.943948268890381
1918,-3.948082447052002
1919,-3.9376466274261475
1920,-3.930286407470703
1921,-3.9433929920196533
1922,-3.952065944671631
1923,-3.9490790367126465
1924,-3.9420599937438965
1925,-3.941225290298462
1926,-3.949171781539917
1927,-3.954558849334717
1928,-3.9545180797576904
1929,-3.9507975578308105
1930,-3.9475998878479004
1931,-3.950204849243164
1932,-3.954300880432129
1933,-3.9574856758117676
1934,-3.958409070968628
1935,-3.95742130279541
1936,-3.9557344913482666
1937,-3.954599142074585
1938,-3.9553208351135254
1939,-3.956690788269043
1940,-3.9588634967803955
1941,-3.9606006145477295
1942,-3.9619247913360596
1943,-3.9627749919891357
1944,-3.9632225036621094
1945,-3.9634201526641846
1946,-3.9633893966674805
1947,-3.963097095489502
1948,-3.9624075889587402
1949,-3.961440324783325
1950,-3.959503650665283
1951,-3.95748233795166
1952,-3.9539060592651367
1953,-3.952314853668213
1954,-3.949575185775757
1955,-3.951148509979248
1956,-3.9515159130096436
1957,-3.9546990394592285
1958,-3.955627679824829
1959,-3.9576361179351807
1960,-3.957275867462158
1961,-3.9574809074401855
1962,-3.9547977447509766
1963,-3.9533798694610596
1964,-3.9487643241882324
1965,-3.948935031890869
1966,-3.9467923641204834
1967,-3.9506404399871826
1968,-3.950974941253662
1969,-3.9544620513916016
1970,-3.9534871578216553
1971,-3.9545938968658447
1972,-3.9511077404022217
1973,-3.9512596130371094
1974,-3.9469497203826904
1975,-3.9492688179016113
1976,-3.9473161697387695
1977,-3.951453924179077
1978,-3.94999098777771
1979,-3.952627182006836
1980,-3.949538230895996
1981,-3.9510529041290283
1982,-3.946242094039917
1983,-3.9487318992614746
1984,-3.945476770401001
1985,-3.950105667114258
1986,-3.947906732559204
1987,-3.951519727706909
1988,-3.9482808113098145
1989,-3.950803279876709
1990,-3.946211099624634
1991,-3.9492671489715576
1992,-3.9454517364501953
1993,-3.9498307704925537
1994,-3.9466519355773926
1995,-3.9507853984832764
1996,-3.9468419551849365
1997,-3.949941873550415
1998,-3.945140838623047
1999,-3.948838233947754
2000,-3.9444704055786133
2001,-3.949209451675415
2002,-3.945535182952881
2003,-3.9502155780792236
2004,-3.945841073989868
2005,-3.9497575759887695
2006,-3.944572687149048
2007,-3.9485161304473877
2008,-3.9430155754089355
2009,-3.9482877254486084
2010,-3.944049119949341
2011,-3.949282646179199
2012,-3.944643497467041
2013,-3.949557065963745
2014,-3.9439966678619385
2015,-3.9487483501434326
2016,-3.9433584213256836
2017,-3.9489593505859375
2018,-3.9433488845825195
2019,-3.948834180831909
2020,-3.943542242050171
2021,-3.9489715099334717
2022,-3.943118095397949
2023,-3.9484355449676514
2024,-3.942702293395996
2025,-3.9487357139587402
2026,-3.943495273590088
2027,-3.9494009017944336
2028,-3.943284511566162
2029,-3.9487478733062744
2030,-3.9424147605895996
2031,-3.9485843181610107
2032,-3.942108392715454
2033,-3.9484810829162598
2034,-3.9427146911621094
2035,-3.9492545127868652
2036,-3.9422240257263184
2037,-3.9480628967285156
2038,-3.9419262409210205
2039,-3.949444532394409
2040,-3.9429001808166504
2041,-3.948951244354248
2042,-3.9424967765808105
2043,-3.949209690093994
2044,-3.9419054985046387
2045,-3.9486165046691895
2046,-3.942124366760254
2047,-3.9491164684295654
2048,-3.941934585571289
2049,-3.948937177658081
2050,-3.941946506500244
2051,-3.949249744415283
2052,-3.942584753036499
2053,-3.949763774871826
2054,-3.9421889781951904
2055,-3.948721170425415
2056,-3.9414191246032715
2057,-3.9493014812469482
2058,-3.9422402381896973
2059,-3.9497857093811035
2060,-3.942725896835327
2061,-3.9497225284576416
2062,-3.9415528774261475
2063,-3.948880195617676
2064,-3.9416961669921875
2065,-3.9500818252563477
2066,-3.943056583404541
2067,-3.9502127170562744
2068,-3.9425904750823975
2069,-3.9500417709350586
2070,-3.9421682357788086
2071,-3.949711799621582
2072,-3.9424781799316406
2073,-3.9508707523345947
2074,-3.942896842956543
2075,-3.950467586517334
2076,-3.942544937133789
2077,-3.9504761695861816
2078,-3.942309617996216
2079,-3.950350046157837
2080,-3.943413257598877
2081,-3.9512596130371094
2082,-3.9431886672973633
2083,-3.9508047103881836
2084,-3.9424333572387695
2085,-3.950728178024292
2086,-3.9431912899017334
2087,-3.9517099857330322
2088,-3.9439597129821777
2089,-3.95088529586792
2090,-3.9412593841552734
2091,-3.9498848915100098
2092,-3.9423112869262695
2093,-3.9519097805023193
2094,-3.9446911811828613
2095,-3.9521965980529785
2096,-3.942706823348999
2097,-3.9509832859039307
2098,-3.9423508644104004
2099,-3.9511499404907227
2100,-3.9430298805236816
2101,-3.9518966674804688
2102,-3.943678855895996
2103,-3.952509641647339
2104,-3.9445078372955322
2105,-3.952272653579712
2106,-3.942641258239746
2107,-3.9507601261138916
2108,-3.9410953521728516
2109,-3.951056957244873
2110,-3.9434404373168945
2111,-3.9537839889526367
2112,-3.945878505706787
2113,-3.9523823261260986
2114,-3.941427230834961
2115,-3.9511051177978516
2116,-3.9417901039123535
2117,-3.9507815837860107
2118,-3.942570686340332
2119,-3.9535317420959473
2120,-3.944770574569702
2121,-3.953169822692871
2122,-3.9444594383239746
2123,-3.9534735679626465
2124,-3.943028450012207
2125,-3.9515342712402344
2126,-3.942375898361206
2127,-3.9530417919158936
2128,-3.944242477416992
2129,-3.9540188312530518
2130,-3.945368766784668
2131,-3.953700304031372
2132,-3.9435532093048096
2133,-3.953338861465454
2134,-3.943685293197632
2135,-3.9533729553222656
2136,-3.9439425468444824
2137,-3.9541378021240234
2138,-3.944916009902954
2139,-3.954190492630005
2140,-3.944502592086792
2141,-3.9540657997131348
2142,-3.9441165924072266
2143,-3.9533801078796387
2144,-3.943660259246826
2145,-3.954774856567383
2146,-3.9633893966674805
2147,-3.963097095489502
2148,-3.9624075889587402
2149,-3.961440324783325
2150,-3.959503650665283
2151,-3.95748233795166
2152,-3.9539060592651367
2153,-3.952314853668213
2154,-3.949575424194336
2155,-3.9511492252349854
2156,-3.9515154361724854
2157,-3.9546985626220703
2158,-3.9556267261505127
2159,-3.9576356410980225
2160,-3.957275390625
2161,-3.957481622695923
2162,-3.954798698425293
2163,-3.9533822536468506
2164,-3.9487667083740234
2165,-3.9489355087280273
2166,-3.946791410446167
2167,-3.950639486312866
2168,-3.9509735107421875
2169,-3.9544618129730225
2170,-3.9534873962402344
2171,-3.954594612121582
2172,-3.9511091709136963
2173,-3.9512600898742676
2174,-3.946949005126953
2175,-3.949268341064453
2176,-3.947314977645874
2177,-3.9514527320861816
2178,-3.949990749359131
2179,-3.952627658843994
2180,-3.94953989982605
2181,-3.951054573059082
2182,-3.946241855621338
2183,-3.948730945587158
2184,-3.945474624633789
2185,-3.9501047134399414
2186,-3.9479072093963623
2187,-3.9515204429626465
2188,-3.9482810497283936
2189,-3.95080304145813
2190,-3.94621205329895
2191,-3.9492669105529785
2192,-3.945451259613037
2193,-3.949829578399658
2194,-3.9466514587402344
2195,-3.950784683227539
2196,-3.9468421936035156
2197,-3.9499423503875732
2198,-3.945141315460205
2199,-3.948838949203491
2200,-3.9444708824157715
2201,-3.9492099285125732
2202,-3.9455342292785645
2203,-3.950214147567749
2204,-3.9458394050598145
2205,-3.9497568607330322
2206,-3.9445745944976807
2207,-3.9485182762145996
2208,-3.9430181980133057
2209,-3.9482879638671875
2210,-3.9440484046936035
2211,-3.9492814540863037
2212,-3.944643259048462
2213,-3.949557065963745
2214,-3.9439971446990967
2215,-3.9487478733062744
2216,-3.943356990814209
2217,-3.948960542678833
2218,-3.9433510303497314
2219,-3.9488365650177
2220,-3.943542242050171
2221,-3.948970317840576
2222,-3.943114995956421
2223,-3.9484333992004395
2224,-3.942702293395996
2225,-3.9487380981445312
2226,-3.94350004196167
2227,-3.9494028091430664
2228,-3.9432833194732666
2229,-3.948744773864746
2230,-3.942410707473755
2231,-3.9485838413238525
2232,-3.942110061645508
2233,-3.9484829902648926
2234,-3.942718029022217
2235,-3.9492557048797607
2236,-3.942221164703369
2237,-3.948059320449829
2238,-3.941922664642334
2239,-3.949443817138672
2240,-3.9429032802581787
2241,-3.9489543437957764
2242,-3.9424991607666016
2243,-3.9492080211639404
2244,-3.9419009685516357
2245,-3.9486145973205566
2246,-3.9421255588531494
2247,-3.949120044708252
2248,-3.941939115524292
2249,-3.9489381313323975
2250,-3.9419443607330322
2251,-3.949247121810913
2252,-3.942582368850708
2253,-3.949763536453247
2254,-3.942190647125244
2255,-3.9487223625183105
2256,-3.941418409347534
2257,-3.949298858642578
2258,-3.9422366619110107
2259,-3.9497857093811035
2260,-3.94272780418396
2261,-3.949725389480591
2262,-3.941555976867676
2263,-3.9488794803619385
2264,-3.94169282913208
2265,-3.950079917907715
2266,-3.9430577754974365
2267,-3.9502148628234863
2268,-3.9425928592681885
2269,-3.950042963027954
2270,-3.942167043685913
2271,-3.9497101306915283
2272,-3.9424760341644287
2273,-3.9508700370788574
2274,-3.9428985118865967
2275,-3.950468063354492
2276,-3.942545175552368
2277,-3.95047664642334
2278,-3.942312002182007
2279,-3.9503517150878906
2280,-3.9434142112731934
2281,-3.9512579441070557
2282,-3.943185329437256
2283,-3.950803279876709
2284,-3.942432165145874
2285,-3.9507296085357666
2286,-3.9431934356689453
2287,-3.951709747314453
2288,-3.943957567214966
2289,-3.95088267326355
2290,-3.941258668899536
2291,-3.9498863220214844
2292,-3.9423136711120605
2293,-3.9519104957580566
2294,-3.944690704345703
2295,-3.952195882797241
2296,-3.942704916000366
2297,-3.950981855392456
2298,-3.942350387573242
2299,-3.9511513710021973
2300,-3.943033456802368
2301,-3.9518983364105225
2302,-3.943678379058838
2303,-3.952507257461548
2304,-3.944504499435425
2305,-3.9522716999053955
2306,-3.9426419734954834
2307,-3.95076322555542
2308,-3.9410994052886963
2309,-3.951059103012085
2310,-3.9434401988983154
2311,-3.953781843185425
2312,-3.9458746910095215
2313,-3.9523801803588867
2314,-3.9414260387420654
2315,-3.951107978820801
2316,-3.9417970180511475
2317,-3.9507858753204346
2318,-3.9425721168518066
2319,-3.953529119491577
2320,-3.94476580619812
2321,-3.9531683921813965
2322,-3.94446063041687
2323,-3.9534752368927
2324,-3.9430317878723145
2325,-3.951533794403076
2326,-3.942373514175415
2327,-3.9530389308929443
2328,-3.9442408084869385
2329,-3.9540188312530518
2330,-3.94537091255188
2331,-3.953702926635742
2332,-3.9435579776763916
2333,-3.9533402919769287
2334,-3.94368314743042
2335,-3.953371286392212
2336,-3.943939208984375
2337,-3.9541373252868652
2338,-3.9449172019958496
2339,-3.9541919231414795
2340,-3.9445059299468994
2341,-3.9540672302246094
2342,-3.9441170692443848
2343,-3.9533798694610596
2344,-3.9436593055725098
2345,-3.95477294921875
2346,-3.9633893966674805
2347,-3.963097095489502
2348,-3.9624075889587402
2349,-3.961440324783325
2350,-3.959503650665283
2351,-3.95748233795166
2352,-3.9539060592651367
2353,-3.952315092086792
2354,-3.949575424194336
2355,-3.9511489868164062
2356,-3.9515154361724854
2357,-3.9546985626220703
2358,-3.9556264877319336
2359,-3.957634925842285
2360,-3.957274913787842
2361,-3.9574813842773438
2362,-3.954798698425293
2363,-3.9533822536468506
2364,-3.9487671852111816
2365,-3.9489355087280273
2366,-3.946790933609009
2367,-3.950639009475708
2368,-3.9509739875793457
2369,-3.9544622898101807
2370,-3.953488349914551
2371,-3.954594850540161
2372,-3.9511091709136963
2373,-3.9512600898742676
2374,-3.946948766708374
2375,-3.949267864227295
2376,-3.947314739227295
2377,-3.9514527320861816
2378,-3.94999098777771
2379,-3.952627658843994
2380,-3.9495396614074707
2381,-3.9510538578033447
2382,-3.946241617202759
2383,-3.9487311840057373
2384,-3.945474147796631
2385,-3.9501047134399414
2386,-3.9479076862335205
2387,-3.951521635055542
2388,-3.9482815265655518
2389,-3.9508025646209717
2390,-3.9462099075317383
2391,-3.949265956878662
2392,-3.945451259613037
2393,-3.949831247329712
2394,-3.946653366088867
2395,-3.9507856369018555
2396,-3.9468414783477783
2397,-3.949939489364624
2398,-3.9451394081115723
2399,-3.948838233947754
2400,-3.9444713592529297
2401,-3.9492106437683105
2402,-3.9455347061157227
2403,-3.950214147567749
2404,-3.945838689804077
2405,-3.9497556686401367
2406,-3.9445719718933105
2407,-3.9485175609588623
2408,-3.9430198669433594
2409,-3.948289394378662
2410,-3.9440488815307617
2411,-3.9492814540863037
2412,-3.944641351699829
2413,-3.9495556354522705
2414,-3.9439971446990967
2415,-3.948749542236328
2416,-3.9433608055114746
2417,-3.948960542678833
2418,-3.943347692489624
2419,-3.948833465576172
2420,-3.9435408115386963
2421,-3.94897198677063
2422,-3.9431185722351074
2423,-3.9484362602233887
2424,-3.942704200744629
2425,-3.948737382888794
2426,-3.9434964656829834
2427,-3.9494011402130127
2428,-3.943284511566162
2429,-3.9487464427948
2430,-3.942412853240967
2431,-3.9485831260681152
2432,-3.9421093463897705
2433,-3.9484810829162598
2434,-3.9427154064178467
2435,-3.9492547512054443
2436,-3.9422218799591064
2437,-3.9480607509613037
2438,-3.941924810409546
2439,-3.949444055557251
2440,-3.9429004192352295
2441,-3.9489529132843018
2442,-3.9424984455108643
2443,-3.949208974838257
2444,-3.9419033527374268
2445,-3.9486162662506104
2446,-3.9421257972717285
2447,-3.949119806289673
2448,-3.941938638687134
2449,-3.9489376544952393
2450,-3.941944122314453
2451,-3.949247360229492
2452,-3.942582368850708
2453,-3.9497640132904053
2454,-3.9421908855438232
2455,-3.948723077774048
2456,-3.941420078277588
2457,-3.949300765991211
2458,-3.942237138748169
2459,-3.949784755706787
2460,-3.9427268505096436
2461,-3.9497241973876953
2462,-3.941554546356201
2463,-3.9488792419433594
2464,-3.941694736480713
2465,-3.950080633163452
2466,-3.9430575370788574
2467,-3.9502146244049072
2468,-3.942591667175293
2469,-3.9500410556793213
2470,-3.9421653747558594
2471,-3.94970965385437
2472,-3.9424779415130615
2473,-3.950871706008911
2474,-3.942898750305176
2475,-3.950467586517334
2476,-3.9425437450408936
2477,-3.9504759311676025
2478,-3.9423112869262695
2479,-3.950350522994995
2480,-3.943413496017456
2481,-3.9512579441070557
2482,-3.9431869983673096
2483,-3.9508044719696045
2484,-3.9424338340759277
2485,-3.950730562210083
2486,-3.9431936740875244
2487,-3.951709270477295
2488,-3.943957567214966
2489,-3.9508845806121826
2490,-3.941260814666748
2491,-3.9498870372772217
2492,-3.942312717437744
2493,-3.9519104957580566
2494,-3.944688558578491
2495,-3.9521937370300293
2496,-3.94270396232605
2497,-3.9509823322296143
2498,-3.942352294921875
2499,-3.9511520862579346
2500,-3.943032741546631
2501,-3.9518978595733643
2502,-3.943679094314575
2503,-3.9525089263916016
2504,-3.944505214691162
2505,-3.9522721767425537
2506,-3.9426403045654297
2507,-3.95076060295105
2508,-3.941096067428589
2509,-3.9510583877563477
2510,-3.9434428215026855
2511,-3.953784227371216
2512,-3.945875883102417
2513,-3.9523797035217285
2514,-3.9414243698120117
2515,-3.951106309890747
2516,-3.941795825958252
2517,-3.9507863521575928
2518,-3.9425737857818604
2519,-3.9535293579101562
2520,-3.944763660430908
2521,-3.953167676925659
2522,-3.9444618225097656
2523,-3.953477621078491
2524,-3.9430339336395264
2525,-3.9515347480773926
2526,-3.9423723220825195
2527,-3.953038215637207
2528,-3.9442391395568848
2529,-3.9540185928344727
2530,-3.9453728199005127
2531,-3.9537057876586914
2532,-3.943558931350708
2533,-3.953339099884033
2534,-3.9436802864074707
2535,-3.9533698558807373
2536,-3.9439382553100586
2537,-3.954138994216919
2538,-3.9449217319488525
2539,-3.9541945457458496
2540,-3.944504499435425
2541,-3.954063653945923
2542,-3.944113254547119
2543,-3.953378200531006
2544,-3.943659782409668
2545,-3.954775094985962
2546,-3.9633893966674805
2547,-3.963097095489502
2548,-3.9624075889587402
2549,-3.961440324783325
2550,-3.959503650665283
2551,-3.95748233795166
2552,-3.9539060592651367
2553,-3.952314853668213
2554,-3.949575424194336
2555,-3.9511489868164062
2556,-3.9515154361724854
2557,-3.9546985626220703
2558,-3.955626964569092
2559,-3.9576356410980225
2560,-3.957275390625
2561,-3.9574809074401855
2562,-3.954798698425293
2563,-3.9533817768096924
2564,-3.9487662315368652
2565,-3.9489357471466064
2566,-3.946791887283325
2567,-3.950639486312866
2568,-3.9509735107421875
2569,-3.954461097717285
2570,-3.9534871578216553
2571,-3.9545936584472656
2572,-3.9511077404022217
2573,-3.9512593746185303
2574,-3.9469499588012695
2575,-3.9492695331573486
2576,-3.9473164081573486
2577,-3.951453685760498
2578,-3.94999098777771
2579,-3.9526262283325195
2580,-3.949537992477417
2581,-3.9510531425476074
2582,-3.946242332458496
2583,-3.9487321376800537
2584,-3.945476531982422
2585,-3.9501051902770996
2586,-3.947906494140625
2587,-3.951519727706909
2588,-3.9482805728912354
2589,-3.95080304145813
2590,-3.946211099624634
2591,-3.9492669105529785
2592,-3.945451498031616
2593,-3.949829578399658
2594,-3.946650981903076
2595,-3.9507856369018555
2596,-3.946842670440674
2597,-3.9499435424804688
2598,-3.945140838623047
2599,-3.9488375186920166
2600,-3.944469451904297
2601,-3.9492084980010986
2602,-3.9455347061157227
2603,-3.9502158164978027
2604,-3.9458417892456055
2605,-3.949758529663086
2606,-3.9445736408233643
2607,-3.948516607284546
2608,-3.9430153369903564
2609,-3.948286771774292
2610,-3.9440486431121826
2611,-3.949282646179199
2612,-3.9446442127227783
2613,-3.9495575428009033
2614,-3.943997383117676
2615,-3.948748826980591
2616,-3.9433577060699463
2617,-3.9489598274230957
2618,-3.9433488845825195
2619,-3.9488353729248047
2620,-3.94354248046875
2621,-3.9489707946777344
2622,-3.9431166648864746
2623,-3.948434352874756
2624,-3.942702293395996
2625,-3.9487366676330566
2626,-3.9434964656829834
2627,-3.94940185546875
2628,-3.9432852268218994
2629,-3.9487457275390625
2630,-3.9424121379852295
2631,-3.9485836029052734
2632,-3.942110538482666
2633,-3.948482036590576
2634,-3.9427146911621094
2635,-3.949254274368286
2636,-3.9422218799591064
2637,-3.948060989379883
2638,-3.941924810409546
2639,-3.949444532394409
2640,-3.9429008960723877
2641,-3.94895339012146
2642,-3.9424991607666016
2643,-3.949208974838257
2644,-3.9419023990631104
2645,-3.9486148357391357
2646,-3.942124128341675
2647,-3.9491190910339355
2648,-3.9419379234313965
2649,-3.9489386081695557
2650,-3.941945791244507
2651,-3.9492480754852295
2652,-3.9425830841064453
2653,-3.9497640132904053
2654,-3.942190170288086
2655,-3.9487216472625732
2656,-3.941420078277588
2657,-3.949300765991211
2658,-3.9422378540039062
2659,-3.9497861862182617
2660,-3.9427270889282227
2661,-3.949723720550537
2662,-3.9415528774261475
2663,-3.948878765106201
2664,-3.941694736480713
2665,-3.9500813484191895
2666,-3.943059206008911
2667,-3.9502151012420654
2668,-3.942592144012451
2669,-3.9500410556793213
2670,-3.9421653747558594
2671,-3.9497103691101074
2672,-3.942478656768799
2673,-3.9508724212646484
2674,-3.9429004192352295
2675,-3.950468063354492
2676,-3.9425432682037354
2677,-3.9504756927490234
2678,-3.9423089027404785
2679,-3.950350522994995
2680,-3.9434151649475098
2681,-3.9512600898742676
2682,-3.943188428878784
2683,-3.9508042335510254
2684,-3.9424314498901367
2685,-3.9507274627685547
2686,-3.943190097808838
2687,-3.9517102241516113
2688,-3.943959951400757
2689,-3.9508862495422363
2690,-3.94126033782959
2691,-3.949885368347168
2692,-3.942310094833374
2693,-3.951908826828003
2694,-3.944690704345703
2695,-3.952197551727295
2696,-3.9427082538604736
2697,-3.9509830474853516
2698,-3.942347764968872
2699,-3.951148509979248
2700,-3.943030834197998
2701,-3.9518990516662598
2702,-3.943682909011841
2703,-3.9525105953216553
2704,-3.944507122039795
2705,-3.9522697925567627
2706,-3.9426345825195312
2707,-3.9507575035095215
2708,-3.9410958290100098
2709,-3.9510610103607178
2710,-3.943448066711426
2711,-3.953787088394165
2712,-3.9458773136138916
2713,-3.952378273010254
2714,-3.941420078277588
2715,-3.9511055946350098
2716,-3.9417974948883057
2717,-3.9507884979248047
2718,-3.942575216293335
2719,-3.953529119491577
2720,-3.9447638988494873
2721,-3.95316743850708
2722,-3.9444596767425537
2723,-3.9534761905670166
2724,-3.9430339336395264
2725,-3.95153546333313
2726,-3.942373037338257
2727,-3.9530396461486816
2728,-3.944240093231201
2729,-3.9540183544158936
2730,-3.9453721046447754
2731,-3.953704357147217
2732,-3.9435579776763916
2733,-3.953339099884033
2734,-3.9436817169189453
2735,-3.953372001647949
2736,-3.9439401626586914
2737,-3.9541373252868652
2738,-3.9449169635772705
2739,-3.9541916847229004
2740,-3.944504737854004
2741,-3.954066753387451
2742,-3.9441187381744385
2743,-3.9533801078796387
2744,-3.9436581134796143
2745,-3.9547722339630127
2746,-3.9633893966674805
2747,-3.963097095489502
2748,-3.9624075889587402
2749,-3.961440324783325
2750,-3.959503650665283
2751,-3.95748233795166
2752,-3.953906297683716
2753,-3.952314853668213
2754,-3.949575185775757
2755,-3.951148271560669
2756,-3.9515154361724854
2757,-3.954698324203491
2758,-3.9556264877319336
2759,-3.9576363563537598
2760,-3.9572761058807373
2761,-3.9574825763702393
2762,-3.9547982215881348
2763,-3.953380823135376
2764,-3.948763847351074
2765,-3.9489336013793945
2766,-3.9467902183532715
2767,-3.950639247894287
2768,-3.9509758949279785
2769,-3.9544641971588135
2770,-3.9534904956817627
2771,-3.9545960426330566
2772,-3.9511094093322754
2773,-3.951258897781372
2774,-3.9469470977783203
2775,-3.9492666721343994
2776,-3.947315216064453
2777,-3.9514548778533936
2778,-3.94999361038208
2779,-3.9526283740997314
2780,-3.9495391845703125
2781,-3.9510529041290283
2782,-3.946239471435547
2783,-3.948729991912842
2784,-3.9454753398895264
2785,-3.950106620788574
2786,-3.9479103088378906
2787,-3.9515206813812256
2788,-3.948279857635498
2789,-3.950801134109497
2790,-3.9462099075317383
2791,-3.9492664337158203
2792,-3.9454519748687744
2793,-3.9498307704925537
2794,-3.946650981903076
2795,-3.9507839679718018
2796,-3.946840524673462
2797,-3.9499404430389404
2798,-3.945140838623047
2799,-3.9488391876220703
2800,-3.944472074508667
2801,-3.9492099285125732
2802,-3.945533275604248
2803,-3.9502124786376953
2804,-3.9458372592926025
2805,-3.949756622314453
2806,-3.9445745944976807
2807,-3.948519229888916
2808,-3.9430196285247803
2809,-3.9482874870300293
2810,-3.9440457820892334
2811,-3.94927978515625
2812,-3.9446425437927246
2813,-3.9495575428009033
2814,-3.943998336791992
2815,-3.9487502574920654
2816,-3.943359136581421
2817,-3.948960065841675
2818,-3.9433481693267822
2819,-3.9488344192504883
2820,-3.9435412883758545
2821,-3.9489712715148926
2822,-3.943118095397949
2823,-3.948434829711914
2824,-3.942701816558838
2825,-3.9487361907958984
2826,-3.9434967041015625
2827,-3.949401617050171
2828,-3.943284034729004
2829,-3.9487459659576416
2830,-3.9424123764038086
2831,-3.9485838413238525
2832,-3.942111015319824
2833,-3.9484829902648926
2834,-3.9427146911621094
2835,-3.9492526054382324
2836,-3.9422194957733154
2837,-3.9480607509613037
2838,-3.941927194595337
2839,-3.949446678161621
2840,-3.9429030418395996
2841,-3.9489517211914062
2842,-3.9424972534179688
2843,-3.9492080211639404
2844,-3.9419033527374268
2845,-3.9486160278320312
2846,-3.9421260356903076
2847,-3.9491283893585205
2848,-3.941950798034668
2849,-3.948942184448242
2850,-3.9419357776641846
2851,-3.949232339859009
2852,-3.942563533782959
2853,-3.9497575759887695
2854,-3.9421942234039307
2855,-3.948735475540161
2856,-3.9414336681365967
2857,-3.9493017196655273
2858,-3.9422311782836914
2859,-3.9497687816619873
2860,-3.9427108764648438
2861,-3.9497265815734863
2862,-3.941579818725586
2863,-3.948901414871216
2864,-3.941713809967041
2865,-3.9500765800476074
2866,-3.9430348873138428
2867,-3.9501967430114746
2868,-3.9425833225250244
2869,-3.9500532150268555
2870,-3.942187786102295
2871,-3.949721574783325
2872,-3.9424688816070557
2873,-3.9508559703826904
2874,-3.942875385284424
2875,-3.950468063354492
2876,-3.942558526992798
2877,-3.950493335723877
2878,-3.9423279762268066
2879,-3.9503490924835205
2880,-3.943399667739868
2881,-3.9512503147125244
2882,-3.943188190460205
2883,-3.9508163928985596
2884,-3.9424564838409424
2885,-3.9507384300231934
2886,-3.9431889057159424
2887,-3.9516985416412354
2888,-3.9439451694488525
2889,-3.95088267326355
2890,-3.941274881362915
2891,-3.949899435043335
2892,-3.942324161529541
2893,-3.951906442642212
2894,-3.944676399230957
2895,-3.952188730239868
2896,-3.9427075386047363
2897,-3.950990915298462
2898,-3.9423656463623047
2899,-3.951155424118042
2900,-3.943021059036255
2901,-3.951887607574463
2902,-3.943666934967041
2903,-3.9525105953216553
2904,-3.9445176124572754
2905,-3.9522790908813477
2906,-3.9427547454833984
2907,-3.9509546756744385
2908,-3.941293478012085
2909,-3.950941562652588
2910,-3.9431400299072266
2911,-3.9536776542663574
2912,-3.945796012878418
2913,-3.9523863792419434
2914,-3.9417316913604736
2915,-3.9514129161834717
2916,-3.9419891834259033
2917,-3.9506454467773438
2918,-3.9424400329589844
2919,-3.953476905822754
2920,-3.945005416870117
2921,-3.9536633491516113
2922,-3.945040464401245
2923,-3.9532923698425293
2924,-3.9419779777526855
2925,-3.9505367279052734
2926,-3.941269636154175
2927,-3.953136682510376
2928,-3.9452478885650635
2929,-3.954803466796875
2930,-3.946242094039917
2931,-3.9538934230804443
2932,-3.94258975982666
2933,-3.952352285385132
2934,-3.943333148956299
2935,-3.9534502029418945
2936,-3.944593667984009
2937,-3.954744815826416
2938,-3.9456000328063965
2939,-3.9544436931610107
2940,-3.9442551136016846
2941,-3.953869342803955
2942,-3.943268060684204
2943,-3.952906847000122
2944,-3.94437313079834
2945,-3.955244302749634
2946,-3.9633893966674805
2947,-3.963097095489502
2948,-3.9624075889587402
2949,-3.961440324783325
2950,-3.959503650665283
2951,-3.95748233795166
2952,-3.953906774520874
2953,-3.952315330505371
2954,-3.949575901031494
2955,-3.951148748397827
2956,-3.9515151977539062
2957,-3.954698324203491
2958,-3.9556264877319336
2959,-3.9576358795166016
2960,-3.957275867462158
2961,-3.957481622695923
2962,-3.954798698425293
2963,-3.9533817768096924
2964,-3.948765277862549
2965,-3.9489336013793945
2966,-3.9467897415161133
2967,-3.95063853263855
2968,-3.950974464416504
2969,-3.954463005065918
2970,-3.953488826751709
2971,-3.9545953273773193
2972,-3.951108455657959
2973,-3.951258897781372
2974,-3.9469473361968994
2975,-3.949267625808716
2976,-3.9473156929016113
2977,-3.9514551162719727
2978,-3.9499928951263428
2979,-3.9526281356811523
2980,-3.9495394229888916
2981,-3.9510529041290283
2982,-3.9462409019470215
2983,-3.9487311840057373
2984,-3.9454755783081055
2985,-3.9501054286956787
2986,-3.947909116744995
2987,-3.951521396636963
2988,-3.9482803344726562
2989,-3.950801372528076
2990,-3.94620943069458
2991,-3.949265480041504
2992,-3.945450782775879
2993,-3.9498302936553955
2994,-3.94665265083313
2995,-3.9507863521575928
2996,-3.946842670440674
2997,-3.949941635131836
2998,-3.9451398849487305
2999,-3.948837995529175
3000,-3.9444704055786133
3001,-3.9492104053497314
3002,-3.945535182952881
3003,-3.9502151012420654
3004,-3.9458394050598145
3005,-3.9497556686401367
3006,-3.9445724487304688
3007,-3.948516845703125
3008,-3.943018674850464
3009,-3.948289155960083
3010,-3.944049119949341
3011,-3.9492809772491455
3012,-3.944641351699829
3013,-3.9495556354522705
3014,-3.9439969062805176
3015,-3.94874906539917
3016,-3.9433603286743164
3017,-3.9489619731903076
3018,-3.943349838256836
3019,-3.948833465576172
3020,-3.9435393810272217
3021,-3.948969841003418
3022,-3.94311785697937
3023,-3.9484355449676514
3024,-3.9427030086517334
3025,-3.948737382888794
3026,-3.943495750427246
3027,-3.9494004249572754
3028,-3.943284034729004
3029,-3.948746919631958
3030,-3.942413806915283
3031,-3.948582887649536
3032,-3.9421072006225586
3033,-3.9484810829162598
3034,-3.9427173137664795
3035,-3.949256420135498
3036,-3.9422240257263184
3037,-3.948060989379883
3038,-3.941922903060913
3039,-3.949442148208618
3040,-3.9428999423980713
3041,-3.948953151702881
3042,-3.942499876022339
3043,-3.9492106437683105
3044,-3.9419026374816895
3045,-3.948613405227661
3046,-3.942122459411621
3047,-3.9491183757781982
3048,-3.941939353942871
3049,-3.948939800262451
3050,-3.9419455528259277
3051,-3.949247360229492
3052,-3.9425816535949707
3053,-3.949763536453247
3054,-3.942190170288086
3055,-3.948723077774048
3056,-3.941420555114746
3057,-3.949301242828369
3058,-3.9422378540039062
3059,-3.949784517288208
3060,-3.942725896835327
3061,-3.9497244358062744
3062,-3.941556215286255
3063,-3.948880672454834
3064,-3.941694736480713
3065,-3.950079917907715
3066,-3.9430549144744873
3067,-3.9502134323120117
3068,-3.942591905593872
3069,-3.950043201446533
3070,-3.942168712615967
3071,-3.9497122764587402
3072,-3.942478656768799
3073,-3.950871467590332
3074,-3.9428977966308594
3075,-3.950467109680176
3076,-3.942542791366577
3077,-3.9504752159118652
3078,-3.942309856414795
3079,-3.9503514766693115
3080,-3.9434144496917725
3081,-3.951258897781372
3082,-3.9431874752044678
3083,-3.950803279876709
3084,-3.942432165145874
3085,-3.9507288932800293
3086,-3.943192958831787
3087,-3.9517109394073486
3088,-3.9439589977264404
3089,-3.9508848190307617
3090,-3.941258192062378
3091,-3.949885606765747
3092,-3.9423131942749023
3093,-3.9519107341766357
3094,-3.944689989089966
3095,-3.9521939754486084
3096,-3.942704200744629
3097,-3.950981378555298
3098,-3.942350149154663
3099,-3.951150894165039
3100,-3.943033456802368
3101,-3.9518985748291016
3102,-3.9436802864074707
3103,-3.9525082111358643
3104,-3.944504499435425
3105,-3.952270984649658
3106,-3.942640781402588
3107,-3.950760841369629
3108,-3.941096782684326
3109,-3.9510586261749268
3110,-3.9434430599212646
3111,-3.953784942626953
3112,-3.94587779045105
3113,-3.952380657196045
3114,-3.941425323486328
3115,-3.951106071472168
3116,-3.941793203353882
3117,-3.95078444480896
3118,-3.942573070526123
3119,-3.9535298347473145
3120,-3.9447672367095947
3121,-3.9531681537628174
3122,-3.944458246231079
3123,-3.953474521636963
3124,-3.9430320262908936
3125,-3.9515349864959717
3126,-3.9423766136169434
3127,-3.9530420303344727
3128,-3.944242000579834
3129,-3.9540181159973145
3130,-3.9453680515289307
3131,-3.9537010192871094
3132,-3.9435527324676514
3133,-3.9533379077911377
3134,-3.943683385848999
3135,-3.9533731937408447
3136,-3.943943977355957
3137,-3.9541399478912354
3138,-3.9449169635772705
3139,-3.954188585281372
3140,-3.94450044631958
3141,-3.9540650844573975
3142,-3.9441189765930176
3143,-3.9533824920654297
3144,-3.9436633586883545
3145,-3.954775810241699
