Strike,Maturity,Price,Delta,Vega,Delta Strike,Gamma Strike,Theta,ChangedStrike,DividendFactor,Strike,Maturity,ImpliedVol,VegaRef,OptionType,logMoneyness,impliedTotalVariance,locvol
3600,0.0,1912.2799999999997,1.0,0.0,-1.0,0.0,-1000000.0,3600.0,1.0,3600.0,0.0,0.0,0.0,1.0,-0.42604448521745064,0.0,0.34245
3600,0.0,0.0,-0.0,0.0,0.0,0.0,0.0,3600.0,1.0,3600.0,0.0,0.0,0.0,-1.0,-0.42604448521745064,0.0,0.34245
3600,0.118,0.127,-0.00048340182527925954,3.2615971357725333,0.0009681842993388753,-2.3545886096390245e-06,4.84267730849929,3582.378101348877,0.9995812177658081,3600.0,0.118,0.38799999999999996,0.0020698724924915076,-1.0,-0.43095147667950384,0.017764191999999995,0.39688889913838593
3600,0.367,4.598,-0.011236431427787758,98.51405517511822,0.02477201119565875,-1.3014004859819776e-05,56.078838992690976,3545.413827896118,0.9994122385978699,3600.0,0.367,0.33399999999999996,15.263746845636607,-1.0,-0.4413234418537423,0.04094105199999999,0.39993623595802036
3600,0.597,15.777000000000001,-0.02722278011230779,267.30309672029097,0.0634052895065661,-9.273793385858277e-06,100.1961513665783,3514.2950534820557,0.9988328814506531,3600.0,0.597,0.324,89.37965249692287,-1.0,-0.45013937930514847,0.062670672,0.3927725584245963
3600,0.866,31.691999999999997,-0.04291580811614193,467.98090212601505,0.10455791246949464,5.293410953275009e-07,124.31197927565859,3473.162627220154,1.00004243850708,3600.0,0.866,0.316,224.77809420937314,-1.0,-0.46191273186354137,0.086475296,0.41698599999999997
3800,0.0,1712.2799999999997,1.0,0.0,-1.0,0.0,-1000000.0,3800.0,1.0,3800.0,0.0,0.0,0.0,1.0,-0.37197726394717495,0.0,0.34245
3800,0.0,0.0,-0.0,0.0,0.0,0.0,0.0,3800.0,1.0,3800.0,0.0,0.0,0.0,-1.0,-0.37197726394717495,0.0,0.34245
3800,0.118,0.41,-0.001899699189270334,11.457194717595407,0.0036962727183185197,-6.226639683403855e-06,18.628867440245926,3781.39910697937,0.9995812177658081,3800.0,0.118,0.38799999999999996,0.04108744171976209,-1.0,-0.37688425540922815,0.017764191999999995,0.4244734061121721
3800,0.367,8.302999999999999,-0.01944531708036484,157.87114739996397,0.04139991460415762,-1.3343793274588037e-05,93.66026223035828,3742.381262779236,0.9994122385978699,3800.0,0.367,0.325,41.639911906001466,-1.0,-0.3872562205834665,0.038764375000000004,0.40971946559070865
3800,0.597,24.566999999999997,-0.04097054214346199,374.23680900379503,0.09221124516426643,-2.282030639107858e-06,144.95211004456576,3709.533667564392,0.9988328814506531,3800.0,0.597,0.317,169.52881540711235,-1.0,-0.3960721580348727,0.059991933000000004,0.39318513623490675
3800,0.866,45.45,-0.05913109528904237,604.116351963383,0.1390240018454072,1.1537472797316158e-05,164.1304130579341,3666.1161065101624,1.00004243850708,3800.0,0.866,0.309,356.58126457571905,-1.0,-0.4078455105932657,0.082686546,0.404026
3900,0.0,1612.2799999999997,1.0,0.0,-1.0,0.0,-1000000.0,3900.0,1.0,3900.0,0.0,0.0,0.0,1.0,-0.3460017775439142,0.0,0.34245
3900,0.0,0.0,-0.0,0.0,0.0,0.0,0.0,3900.0,1.0,3900.0,0.0,0.0,0.0,-1.0,-0.3460017775439142,0.0,0.34245
3900,0.118,0.7020000000000001,-0.0030105242918813855,17.379017724833425,0.005761681270934408,-8.396486680617121e-06,29.0586097325737,3880.9096097946167,0.9995812177658081,3900.0,0.118,0.381,0.14996022739101197,-1.0,-0.35090876900596757,0.017128998,0.4259746902542094
4000,0.0,1512.2799999999997,1.0,0.0,-1.0,0.0,-1000000.0,4000.0,1.0,4000.0,0.0,0.0,0.0,1.0,-0.3206839695596244,0.0,0.34245
4000,0.0,0.0,-0.0,0.0,0.0,0.0,0.0,4000.0,1.0,4000.0,0.0,0.0,0.0,-1.0,-0.3206839695596244,0.0,0.34245
4000,0.118,0.993,-0.004243842891733372,23.652621417132117,0.007974796382007598,-1.04047195995703e-05,40.183551872012,3980.4201126098633,0.9995812177658081,4000.0,0.118,0.369,0.4850319601955135,-1.0,-0.32559096102167756,0.016066998,0.42747597439624674
4000,0.367,14.297,-0.0321068274442648,240.34252263270747,0.06630355440867602,-9.32108546988593e-06,148.31807737811027,3939.3486976623535,0.9994122385978699,4000.0,0.367,0.316,95.90367809631886,-1.0,-0.3359629261959159,0.036647152,0.40252211591397036
4000,0.597,36.536,-0.058467366006921144,497.1660256755597,0.1274290137335109,9.777207599422826e-06,197.42454168673498,3904.7722816467285,0.9988328814506531,4000.0,0.597,0.308,289.4236543648184,-1.0,-0.3447788636473222,0.056633808,0.38329166621137584
4000,0.866,62.215,-0.07883315723777956,754.1763924353651,0.1793326060788562,2.6897869834224705e-05,208.26650769900448,3859.069585800171,1.00004243850708,4000.0,0.866,0.301,525.5323979561562,-1.0,-0.3565522162057151,0.07846046599999999,0.350858
4100,0.0,1412.2799999999997,1.0,0.0,-1.0,0.0,-1000000.0,4100.0,1.0,4100.0,0.0,0.0,0.0,1.0,-0.29599135696925283,0.0,0.34245
4100,0.0,0.0,-0.0,0.0,0.0,0.0,0.0,4100.0,1.0,4100.0,0.0,0.0,0.0,-1.0,-0.29599135696925283,0.0,0.34245
4100,0.118,1.626,-0.00702141926420934,36.998772852231234,0.01304306552786473,-1.3549091548943185e-05,65.34686378288052,4079.93061542511,0.9995812177658081,4100.0,0.118,0.366,1.4015743866840193,-1.0,-0.3008983484313061,0.015806808,0.41330902900632693
4100,0.367,18.227999999999998,-0.04037654979318976,289.96459670672294,0.08222050390217817,-4.834340268727177e-06,182.10478152371843,4037.8324151039124,0.9994122385978699,4100.0,0.367,0.311,137.56128163859785,-1.0,-0.31127031360554447,0.035496607,0.3955114585231011
4200,0.0,1312.2799999999997,1.0,0.0,-1.0,0.0,-1000000.0,4200.0,1.0,4200.0,0.0,0.0,0.0,1.0,-0.27189380539019237,0.0,0.34245
4200,0.0,0.0,-0.0,0.0,0.0,0.0,0.0,4200.0,1.0,4200.0,0.0,0.0,0.0,-1.0,-0.27189380539019237,0.0,0.34245
4200,0.118,2.2880000000000003,-0.009881228011386469,49.942945796758046,0.018079476857187388,-1.5853226799687164e-05,89.94619055944918,4179.441118240356,0.9995812177658081,4200.0,0.118,0.355,3.6453438484448855,-1.0,-0.2768007968522456,0.014870949999999999,0.39776824176993203
4200,0.367,23.018,-0.050313494661196334,346.1282397832221,0.10114130758246748,1.9652528181373415e-06,221.0281013603426,4136.316132545471,0.9994122385978699,4200.0,0.367,0.306,190.6563887031333,-1.0,-0.28717276202648384,0.034364412,0.38536264775631657
4200,0.597,51.96,-0.0812501082049416,640.6439814771176,0.1721500414480963,2.901940824153105e-05,259.6822051326003,4100.010895729065,0.9988328814506531,4200.0,0.597,0.299,450.8899910220424,-1.0,-0.2959886994778901,0.053372396999999995,0.3694230036583145
4200,0.866,82.352,-0.10231726428753074,915.4057008441146,0.2257685439031898,4.723616000415628e-05,255.11738260322045,4052.0230650901794,1.00004243850708,4200.0,0.866,0.292,726.4901738992653,-1.0,-0.30776205203628304,0.07383862399999999,0.350858
4300,0.0,1212.2799999999997,1.0,0.0,-1.0,0.0,-1000000.0,4300.0,1.0,4300.0,0.0,0.0,0.0,1.0,-0.2483633079799983,0.0,0.34245
4300,0.0,0.0,-0.0,0.0,0.0,0.0,0.0,4300.0,1.0,4300.0,0.0,0.0,0.0,-1.0,-0.2483633079799983,0.0,0.34245
4300,0.118,3.1430000000000002,-0.013394331708092368,65.04436919668078,0.024138785428397175,-1.7730284463319363e-05,118.93219331157411,4278.951621055603,0.9995812177658081,4300.0,0.118,0.342,8.59200376066782,-1.0,-0.25327029944205154,0.013801752,0.38088744885602727
4300,0.367,27.809,-0.06049344076633245,400.3539569435171,0.11987607576681542,1.0159092032497897e-05,257.9932944650873,4234.79984998703,0.9994122385978699,4300.0,0.367,0.298,255.89459259224643,-1.0,-0.2636422646162898,0.032591067999999994,0.375213836989532
4400,0.0,1112.2799999999997,1.0,0.0,-1.0,0.0,-1000000.0,4400.0,1.0,4400.0,0.0,0.0,0.0,1.0,-0.22537378975529948,0.0,0.34245
4400,0.0,0.0,-0.0,0.0,0.0,0.0,0.0,4400.0,1.0,4400.0,0.0,0.0,0.0,-1.0,-0.22537378975529948,0.0,0.34245
4400,0.118,4.602,-0.019210840230831566,88.59998138793567,0.03423831070285985,-1.8746613130288226e-05,166.16404537642666,4378.46212387085,0.9995812177658081,4400.0,0.118,0.33299999999999996,18.467177322824462,-1.0,-0.23028078121735268,0.013084901999999995,0.35980602274335466
4400,0.367,35.04,-0.07429448224490458,469.3082725108213,0.14566918963167708,2.3068528189818926e-05,306.79114601054926,4333.283567428589,0.9994122385978699,4400.0,0.367,0.293,333.2789128902549,-1.0,-0.24065274639159098,0.031506583,0.36416137965193024
4400,0.597,71.084,-0.1089106432646254,795.1592100716582,0.22478722509116678,5.623182808668528e-05,325.72135897010776,4295.249509811401,0.9988328814506531,4400.0,0.597,0.28800000000000003,648.4031845548852,-1.0,-0.24946868384299722,0.04951756800000001,0.3522555171614731
4400,0.866,106.051,-0.12993487833093953,1084.782244683433,0.2787893202068693,7.339614705189154e-05,302.47784946451816,4244.976544380188,1.00004243850708,4400.0,0.866,0.282,949.572854053757,-1.0,-0.26124203640139027,0.06886778399999999,0.299525
4500,0.0,1012.2799999999997,1.0,0.0,-1.0,0.0,-1000000.0,4500.0,1.0,4500.0,0.0,0.0,0.0,1.0,-0.20290093390324093,0.0,0.34245
4500,0.0,0.0,-0.0,0.0,0.0,0.0,0.0,4500.0,1.0,4500.0,0.0,0.0,0.0,-1.0,-0.20290093390324093,0.0,0.34245
4500,0.118,6.062,-0.025517099342384886,112.58229309104257,0.044891690874722834,-1.8179541217078183e-05,214.05582349740052,4477.972626686096,0.9995812177658081,4500.0,0.118,0.319,36.40463425738097,-1.0,-0.20780792536529413,0.012007798,0.338724596630682
4500,0.367,42.818999999999996,-0.0898294253289138,541.5180829491044,0.1743291788887359,3.956121379939737e-05,357.71822993040087,4431.767284870148,0.9994122385978699,4500.0,0.367,0.287,421.99151029122766,-1.0,-0.21817989053953243,0.030229422999999995,0.3529061667787178
4600,0.0,912.2799999999997,1.0,0.0,-1.0,0.0,-1000000.0,4600.0,1.0,4600.0,0.0,0.0,0.0,1.0,-0.18092202718446573,0.0,0.34245
4600,0.0,0.0,-0.0,0.0,0.0,0.0,0.0,4600.0,1.0,4600.0,0.0,0.0,0.0,-1.0,-0.18092202718446573,0.0,0.34245
4600,0.118,8.389,-0.03520265587381793,147.0080023814424,0.06136123537059274,-1.4024875380645697e-05,285.47133701343773,4577.483129501343,0.9995812177658081,4600.0,0.118,0.308,66.17098783878461,-1.0,-0.1858290186465189,0.011193952,0.32056690026342405
4600,0.367,50.598,-0.10579594698855366,610.5425029767459,0.20295477951526153,5.8647570687465325e-05,404.29456641578645,4530.2510023117065,0.9994122385978699,4600.0,0.367,0.278,520.3524096168932,-1.0,-0.19620098382075726,0.028363228000000008,0.3416509539055054
4600,0.597,95.624,-0.14275952856725282,960.6023633812408,0.28792636544641137,9.415605211481629e-05,393.46937327818887,4490.488123893738,0.9988328814506531,4600.0,0.597,0.276,869.1027504537542,-1.0,-0.2050169212721634,0.045477072,0.3299782798814908
4600,0.866,137.846,-0.16410913921808223,1268.8959429828435,0.3442826685602244,0.00010818035836137327,351.8324376897633,4437.9300236701965,1.00004243850708,4600.0,0.866,0.27399999999999997,1181.4966361048016,-1.0,-0.21679027383055635,0.06501581599999998,0.266771
4700,0.0,812.2799999999997,1.0,0.0,-1.0,0.0,-1000000.0,4700.0,1.0,4700.0,0.0,0.0,0.0,1.0,-0.15941582196350207,0.0,0.34245
4700,0.0,0.0,-0.0,0.0,0.0,0.0,0.0,4700.0,1.0,4700.0,0.0,0.0,0.0,-1.0,-0.15941582196350207,0.0,0.34245
4700,0.118,12.102,-0.049345961872331395,193.24947171626977,0.08550731828875535,-2.837564498457039e-06,384.90049717932925,4676.993632316589,0.9995812177658081,4700.0,0.118,0.299,111.44523741048715,-1.0,-0.16432281342555535,0.010549317999999999,0.30706978396529483
4700,0.367,63.272,-0.1280969837359563,699.2402497428272,0.24427100537501745,8.749099754112909e-05,467.241583875124,4628.734719753265,0.9994122385978699,4700.0,0.367,0.27399999999999997,625.8654319164016,-1.0,-0.17469477859979357,0.027552891999999992,0.3318929046993415
4800,0.0,712.2799999999997,1.0,0.0,-1.0,0.0,-1000000.0,4800.0,1.0,4800.0,0.0,0.0,0.0,1.0,-0.13836241276566977,0.0,0.34245
4800,0.0,0.0,-0.0,0.0,0.0,0.0,0.0,4800.0,1.0,4800.0,0.0,0.0,0.0,-1.0,-0.13836241276566977,0.0,0.34245
4800,0.118,15.815,-0.06458958010246246,238.91053856679272,0.11102157116995515,1.437171578252543e-05,481.1051992256225,4776.504135131836,0.9995812177658081,4800.0,0.118,0.284,174.70550150894846,-1.0,-0.1432694042277229,0.009517407999999998,0.2935726676671656
4800,0.195,34.885,-0.10367016219098868,438.54695016552495,0.18613397019802902,6.559674362178179e-05,550.5045398188449,4759.8907470703125,0.9996669292449951,4800.0,0.195,0.27699999999999997,372.398003476885,-1.0,-0.14675361499574724,0.014962154999999996,0.34092721277821114
4800,0.367,76.30199999999999,-0.15209182579531172,785.811628717032,0.2882122422702047,0.00012179250522016823,525.6382875964127,4727.218437194824,0.9994122385978699,4800.0,0.367,0.268,735.3491166599547,-1.0,-0.1536413694019613,0.026359408000000004,0.32224418241145536
4800,0.597,128.91899999999998,-0.18656325971884646,1142.8302464348367,0.3702739414391678,0.00014838586224066906,463.888321805347,4685.726737976074,0.9988328814506531,4800.0,0.597,0.267,1094.7885735398022,-1.0,-0.16245730685336748,0.042559533000000004,0.3081024026026533
4800,0.866,175.926,-0.20332149782457365,1450.3538605901417,0.41813477891288975,0.00015106900138955724,393.4297157274548,4630.883502960205,1.00004243850708,4800.0,0.866,0.265,1407.4727627685613,-1.0,-0.17423065941176036,0.06081485000000001,0.266771
4900,0.0,612.2799999999997,1.0,0.0,-1.0,0.0,-1000000.0,4900.0,1.0,4900.0,0.0,0.0,0.0,1.0,-0.11774312556293402,0.0,0.34245
4900,0.0,0.0,-0.0,0.0,0.0,0.0,0.0,4900.0,1.0,4900.0,0.0,0.0,0.0,-1.0,-0.11774312556293402,0.0,0.34245
4900,0.118,21.859,-0.08774725951921675,301.74264330671986,0.15042161304029678,4.915228390529723e-05,618.5635318686473,4876.0146379470825,0.9995812177658081,4900.0,0.118,0.273,255.99168709802663,-1.0,-0.12265011702498727,0.008794422000000001,0.2800548284002524
4900,0.195,43.995,-0.12950012181437165,513.5619842479003,0.23148410092204408,0.00010914372882250595,647.7875680545612,4859.055137634277,0.9996669292449951,4900.0,0.195,0.267,473.9557928449565,-1.0,-0.12613432779301154,0.013901355,0.3297971871361698
4900,0.367,89.333,-0.1771588044292623,867.5139276551665,0.3332973190355568,0.0001619003217365961,574.7572841941019,4825.702154636383,0.9994122385978699,4900.0,0.367,0.259,845.1386699579954,-1.0,-0.13302208219922565,0.024618727,0.31259546012356926
5000,0.0,512.2799999999997,1.0,0.0,-1.0,0.0,-1000000.0,5000.0,1.0,5000.0,0.0,0.0,0.0,1.0,-0.09754041824541462,0.0,0.34245
5000,0.0,0.0,-0.0,0.0,0.0,0.0,0.0,5000.0,1.0,5000.0,0.0,0.0,0.0,-1.0,-0.09754041824541462,0.0,0.34245
5000,0.118,32.463,-0.12406854897274128,387.75700576640804,0.21381172032263196,0.00011752706558118022,816.2185222998087,4975.525140762329,0.9995812177658081,5000.0,0.118,0.26899999999999996,351.97381761575866,-1.0,-0.10244740970746785,0.008538597999999998,0.26649644751624607
5000,0.195,59.721000000000004,-0.16678305420517248,608.450410822294,0.29905119190567775,0.00017871030768703948,775.2768329061673,4958.219528198242,0.9996669292449951,5000.0,0.195,0.264,580.3076530864627,-1.0,-0.1059316204754921,0.013590720000000002,0.31176103792905996
5000,0.367,110.04899999999999,-0.21040816951035773,963.5083947795048,0.3955617826653033,0.00021631500704518086,633.2959436456713,4924.185872077942,0.9994122385978699,5000.0,0.367,0.256,951.3359109202569,-1.0,-0.11281937488170614,0.024051712,0.30032204685675123
5000,0.597,168.639,-0.23766307298823147,1316.974380039659,0.4654755098219838,0.00021897564838004176,515.4341373745697,4880.965352058411,0.9988328814506531,5000.0,0.597,0.256,1305.229648626995,-1.0,-0.12163531233311235,0.039124992,0.2887425746925239
5000,0.866,219.88299999999998,-0.24853346860358638,1625.0004590427864,0.5029109808421661,0.00020383747756202802,421.57201810179845,4823.836982250214,1.00004243850708,5000.0,0.866,0.256,1613.200558217849,-1.0,-0.13340866489150532,0.056754175999999996,0.262574
5100,0.0,412.27999999999975,1.0,0.0,-1.0,0.0,-1000000.0,5100.0,1.0,5100.0,0.0,0.0,0.0,1.0,-0.07773779094923496,0.0,0.34245
5100,0.0,0.0,-0.0,0.0,0.0,0.0,0.0,5100.0,1.0,5100.0,0.0,0.0,0.0,-1.0,-0.07773779094923496,0.0,0.34245
5100,0.118,43.068000000000005,-0.1617524388743708,464.0061530525772,0.27918093514089337,0.00020856609039077807,975.1297735065582,5075.035643577576,0.9995812177658081,5100.0,0.118,0.255,455.75428131696,-1.0,-0.08264478241128817,0.0076729499999999996,0.25293806663223967
5100,0.195,75.446,-0.2057718806877163,693.1517432674751,0.36938803929214825,0.0002644504000825806,872.955286012766,5057.383918762207,0.9996669292449951,5100.0,0.195,0.255,685.0506167255738,-1.0,-0.08612899317931237,0.012679875,0.29372488872195013
5100,0.367,132.07399999999998,-0.24580477990620347,1051.6310308366926,0.4617869700839292,0.0002795215637926608,675.4573595443617,5022.669589519501,0.9994122385978699,5100.0,0.367,0.251,1050.0790990032265,-1.0,-0.09301674758552647,0.023121367,0.2876015015430465
5200,0.0,312.27999999999975,1.0,0.0,-1.0,0.0,-1000000.0,5200.0,1.0,5200.0,0.0,0.0,0.0,1.0,-0.058319705092133294,0.0,0.34245
5200,0.0,0.0,-0.0,0.0,0.0,0.0,0.0,5200.0,1.0,5200.0,0.0,0.0,0.0,-1.0,-0.058319705092133294,0.0,0.34245
5200,0.118,55.312,-0.20863252665115672,543.6236184433766,0.36171673048875697,0.0003480783894028311,1119.5090871434477,5174.546146392822,0.9995812177658081,5200.0,0.118,0.239,557.6323017380286,-1.0,-0.0632266965541865,0.006740278,0.23943667216217893
5200,0.195,91.171,-0.24823332132223985,770.6055229991425,0.4459742542426324,0.00037625801377681647,935.2962112294463,5156.548309326172,0.9996669292449951,5200.0,0.195,0.24100000000000002,781.3006737801131,-1.0,-0.06671090732221077,0.011325795000000001,0.2756887395148403
5200,0.367,154.1,-0.28313276813241384,1130.1580643145824,0.5313703565761889,0.0003541049607112024,694.0948267088497,5121.15330696106,0.9994122385978699,5200.0,0.367,0.243,1137.8038290633076,-1.0,-0.07359866172842482,0.021670982999999998,0.27488095622934167
5200,0.597,221.515,-0.2990063615867512,1478.6343340618832,0.5817802460002794,0.0003104544965659541,535.7081009445769,5076.203966140747,0.9988328814506531,5200.0,0.597,0.247,1481.7621517810403,-1.0,-0.08241459917983107,0.036422373,0.277232857627915
5200,0.866,278.366,-0.3011220827397147,1786.5607381405798,0.6034831791292201,0.0002668935621506133,428.8075950534262,5016.790461540222,1.00004243850708,5200.0,0.866,0.25,1786.5607381405798,-1.0,-0.09418795173822397,0.054125,0.275204
5250,0.0,262.27999999999975,1.0,0.0,-1.0,0.0,-1000000.0,5250.0,1.0,5250.0,0.0,0.0,0.0,1.0,-0.04875025407598261,0.0,0.34245
5250,0.0,0.0,-0.0,0.0,0.0,0.0,0.0,5250.0,1.0,5250.0,0.0,0.0,0.0,-1.0,-0.04875025407598261,0.0,0.34245
5250,0.118,69.991,-0.2468157512920519,597.6224947050468,0.43301737770980164,0.00045691895505181514,1226.2104538645217,5224.301397800446,0.9995812177658081,5250.0,0.118,0.243,604.4482429479868,-1.0,-0.053657245538035865,0.006967782,0.23298313046979693
5300,0.0,212.27999999999975,1.0,0.0,-1.0,0.0,-1000000.0,5300.0,1.0,5300.0,0.0,0.0,0.0,1.0,-0.03927151012143886,0.0,0.34245
5300,0.0,0.0,-0.0,0.0,0.0,0.0,0.0,5300.0,1.0,5300.0,0.0,0.0,0.0,-1.0,-0.03927151012143886,0.0,0.34245
5300,0.118,84.67,-0.2840031921785759,641.7795905727066,0.503311381391911,0.0005745327853763761,1288.1140131287084,5274.056649208069,0.9995812177658081,5300.0,0.118,0.243,646.7289546372632,-1.0,-0.04417850158349205,0.006967782,0.22652958877741253
5300,0.195,122.375,-0.30815967826226365,856.5218787656203,0.5610164528645991,0.0005284864150476567,989.1612727961356,5255.712699890137,0.9996669292449951,5300.0,0.195,0.24100000000000002,862.5240841919284,-1.0,-0.047662712351516284,0.011325795000000001,0.26362679460262023
5300,0.367,184.364,-0.3261979257511215,1203.6957754385737,0.6141505654519475,0.0004424695661702007,690.9098267825334,5219.637024402618,0.9994122385978699,5300.0,0.367,0.23800000000000002,1211.4694749670673,-1.0,-0.054550466757730384,0.020788348,0.26367703739658316
5300,0.597,249.733,-0.3319876287651746,1546.1306088618362,0.6439342184981984,0.00036570987876078336,521.5352665869609,5173.823273181915,0.9988328814506531,5300.0,0.597,0.24,1552.6560519536513,-1.0,-0.06336640420913658,0.0343872,0.2706260848256357
5350,0.0,162.27999999999975,1.0,0.0,-1.0,0.0,-1000000.0,5350.0,1.0,5350.0,0.0,0.0,0.0,1.0,-0.029881769771599852,0.0,0.34245
5350,0.0,0.0,-0.0,0.0,0.0,0.0,0.0,5350.0,1.0,5350.0,0.0,0.0,0.0,-1.0,-0.029881769771599852,0.0,0.34245
5350,0.118,99.34899999999999,-0.3216118244643241,678.5677525299187,0.5753941969693495,0.0007073204625814694,1304.3100085936494,5323.811900615692,0.9995812177658081,5350.0,0.118,0.24,683.2713830805973,-1.0,-0.034788761233653084,0.0067967999999999995,0.22007604708503054
5350,0.195,138.69799999999998,-0.33892058728528107,890.8126485670452,0.6210025312160083,0.0006148896498519509,981.1342425220373,5305.294895172119,0.9996669292449951,5350.0,0.195,0.239,895.7506634789761,-1.0,-0.038272972001677195,0.011138595,0.2578738401405035
5350,0.367,202.58700000000002,-0.35000315274944266,1236.9026981911775,0.661553402039714,0.0004891967258581226,678.8847490917392,5268.878883123398,0.9994122385978699,5350.0,0.367,0.23800000000000002,1242.266987088523,-1.0,-0.04516072640789138,0.020788348,0.2586440491837815
5400,0.0,112.27999999999975,1.0,0.0,-1.0,0.0,-1000000.0,5400.0,1.0,5400.0,0.0,0.0,0.0,1.0,-0.02057937710928624,0.0,0.34245
5400,0.0,0.0,-0.0,0.0,0.0,0.0,0.0,5400.0,1.0,5400.0,0.0,0.0,0.0,-1.0,-0.02057937710928624,0.0,0.34245
5400,0.118,114.027,-0.36089018905535253,709.0053940899594,0.6520896947511758,0.0008616816403030196,1268.4346621076402,5373.567152023315,0.9995812177658081,5400.0,0.118,0.235,713.0539415422382,-1.0,-0.025486368571339523,0.006516549999999999,0.21362250539264613
5400,0.195,155.02100000000002,-0.37066350230313155,919.5968318495098,0.6837690046821399,0.0007104430673700083,945.0867261882095,5354.877090454102,0.9996669292449951,5400.0,0.195,0.23600000000000002,923.3200232121417,-1.0,-0.028970579339363728,0.010860720000000003,0.2521208856783847
5400,0.367,220.80900000000003,-0.3736145207789404,1264.7898378652017,0.7083863307707086,0.0005399344947330087,652.5470346697548,5318.120741844177,0.9994122385978699,5400.0,0.367,0.23600000000000002,1268.7319351491055,-1.0,-0.03585833374557788,0.020440432,0.2536110609709779
5400,0.597,287.267,-0.3688566147858677,1606.4830537241771,0.7168398030769954,0.00042347682695652273,492.8115804817214,5271.4425802230835,0.9988328814506531,5400.0,0.597,0.23800000000000002,1610.2271204063734,-1.0,-0.04467427119698405,0.033816468,0.2595595889135174
5400,0.866,342.157,-0.357993076945165,1915.3857913673778,0.7116006297169608,0.00034113751767569906,394.8569444568757,5209.743940830231,1.00004243850708,5400.0,0.866,0.24100000000000002,1918.762054975967,-1.0,-0.05644762375537702,0.05029814600000001,0.275204
5450,0.0,62.279999999999745,1.0,0.0,-1.0,0.0,-1000000.0,5450.0,1.0,5450.0,0.0,0.0,0.0,1.0,-0.011362722004362254,0.0,0.34245
5450,0.0,0.0,-0.0,0.0,0.0,0.0,0.0,5450.0,1.0,5450.0,0.0,0.0,0.0,-1.0,-0.011362722004362254,0.0,0.34245
5450,0.118,128.70600000000002,-0.40191734096325626,732.4621001114652,0.7335557905083379,0.0010521621754663393,1160.0823416829353,5423.322403430939,0.9995812177658081,5450.0,0.118,0.226,735.2841460169767,-1.0,-0.016269713466415474,0.006026968,0.20716896370026414
5450,0.195,171.34400000000002,-0.4031207716277243,942.3122366790917,0.7484270113919478,0.0008223476719332605,871.0010254700464,5404.459285736084,0.9996669292449951,5450.0,0.195,0.23,944.832716553808,-1.0,-0.019753924234439658,0.0103155,0.246367931216268
5450,0.367,239.032,-0.3976941073112887,1288.1661341941258,0.7563847643486015,0.0005952422306469185,611.5647850713826,5367.362600564957,0.9994122385978699,5450.0,0.367,0.233,1290.6978116408839,-1.0,-0.026641678640653782,0.019924063000000002,0.24857807275817617
5500,0.0,12.279999999999745,1.0,0.0,-1.0,0.0,-1000000.0,5500.0,1.0,5500.0,0.0,0.0,0.0,1.0,-0.0022302384410897483,0.0,0.34245
5500,0.0,0.0,-0.0,0.0,0.0,0.0,0.0,5500.0,1.0,5500.0,0.0,0.0,0.0,-1.0,-0.0022302384410897483,0.0,0.34245
5500,0.118,143.385,-0.44698189922608345,748.7286217721853,0.8258903698062632,0.0012878734025209004,960.5056265190533,5473.077654838562,0.9995812177658081,5500.0,0.118,0.21600000000000003,749.432084805083,-1.0,-0.007137229903143016,0.005505408000000001,0.20071542200787973
5500,0.195,187.667,-0.4376868321268943,959.2179951135581,0.8189701005883423,0.0009493244838893635,755.7072923334304,5454.041481018066,0.9996669292449951,5500.0,0.195,0.22399999999999998,960.0206075542515,-1.0,-0.010621440671167184,0.009784319999999999,0.2406149767541491
5500,0.367,257.255,-0.42247105226550075,1306.9786646095858,0.8061164022679299,0.0006565519508620488,553.4627642062867,5416.604459285736,0.9994122385978699,5500.0,0.367,0.22899999999999998,1308.051354909624,-1.0,-0.017509195077381277,0.019245846999999996,0.24354508454537263
5500,0.597,324.802,-0.40671513929884223,1652.47140302356,0.7919331244597483,0.00048753966235256016,436.3805175082873,5369.061887264252,0.9988328814506531,5500.0,0.597,0.23399999999999999,1653.6872181548013,-1.0,-0.026325132528787515,0.032689331999999995,0.2484930930013991
5500,0.866,380.085,-0.38868135527938247,1966.2510338872871,0.7715810813058905,0.0003810864568056582,359.5656706683824,5306.220680475235,1.00004243850708,5500.0,0.866,0.23800000000000002,1967.7308327413707,-1.0,-0.03809848508718046,0.049053704000000004,0.275204
5550,0.0,0.0,0.0,0.0,-0.0,0.0,-0.0,5550.0,1.0,5550.0,0.0,0.0,0.0,1.0,0.006819597078828249,0.0,0.34245
5550,0.0,37.720000000000255,-1.0,0.0,1.0,0.0,1000000.0,5550.0,1.0,5550.0,0.0,0.0,0.0,-1.0,0.006819597078828249,0.0,0.34245
5550,0.118,162.31,-0.49642679087522273,755.3790202252383,0.9319289974363656,0.0015607744810886433,642.1174659861094,5522.832906246185,0.9995812177658081,5550.0,0.118,0.20800000000000002,755.2480009608365,-1.0,0.001912605616774823,0.005105152000000001,0.19429633948673272
5550,0.195,203.989,-0.4744755049971048,969.0998697855314,0.8953641883175436,0.001107724825940815,578.2027093059098,5503.623676300049,0.9996669292449951,5550.0,0.195,0.215,968.7500624117949,-1.0,-0.0015716051512493277,0.009013875,0.23486202229203246
5550,0.367,275.478,-0.4481983075997452,1320.9684690802892,0.858631714313014,0.0007227457167021007,476.8744546799545,5465.8463180065155,0.9994122385978699,5550.0,0.367,0.225,1320.732221447546,-1.0,-0.008459359557463393,0.018579375000000002,0.23851209633257092
5600,0.0,0.0,0.0,0.0,-0.0,0.0,-0.0,5600.0,1.0,5600.0,0.0,0.0,0.0,1.0,0.015788267061588635,0.0,0.34245
5600,0.0,87.72000000000025,-1.0,0.0,1.0,0.0,1000000.0,5600.0,1.0,5600.0,0.0,0.0,0.0,-1.0,0.015788267061588635,0.0,0.34245
5600,0.118,194.748,-0.5439561721740277,750.8193246159119,1.0417886485481835,0.0017290631336353726,270.1239730625475,5572.588157653809,0.9995812177658081,5600.0,0.118,0.215,752.7636080997355,-1.0,0.010881275599535382,0.005454549999999999,0.187986910853424
5600,0.195,232.033,-0.511679955110318,970.6719012769082,0.9781660636589056,0.0012226721977129857,376.24604841015025,5553.205871582031,0.9996669292449951,5600.0,0.195,0.217,971.0204500641894,-1.0,0.007397064831511139,0.009182355,0.229971191523578
5600,0.367,294.971,-0.47482853513826956,1329.5624652126694,0.9140288596611468,0.0007940307172883342,378.5842864053708,5515.088176727295,0.9994122385978699,5600.0,0.367,0.221,1328.731714587164,-1.0,0.0005093104252969926,0.017924647000000002,0.23350969607349942
5600,0.597,362.336,-0.4462835172403603,1683.7114561423944,0.870576350147783,0.000563345523843534,343.2743890281393,5466.68119430542,0.9988328814506531,5600.0,0.597,0.22699999999999998,1682.6647666017739,-1.0,-0.008306627026109204,0.030762812999999993,0.23742659708928285
5600,0.866,418.01300000000003,-0.4203407406435511,2005.512658704568,0.8330639129047779,0.0004261174350873362,305.2922760064188,5402.697420120239,1.00004243850708,5600.0,0.866,0.233,2004.8600010710456,-1.0,-0.020079979584502125,0.047014274,0.216629
5650,0.0,0.0,0.0,0.0,-0.0,0.0,-0.0,5650.0,1.0,5650.0,0.0,0.0,0.0,1.0,0.024677214478834638,0.0,0.34245
5650,0.0,137.72000000000025,-1.0,0.0,1.0,0.0,1000000.0,5650.0,1.0,5650.0,0.0,0.0,0.0,-1.0,0.024677214478834638,0.0,0.34245
5650,0.118,227.187,-0.5896183974069592,736.2680476763742,1.1516433568758808,0.001916762130451416,-240.0721507632952,5622.343409061432,0.9995812177658081,5650.0,0.118,0.218,742.2780339401979,-1.0,0.01977022301678134,0.005607831999999999,0.18167748222011293
5650,0.195,261.817,-0.5481718130785653,964.0001210935959,1.0618257376433506,0.0013408795848985288,114.61326903690497,5602.788066864014,0.9996669292449951,5650.0,0.195,0.218,966.9583103129978,-1.0,0.016286012248757222,0.00926718,0.22520841983533957
5650,0.367,322.411,-0.5012989499206674,1332.2080868482733,0.9716889507492472,0.0008534930741493633,268.19065043630053,5564.330035448074,0.9994122385978699,5650.0,0.367,0.221,1332.090659684648,-1.0,0.009398257842543107,0.017924647000000002,0.22869857068250402
5700,0.0,0.0,0.0,0.0,-0.0,0.0,-0.0,5700.0,1.0,5700.0,0.0,0.0,0.0,1.0,0.03348784416098951,0.0,0.34245
5700,0.0,187.72000000000025,-1.0,0.0,1.0,0.0,1000000.0,5700.0,1.0,5700.0,0.0,0.0,0.0,-1.0,0.03348784416098951,0.0,0.34245
5700,0.118,259.625,-0.6339388281200179,712.424423483721,1.2636339451143375,0.0021162207229139655,-906.0192629398516,5672.098660469055,0.9995812177658081,5700.0,0.118,0.21899999999999997,724.3303741914315,-1.0,0.028580852698936166,0.005659397999999999,0.17536805358680424
5700,0.195,291.601,-0.5841677885266419,949.3948412121277,1.1470965265503503,0.0014644348207489156,-216.0667307280837,5652.370262145996,0.9996669292449951,5700.0,0.195,0.218,956.8077195768368,-1.0,0.025096641930911958,0.00926718,0.22044564814710288
5700,0.367,349.851,-0.527530835852694,1329.0416701549857,1.0300164638589364,0.0009126515223092135,136.05687989133503,5613.571894168854,0.9994122385978699,5700.0,0.367,0.221,1330.8965301019452,-1.0,0.01820888752469787,0.017924647000000002,0.22388744529151042
5700,0.597,409.381,-0.4871296218200509,1698.253109021721,0.9557111339795732,0.0006360718185857792,217.3398069473613,5564.300501346588,0.9988328814506531,5700.0,0.597,0.22399999999999998,1697.1847457994663,-1.0,0.009392950073291821,0.029955071999999992,0.22979088584441323
5700,0.866,455.941,-0.4534733754343807,2032.512894590863,0.8978954429077333,0.0004767340414727649,228.68821914434977,5499.1741597652435,1.00004243850708,5700.0,0.866,0.22699999999999998,2030.123118169258,-1.0,-0.0023804024851011834,0.04462411399999999,0.216629
5750,0.0,0.0,0.0,0.0,-0.0,0.0,-0.0,5750.0,1.0,5750.0,0.0,0.0,0.0,1.0,0.042221524129744094,0.0,0.34245
5750,0.0,237.72000000000025,-1.0,0.0,1.0,0.0,1000000.0,5750.0,1.0,5750.0,0.0,0.0,0.0,-1.0,0.042221524129744094,0.0,0.34245
5750,0.118,292.064,-0.6784301305356762,678.5309501429239,1.3825334952423844,0.002350926585376356,-1793.9899173222293,5721.8539118766785,0.9995812177658081,5750.0,0.118,0.217,699.6616566047192,-1.0,0.03731453266769092,0.005556502,0.16905862495349316
5750,0.195,321.385,-0.6205734278054676,926.3912462850378,1.2363813039140652,0.0016055876484526942,-640.9195472408192,5701.9524574279785,0.9996669292449951,5750.0,0.195,0.21600000000000003,940.9175124195959,-1.0,0.03383032189966662,0.009097920000000002,0.21568287645886441
5750,0.367,377.29,-0.5543825324360165,1319.8181080771262,1.0903605728553627,0.0009820078593034244,-29.97223597237962,5662.813752889633,0.9994122385978699,5750.0,0.367,0.21899999999999997,1325.279938200481,-1.0,0.02694256749345256,0.017601686999999994,0.21907631990051502
5800,0.0,0.0,0.0,0.0,-0.0,0.0,-0.0,5800.0,1.0,5800.0,0.0,0.0,0.0,1.0,0.05087958687285865,0.0,0.34245
5800,0.0,287.72000000000025,-1.0,0.0,1.0,0.0,1000000.0,5800.0,1.0,5800.0,0.0,0.0,0.0,-1.0,0.05087958687285865,0.0,0.34245
5800,0.118,324.503,-0.7250905834283927,631.7153128860693,1.516338526929994,0.0026562407935284203,-3035.350276146717,5771.609163284302,0.9995812177658081,5800.0,0.118,0.21100000000000002,669.1695143302408,-1.0,0.04597259541080543,0.0052534780000000015,0.16274919632018447
5800,0.195,351.16900000000004,-0.6580131156883344,893.8819793669605,1.332204605962544,0.0017716398847129997,-1190.9584182252293,5751.534652709961,0.9996669292449951,5800.0,0.195,0.212,919.726098521259,-1.0,0.042488384642781256,0.00876408,0.21092010477062773
5800,0.367,404.73,-0.5812452565287141,1304.4925875373322,1.1522989734186755,0.0010529852620094892,-226.1707896755479,5712.055611610413,0.9994122385978699,5800.0,0.367,0.217,1315.4106112924912,-1.0,0.035600630236567225,0.017281663,0.21426519450952144
5800,0.597,461.999,-0.5280570066623161,1694.9336247457272,1.0438702775983333,0.0007078519898025223,50.06326838027712,5661.919808387756,0.9988328814506531,5800.0,0.597,0.222,1697.633692128498,-1.0,0.026784692785160893,0.029422548,0.2241653923686183
5800,0.866,504.961,-0.4868379671668691,2045.3320909887316,0.9665863571943545,0.0005218041269424866,135.1048813293972,5595.650899410248,1.00004243850708,5800.0,0.866,0.225,2043.7022493505428,-1.0,0.015011340226767913,0.043841250000000005,0.216629
5850,0.0,0.0,0.0,0.0,-0.0,0.0,-0.0,5850.0,1.0,5850.0,0.0,0.0,0.0,1.0,0.05946333056425011,0.0,0.34245
5850,0.0,337.72000000000025,-1.0,0.0,1.0,0.0,1000000.0,5850.0,1.0,5850.0,0.0,0.0,0.0,-1.0,0.05946333056425011,0.0,0.34245
5850,0.118,356.941,-0.7750628562224054,567.8035307887657,1.674236250749729,0.0030664012705686073,-4842.022985404707,5821.364414691925,0.9995812177658081,5850.0,0.118,0.201,633.8590410197114,-1.0,0.054556339102196844,0.004767318,0.1564397676868734
5850,0.195,380.952,-0.6970558100057382,850.0662709988817,1.437666925052052,0.0019719071595112408,-1913.419970014722,5801.116847991943,0.9996669292449951,5850.0,0.195,0.20600000000000002,893.74465037075,-1.0,0.05107212833417279,0.008275020000000003,0.20615733308238926
5850,0.367,432.17,-0.608724527142472,1282.4292318908467,1.2171759788984176,0.001132294871646024,-464.4405455942224,5761.297470331192,0.9994122385978699,5850.0,0.367,0.214,1301.4929743353262,-1.0,0.04418437392795857,0.016807132,0.2094540691185261
5900,0.0,0.0,0.0,0.0,-0.0,0.0,-0.0,5900.0,1.0,5900.0,0.0,0.0,0.0,1.0,0.06797402023215873,0.0,0.34245
5900,0.0,387.72000000000025,-1.0,0.0,1.0,0.0,1000000.0,5900.0,1.0,5900.0,0.0,0.0,0.0,-1.0,0.06797402023215873,0.0,0.34245
5900,0.118,389.38,-0.8316313398899271,476.20717260236165,1.8807194333409676,0.00369233671199799,-7792.872031573395,5871.119666099548,0.9995812177658081,5900.0,0.118,0.185,594.7931733570974,-1.0,0.06306702877010563,0.004038549999999999,0.15013033905356468
5900,0.195,410.736,-0.739375041592255,790.533063394907,1.5602461328526633,0.002235508057127244,-2916.370226219653,5850.699043273926,0.9996669292449951,5900.0,0.195,0.19699999999999998,863.5394300908986,-1.0,0.059582818002081275,0.007567754999999998,0.20139456139415257
5900,0.367,459.60900000000004,-0.6379116474125675,1251.7970196250292,1.2878706411074061,0.0012302998140675198,-766.6992223553625,5810.539329051971,0.9994122385978699,5900.0,0.367,0.209,1283.7614594776962,-1.0,0.05269506359586729,0.016030927,0.2046429437275325
5900,0.597,514.617,-0.5705878569075926,1672.4701550322259,1.1372472944403613,0.0007938789094103501,-182.39118336654928,5759.539115428925,0.9988328814506531,5900.0,0.597,0.217,1684.713493638131,-1.0,0.04387912614446111,0.028112132999999997,0.21853989889282335
5900,0.866,554.404,-0.5212456299419674,2043.5433308708607,1.0378183409105226,0.0005734048759448839,10.445359194826551,5692.127639055252,1.00004243850708,5900.0,0.866,0.221,2045.9651837634417,-1.0,0.032105773586068156,0.042296306,0.181342
5950,0.0,0.0,0.0,0.0,-0.0,0.0,-0.0,5950.0,1.0,5950.0,0.0,0.0,0.0,1.0,0.07641288887802333,0.0,0.34245
5950,0.0,437.72000000000025,-1.0,0.0,1.0,0.0,1000000.0,5950.0,1.0,5950.0,0.0,0.0,0.0,-1.0,0.07641288887802333,0.0,0.34245
5950,0.118,433.66,-0.8574478055586195,426.64897851336417,1.9898792074212892,0.003759610119305452,-9589.746423784716,5920.874917507172,0.9995812177658081,5950.0,0.118,0.18899999999999997,553.045571999168,-1.0,0.07150589741597019,0.004215077999999999,0.14602038865057912
5950,0.195,446.473,-0.7750300371822041,729.9788930921017,1.6731899436781124,0.002431180734696471,-3976.9778704948403,5900.281238555908,0.9996669292449951,5950.0,0.195,0.193,829.7139800618702,-1.0,0.06802168664794596,0.007263555000000001,0.19718888439514665
5950,0.367,487.04900000000004,-0.6674496842736313,1213.0644350222376,1.3623745804140803,0.0013347882648968815,-1127.5290438322027,5859.781187772751,0.9994122385978699,5950.0,0.367,0.204,1262.475657826666,-1.0,0.061133932241731796,0.015273071999999997,0.1998318183365371
6000,0.0,0.0,0.0,0.0,-0.0,0.0,-0.0,6000.0,1.0,6000.0,0.0,0.0,0.0,1.0,0.08478113854853993,0.0,0.34245
6000,0.0,487.72000000000025,-1.0,0.0,1.0,0.0,1000000.0,6000.0,1.0,6000.0,0.0,0.0,0.0,-1.0,0.08478113854853993,0.0,0.34245
6000,0.118,480.199,-0.8754782780492539,388.74706110553814,2.07330726434515,0.003711888369749769,-11114.747919756192,5970.630168914795,0.9995812177658081,6000.0,0.118,0.196,509.65841776902823,-1.0,0.07987414708648673,0.004533088,0.14232979684120256
6000,0.195,489.577,-0.7980344449718845,685.481199906989,1.7522448967460722,0.0024691430193193443,-4789.49432810484,5949.863433837891,0.9996669292449951,6000.0,0.195,0.19699999999999998,792.8918284809878,-1.0,0.07638993631846262,0.007567754999999998,0.1936728479665396
6000,0.367,521.5,-0.6927526502096978,1173.5136350384646,1.4298171802267765,0.0014045763858093734,-1481.5418043710597,5909.02304649353,0.9994122385978699,6000.0,0.367,0.203,1237.9154214985745,-1.0,0.0695021819122485,0.015123703,0.1957579259176836
6000,0.597,567.235,-0.61519358859136,1627.802529313338,1.2386927432803811,0.0008961594339343163,-500.38362284422874,5857.158422470093,0.9988328814506531,6000.0,0.597,0.21,1659.3878357554968,-1.0,0.06068624446084223,0.026327699999999996,0.21291440541702844
6000,0.866,603.8480000000001,-0.5567895710695646,2025.676582099397,1.1128457885337806,0.0006309296581403233,-150.84873927912554,5788.604378700256,1.00004243850708,6000.0,0.866,0.21600000000000003,2037.4399332621301,-1.0,0.0489128919024493,0.04040409600000001,0.181342
6050,0.0,0.0,0.0,0.0,-0.0,0.0,-0.0,6050.0,1.0,6050.0,0.0,0.0,0.0,1.0,0.093079941363235,0.0,0.34245
6050,0.0,537.7200000000003,-1.0,0.0,1.0,0.0,1000000.0,6050.0,1.0,6050.0,0.0,0.0,0.0,-1.0,0.093079941363235,0.0,0.34245
6050,0.118,526.738,-0.8929737345025126,349.09983451550704,2.1616786893810733,0.003700296342233465,-12907.099789987667,6020.385420322418,0.9995812177658081,6050.0,0.118,0.201,465.60688128381923,-1.0,0.08817294990118196,0.004767318,0.1386392050318246
6050,0.195,532.681,-0.819839169254587,639.0810573268335,1.8317207584547424,0.002512275537888349,-5701.919366120441,5999.445629119873,0.9996669292449951,6050.0,0.195,0.2,753.7002655637175,-1.0,0.08468873913315776,0.007800000000000001,0.19015681153793126
6050,0.367,559.481,-0.7148961658344403,1133.9141566829633,1.491560431492708,0.001451422886222398,-1834.3843574950224,5958.26490521431,0.9994122385978699,6050.0,0.367,0.204,1210.3760146660438,-1.0,0.07780098472694366,0.015273071999999997,0.1920554531852074
6100,0.0,0.0,0.0,0.0,-0.0,0.0,-0.0,6100.0,1.0,6100.0,0.0,0.0,0.0,1.0,0.10131044049975066,0.0,0.34245
6100,0.0,587.7200000000003,-1.0,0.0,1.0,0.0,1000000.0,6100.0,1.0,6100.0,0.0,0.0,0.0,-1.0,0.10131044049975066,0.0,0.34245
6100,0.118,573.276,-0.9099836694641388,307.5330421466625,2.2570873214571083,0.003722425903610994,-15050.066098843847,6070.1406717300415,0.9995812177658081,6100.0,0.118,0.204,421.7713334125925,-1.0,0.09640344903769738,0.004910687999999999,0.13494861322244803
6100,0.195,575.785,-0.8419463222484193,587.528565603642,1.9179544277903773,0.002581048469644324,-6809.032509325669,6049.0278244018555,0.9996669292449951,6100.0,0.195,0.201,712.7556367859053,-1.0,0.09291923826967309,0.007878195000000001,0.18664077510932425
6100,0.367,597.4630000000001,-0.7370718116503547,1089.4216459383035,1.5555199293561905,0.0015050141873454571,-2241.6367599469486,6007.506763935089,0.9994122385978699,6100.0,0.367,0.204,1180.1634014363165,-1.0,0.08603148386345902,0.015273071999999997,0.18835298045273258
6100,0.597,633.2230000000001,-0.6544692937782393,1570.1189017754348,1.3344549527089864,0.0009665451204597694,-846.9425220798703,5954.777729511261,0.9988328814506531,6100.0,0.597,0.209,1622.824938940901,-1.0,0.0772155464120529,0.026077556999999998,0.20596062850580177
6100,0.866,655.52,-0.5937338654321791,1989.6963874596663,1.1929448116143084,0.0006961619129114703,-358.8743587297163,5885.081118345261,1.00004243850708,6100.0,0.866,0.21,2018.7877643574225,-1.0,0.06544219385365979,0.03819059999999999,0.181342
6150,0.0,0.0,0.0,0.0,-0.0,0.0,-0.0,6150.0,1.0,6150.0,0.0,0.0,0.0,1.0,0.10947375113891157,0.0,0.34245
6150,0.0,637.7200000000003,-1.0,0.0,1.0,0.0,1000000.0,6150.0,1.0,6150.0,0.0,0.0,0.0,-1.0,0.10947375113891157,0.0,0.34245
6150,0.118,619.815,-0.926428277014144,264.13258705503875,2.3618252774606514,0.0037771810298926397,-17653.91769837367,6119.895923137665,0.9995812177658081,6150.0,0.118,0.205,378.91770395546075,-1.0,0.10456675967685825,0.004958949999999999,0.13125802141307008
6150,0.367,635.445,-0.7581607834756908,1042.4398842532703,1.6189103706159083,0.001555203982158982,-2685.8019011267097,6056.7486226558685,0.9994122385978699,6150.0,0.367,0.204,1147.5897464938762,-1.0,0.09419479450262003,0.015273071999999997,0.18465050772025632
6200,0.0,0.0,0.0,0.0,-0.0,0.0,-0.0,6200.0,1.0,6200.0,0.0,0.0,0.0,1.0,0.11757096137153092,0.0,0.34245
6200,0.0,687.7200000000003,-1.0,0.0,1.0,0.0,1000000.0,6200.0,1.0,6200.0,0.0,0.0,0.0,-1.0,0.11757096137153092,0.0,0.34245
6200,0.118,666.3530000000001,-0.9421052366835054,219.32955861257594,2.478584390614504,0.003864575581231349,-20869.43185143906,6169.651174545288,0.9995812177658081,6200.0,0.118,0.204,337.6858155306007,-1.0,0.11266396990947755,0.004910687999999999,0.1275674296036935
6200,0.195,661.9939999999999,-0.8846371298959015,473.53522823281895,2.1080087106708234,0.0027648282530774904,-9687.539404668685,6148.19221496582,0.9996669292449951,6200.0,0.195,0.19899999999999998,627.9427506194812,-1.0,0.1091797591414535,0.0077221949999999985,0.17960870225210887
6200,0.367,673.427,-0.7807472189487337,986.8355285357823,1.6897556144369084,0.0016257688535486112,-3238.206716454155,6105.990481376648,0.9994122385978699,6200.0,0.367,0.20199999999999999,1112.969191978985,-1.0,0.10229200473523928,0.014975067999999998,0.1809480349877815
6200,0.597,701.302,-0.6930357940258407,1496.1180193215444,1.4328864707655287,0.001040363718332684,-1275.1688041271318,6052.397036552429,0.9988328814506531,6200.0,0.597,0.207,1576.3398235365942,-1.0,0.09347606728383309,0.025580852999999997,0.19879924303591162
6200,0.866,719.539,-0.6256548597535191,1944.0767096189732,1.2670344240325928,0.0007360237481349679,-570.7070386469973,5981.557857990265,1.00004243850708,6200.0,0.866,0.21,1990.7758691756148,-1.0,0.08170271472544022,0.03819059999999999,0.181342
6250,0.0,0.0,0.0,0.0,-0.0,0.0,-0.0,6250.0,1.0,6250.0,0.0,0.0,0.0,1.0,0.12560313306879517,0.0,0.34245
6250,0.0,737.7200000000003,-1.0,0.0,1.0,0.0,1000000.0,6250.0,1.0,6250.0,0.0,0.0,0.0,-1.0,0.12560313306879517,0.0,0.34245
6250,0.118,712.8919999999999,-0.9591177147781951,166.08891123071982,2.6366157602986338,0.004064597842418087,-25718.48405055655,6219.406425952911,0.9995812177658081,6250.0,0.118,0.198,298.5850514467594,-1.0,0.12069614160674196,0.004626072,0.12387683779431555
6250,0.367,711.409,-0.8036845779830766,924.4592091543218,1.7658692682118717,0.0017075136696446517,-3894.851365725819,6155.232340097427,0.9994122385978699,6250.0,0.367,0.19899999999999998,1076.613961474273,-1.0,0.11032417643250361,0.014533566999999996,0.17724556225530527
6300,0.0,0.0,0.0,0.0,-0.0,0.0,-0.0,6300.0,1.0,6300.0,0.0,0.0,0.0,1.0,0.13357130271797202,0.0,0.34245
6300,0.0,787.7200000000003,-1.0,0.0,1.0,0.0,1000000.0,6300.0,1.0,6300.0,0.0,0.0,0.0,-1.0,0.13357130271797202,0.0,0.34245
6300,0.118,759.431,-0.9774665235608009,101.41222150437484,2.882596716461661,0.004478886770675832,-34363.26961015462,6269.161677360535,0.9995812177658081,6300.0,0.118,0.184,261.99637673085346,-1.0,0.12866431125591876,0.0039950079999999995,0.12018624598493899
6300,0.195,748.202,-0.9309631628005574,323.3607606520274,2.3789539645138724,0.0031522554151674066,-14861.711043235162,6247.356605529785,0.9996669292449951,6300.0,0.195,0.18600000000000003,542.728760152023,-1.0,0.12518010048789455,0.0067462200000000016,0.1725766293948935
6300,0.367,749.3910000000001,-0.8269781696178924,854.607390442528,1.8485981122623674,0.0018024221595005071,-4684.495087289157,6204.474198818207,0.9994122385978699,6300.0,0.367,0.195,1038.8308296012976,-1.0,0.11829234608168057,0.013955175,0.17354308952283043
6300,0.597,769.3810000000001,-0.7334851231385575,1399.079581454485,1.5418056231026376,0.001135558801977109,-1845.8555439401007,6150.016343593597,0.9988328814506531,6300.0,0.597,0.20199999999999999,1521.3388056042343,-1.0,0.10947640863027433,0.024359987999999996,0.19163785756602147
6300,0.866,783.559,-0.6594209639239539,1880.7902773572837,1.3468189370421255,0.0007889953903912293,-844.8525970561323,6078.034597635269,1.00004243850708,6300.0,0.866,0.207,1954.250613258744,-1.0,0.09770305607188126,0.037107233999999996,0.176309
6350,0.0,0.0,0.0,0.0,-0.0,0.0,-0.0,6350.0,1.0,6350.0,0.0,0.0,0.0,1.0,0.14147648222508527,0.0,0.34245
6350,0.0,837.7200000000003,-1.0,0.0,1.0,0.0,1000000.0,6350.0,1.0,6350.0,0.0,0.0,0.0,-1.0,0.14147648222508527,0.0,0.34245
6350,0.118,808.747,-0.9808242806338657,88.46227461642297,2.9401623031479716,0.004339370024447303,-36844.943986557104,6318.916928768158,0.9995812177658081,6350.0,0.118,0.18899999999999997,228.1795224220433,-1.0,0.136569490763032,0.004215077999999999,0.12422486714226239
6400,0.0,0.0,0.0,0.0,-0.0,0.0,-0.0,6400.0,1.0,6400.0,0.0,0.0,0.0,1.0,0.14931965968611116,0.0,0.34245
6400,0.0,887.7200000000003,-1.0,0.0,1.0,0.0,1000000.0,6400.0,1.0,6400.0,0.0,0.0,0.0,-1.0,0.14931965968611116,0.0,0.34245
6400,0.118,858.22,-0.9835662301080939,77.55031488831042,2.9929292795579308,0.004202533077033113,-39262.1256877851,6368.672180175781,0.9995812177658081,6400.0,0.118,0.19399999999999998,197.2840550848081,-1.0,0.14441266822405802,0.004441047999999999,0.128702243656131
6400,0.195,842.7189999999999,-0.9520778407356287,242.6774868113332,2.5460414804222697,0.003188938421744441,-18835.67331304078,6346.52099609375,0.9996669292449951,6400.0,0.195,0.187,460.6113929643892,-1.0,0.14092845745603383,0.006818955000000001,0.17188643016517707
6400,0.367,830.495,-0.8672404979224867,716.7468775348912,2.0093866208704556,0.0019623911301367104,-6455.929995349616,6302.957916259766,0.9994122385978699,6400.0,0.367,0.18899999999999997,960.162294601917,-1.0,0.1340407030498197,0.013109606999999995,0.16738725183408862
6400,0.597,837.459,-0.7751138909759463,1276.9926272374764,1.6629709013901381,0.001250824839204245,-2602.481991585353,6247.635650634766,0.9988328814506531,6400.0,0.597,0.195,1459.268334657892,-1.0,0.1252247655984134,0.022700925,0.18447647209613133
6400,0.866,847.578,-0.6936078073164449,1800.4461914453123,1.430872852514895,0.0008477624694693744,-1182.2146634683868,6174.511337280273,1.00004243850708,6400.0,0.866,0.203,1910.1121201067172,-1.0,0.11345141304002056,0.035686994,0.176309
6450,0.0,0.0,0.0,0.0,-0.0,0.0,-0.0,6450.0,1.0,6450.0,0.0,0.0,0.0,1.0,0.15710180012816607,0.0,0.34245
6450,0.0,937.7200000000003,-1.0,0.0,1.0,0.0,1000000.0,6450.0,1.0,6450.0,0.0,0.0,0.0,-1.0,0.15710180012816607,0.0,0.34245
6450,0.118,907.694,-0.9858186858179047,68.3276975044365,3.041331526510584,0.004069225530295252,-41611.916421869246,6418.4274315834045,0.9995812177658081,6450.0,0.118,0.19899999999999998,169.36306839018522,-1.0,0.1521948086661129,0.004672917999999999,0.1331796201700013
6500,0.0,0.0,0.0,0.0,-0.0,0.0,-0.0,6500.0,1.0,6500.0,0.0,0.0,0.0,1.0,0.16482384622207635,0.0,0.34245
6500,0.0,987.7200000000003,-1.0,0.0,1.0,0.0,1000000.0,6500.0,1.0,6500.0,0.0,0.0,0.0,-1.0,0.16482384622207635,0.0,0.34245
6500,0.118,957.1669999999999,-0.9873141955805254,62.05919183365399,3.0753364472274445,0.003917918959516269,-43443.6825653431,6468.182682991028,0.9995812177658081,6500.0,0.118,0.205,144.38832898245388,-1.0,0.15991685476002315,0.004958949999999999,0.13765699668386994
6500,0.195,939.808,-0.9635039361879155,194.65096316288347,2.6577172662565545,0.0030875571078140037,-21968.15080712612,6445.685386657715,0.9996669292449951,6500.0,0.195,0.193,384.20051097049856,-1.0,0.156432643991999,0.007263555000000001,0.1731599699310883
6500,0.367,921.295,-0.8901893426828782,627.1441515646565,2.114361212764422,0.001972729752718991,-7818.831170019235,6401.4416337013245,0.9994122385978699,6500.0,0.367,0.192,879.199789328462,-1.0,0.1495448895857849,0.013529088,0.16358717553222513
6500,0.597,917.9839999999999,-0.8061781903397858,1169.9492313316919,1.762325022498445,0.001307355154764238,-3318.045395154517,6345.254957675934,0.9988328814506531,6500.0,0.597,0.19399999999999998,1391.5696833436373,-1.0,0.14072895213437875,0.02246869199999999,0.17925447731004088
6600,0.0,0.0,0.0,0.0,-0.0,0.0,-0.0,6600.0,1.0,6600.0,0.0,0.0,0.0,1.0,0.18009131835286496,0.0,0.34245
6600,0.0,1087.7200000000003,-1.0,0.0,1.0,0.0,1000000.0,6600.0,1.0,6600.0,0.0,0.0,0.0,-1.0,0.18009131835286496,0.0,0.34245
6600,0.118,1056.114,-0.9918961586938466,41.978558036509426,3.2167064103772915,0.003793797817768751,-50697.24330262252,6567.693185806274,0.9995812177658081,6600.0,0.118,0.209,102.85113408399886,-1.0,0.17518432689081165,0.0051543579999999995,0.14661174971160884
6600,0.195,1036.8980000000001,-0.9738418153751911,147.76242921830462,2.785228870139729,0.003032998349751135,-25923.06469479666,6544.84977722168,0.9996669292449951,6600.0,0.195,0.196,315.2196800179462,-1.0,0.17170011612278752,0.007491120000000001,0.17443350969699956
6600,0.367,1012.0939999999999,-0.9116764998258247,534.74690833365,2.2259538943821013,0.0019977963683503225,-9466.888829494732,6499.925351142883,0.9994122385978699,6600.0,0.367,0.193,797.934050059561,-1.0,0.16481236171657332,0.013670383000000001,0.15978709923036166
6600,0.597,1000.7460000000001,-0.8329160021984938,1065.8596740949663,1.8549889324281073,0.0013465279717840245,-4081.8601309067926,6442.874264717102,0.9988328814506531,6600.0,0.597,0.19399999999999998,1319.6404316985968,-1.0,0.15599642426516708,0.02246869199999999,0.1743812174538451
6600,0.866,990.061,-0.7550912072890603,1612.2667904126142,1.5949045618509254,0.0009447096158897938,-1987.0740546247362,6367.464816570282,1.00004243850708,6600.0,0.866,0.198,1802.7260659646201,-1.0,0.1442230717067741,0.033950664000000005,0.176309
6700,0.0,0.0,0.0,0.0,-0.0,0.0,-0.0,6700.0,1.0,6700.0,0.0,0.0,0.0,1.0,0.19512919571740542,0.0,0.34245
6700,0.0,1187.7200000000003,-1.0,0.0,1.0,0.0,1000000.0,6700.0,1.0,6700.0,0.0,0.0,0.0,-1.0,0.19512919571740542,0.0,0.34245
6700,0.118,1155.0610000000001,-0.9955211470340369,24.81975173476366,3.3922042088404964,0.003739992770699492,-60482.748534637445,6667.203688621521,0.9995812177658081,6700.0,0.118,0.209,71.39753656062328,-1.0,0.19022220425535225,0.0051543579999999995,0.15556650273934777
6700,0.195,1133.987,-0.9846174814064729,94.19849735050589,2.9750315627271426,0.00309300437690761,-32388.693348538713,6644.0141677856445,0.9996669292449951,6700.0,0.195,0.192,254.59000834632317,-1.0,0.18673799348732795,0.0071884800000000006,0.1757070494629108
6700,0.367,1102.893,-0.9338333438814707,429.29310838751877,2.3628306820451614,0.0020677305971352387,-11757.776914591966,6598.409068584442,0.9994122385978699,6700.0,0.367,0.19,718.0678786270533,-1.0,0.17985023908111378,0.0132487,0.15598702292849817
6700,0.597,1083.509,-0.8625047071642706,936.3928581378708,1.9679421436893847,0.0014213951150384414,-5147.120925654639,6540.49357175827,0.9988328814506531,6700.0,0.597,0.19,1244.8031837241372,-1.0,0.17103430162970767,0.0215517,0.16950795759764936
6800,0.0,0.0,0.0,0.0,-0.0,0.0,-0.0,6800.0,1.0,6800.0,0.0,0.0,0.0,1.0,0.20994428150254604,0.0,0.34245
6800,0.0,1287.7200000000003,-1.0,0.0,1.0,0.0,1000000.0,6800.0,1.0,6800.0,0.0,0.0,0.0,-1.0,0.20994428150254604,0.0,0.34245
6800,0.195,1232.0230000000001,-0.9905501376089134,61.746187071028494,3.1318293400470942,0.003079175382325679,-38561.53508713006,6743.178558349609,0.9996669292449951,6800.0,0.195,0.191,202.5646904572352,-1.0,0.20155307927246868,0.007113795,0.17759519594000409
6800,0.367,1194.243,-0.9564075924323524,308.52362313388227,2.5434442654498737,0.0022013612309937066,-15222.403742949755,6696.892786026001,0.9994122385978699,6800.0,0.367,0.182,640.9964102809503,-1.0,0.19466532486625457,0.012156508,0.1527174589634324
6800,0.597,1166.271,-0.8918000569549336,791.4232045897014,2.0960594373297843,0.0015150982299465708,-6536.491725349228,6638.1128787994385,0.9988328814506531,6800.0,0.597,0.184,1168.2815292782313,-1.0,0.18584938741484822,0.020212031999999998,0.16463469774145356
6800,0.866,1144.649,-0.8089292929627407,1396.8277607619298,1.7565737228576732,0.0010256582838171044,-3007.2952422547223,6560.4182958602905,1.00004243850708,6800.0,0.866,0.19399999999999998,1676.0613516294866,-1.0,0.1740760348564553,0.03259277599999999,0.171407
6900,0.0,0.0,0.0,0.0,-0.0,0.0,-0.0,6900.0,1.0,6900.0,0.0,0.0,0.0,1.0,0.22454308092369868,0.0,0.34245
6900,0.0,1387.7200000000003,-1.0,0.0,1.0,0.0,1000000.0,6900.0,1.0,6900.0,0.0,0.0,0.0,-1.0,0.22454308092369868,0.0,0.34245
6900,0.195,1330.868,-0.9926809764482556,49.3362200892853,3.2026071659603073,0.0029357978776935172,-42016.282574917044,6842.342948913574,0.9996669292449951,6900.0,0.195,0.19699999999999998,158.88564170503497,-1.0,0.2161518786936213,0.007567754999999998,0.18000875662996801
6900,0.367,1290.896,-0.9641341978461427,263.25575414296287,2.6171210440496226,0.002139818404543768,-16965.304185763394,6795.37650346756,0.9994122385978699,6900.0,0.367,0.18600000000000003,567.8065683388583,-1.0,0.20926412428740723,0.012696732000000002,0.15454779284305414
6900,0.597,1254.5339999999999,-0.9136173588625,670.8089067892683,2.206693499011001,0.001568606849562734,-7919.605308071608,6735.732185840607,0.9988328814506531,6900.0,0.597,0.18100000000000002,1091.1829275625178,-1.0,0.200448186836001,0.019558317000000002,0.1613325456963166
7000,0.0,0.0,0.0,0.0,-0.0,0.0,-0.0,7000.0,1.0,7000.0,0.0,0.0,0.0,1.0,0.23893181837579827,0.0,0.34245
7000,0.0,1487.7200000000003,-1.0,0.0,1.0,0.0,1000000.0,7000.0,1.0,7000.0,0.0,0.0,0.0,-1.0,0.23893181837579827,0.0,0.34245
7000,0.195,1429.7120000000002,-0.9944559964565454,38.58402713867708,3.276606395771535,0.0028145722958490623,-45827.1648357978,6941.507339477539,0.9996669292449951,7000.0,0.195,0.20199999999999999,122.93961402602392,-1.0,0.2305406161457208,0.007956779999999998,0.18242231731993191
7000,0.367,1387.5479999999998,-0.9710265422629972,220.7436531776369,2.693645277555735,0.0020893877237900364,-18917.579506339753,6893.860220909119,0.9994122385978699,7000.0,0.367,0.18899999999999997,499.2916348675755,-1.0,0.2236528617395068,0.013109606999999995,0.15637812672267587
7000,0.597,1347.0839999999998,-0.9262888439622097,594.9723769851564,2.2782103124141067,0.001555139025171255,-8951.790037989325,6833.351492881775,0.9988328814506531,7000.0,0.597,0.183,1014.4879397468417,-1.0,0.2148369242881005,0.019992932999999997,0.15925506563425898
7000,0.866,1306.66,-0.8569249247075135,1158.679835381419,1.9231478056316536,0.0011034179278511553,-4336.48805064226,6753.371775150299,1.00004243850708,7000.0,0.866,0.18899999999999997,1537.178674674637,-1.0,0.2030635717297076,0.03093438599999999,0.171407
7100,0.0,0.0,0.0,0.0,-0.0,0.0,-0.0,7100.0,1.0,7100.0,0.0,0.0,0.0,1.0,0.2531164533677547,0.0,0.34245
7100,0.0,1587.7200000000003,-1.0,0.0,1.0,0.0,1000000.0,7100.0,1.0,7100.0,0.0,0.0,0.0,-1.0,0.2531164533677547,0.0,0.34245
7100,0.367,1484.201,-0.9777181678893944,177.1612416703392,2.7838817262676354,0.0020620233782489986,-21359.47201908227,6992.3439383506775,0.9994122385978699,7100.0,0.367,0.19,435.9767931316319,-1.0,0.23783749673146318,0.0132487,0.1582084606022976
7100,0.597,1439.635,-0.9404190153319885,504.57947886443617,2.369617839651612,0.0015713682225636672,-10368.446617935377,6930.970799922943,0.9988328814506531,7100.0,0.597,0.182,939.045071762845,-1.0,0.22902155928005702,0.019775028,0.15717758557220135
7200,0.0,0.0,0.0,0.0,-0.0,0.0,-0.0,7200.0,1.0,7200.0,0.0,0.0,0.0,1.0,0.2671026953424947,0.0,0.34245
7200,0.0,1687.7200000000003,-1.0,0.0,1.0,0.0,1000000.0,7200.0,1.0,7200.0,0.0,0.0,0.0,-1.0,0.2671026953424947,0.0,0.34245
7200,0.367,1580.8529999999998,-0.9843854405895818,130.90039786891901,2.900766436119408,0.0020682258366809207,-24710.73352680901,7090.827655792236,0.9994122385978699,7200.0,0.367,0.188,378.1517586537776,-1.0,0.25182373870620306,0.012971248,0.16003879448191932
7200,0.597,1532.185,-0.9533003673069553,415.9155572396964,2.4678059387382136,0.00159343436420933,-12041.42366511048,7028.590106964111,0.9988328814506531,7200.0,0.597,0.18,865.57039440157,-1.0,0.24300780125479682,0.019342799999999997,0.15510010551014375
7200,0.866,1480.996,-0.8914419697875631,955.4612718730472,2.063968122141252,0.0011337428308309464,-5732.86382119812,6946.325254440308,1.00004243850708,7200.0,0.866,0.188,1392.377673806797,-1.0,0.23123444869640397,0.030607904000000002,0.175491
7300,0.0,0.0,0.0,0.0,-0.0,0.0,-0.0,7300.0,1.0,7300.0,0.0,0.0,0.0,1.0,0.28089601747483045,0.0,0.34245
7300,0.0,1787.7200000000003,-1.0,0.0,1.0,0.0,1000000.0,7300.0,1.0,7300.0,0.0,0.0,0.0,-1.0,0.28089601747483045,0.0,0.34245
7300,0.367,1678.2720000000002,-0.9885545436578469,100.1046518459518,2.9947284912564216,0.002043944853561682,-27742.203938873863,7189.311373233795,0.9994122385978699,7300.0,0.367,0.188,325.9070988119666,-1.0,0.265617060838539,0.012971248,0.16281147108106275
7300,0.597,1624.736,-0.9681536994757488,304.4827388286355,2.61322951603635,0.001668923811696553,-14726.270071960877,7126.2094140052795,0.9988328814506531,7300.0,0.597,0.17300000000000001,794.6510748189099,-1.0,0.25680112338713273,0.017867613,0.15302262544808612
7400,0.0,0.0,0.0,0.0,-0.0,0.0,-0.0,7400.0,1.0,7400.0,0.0,0.0,0.0,1.0,0.2945016695306091,0.0,0.34245
7400,0.0,1887.7200000000003,-1.0,0.0,1.0,0.0,1000000.0,7400.0,1.0,7400.0,0.0,0.0,0.0,-1.0,0.2945016695306091,0.0,0.34245
7400,0.367,1776.3,-0.9907460125745912,83.17024218029573,3.0522498479454763,0.0019815139239655662,-29926.490480044027,7287.795090675354,0.9994122385978699,7400.0,0.367,0.191,279.1714452198079,-1.0,0.2792227128943176,0.013388526999999999,0.16633091856355461
7400,0.597,1720.983,-0.9718592433498224,274.7943082902484,2.6520707544903583,0.0016108820553784385,-15693.692666823008,7223.828721046448,0.9988328814506531,7400.0,0.597,0.177,726.7519688690875,-1.0,0.27040677544291125,0.018703412999999995,0.15488538803428678
7400,0.866,1656.023,-0.9254009755210078,723.1700673082632,2.2346800491988374,0.001194846928762085,-7764.544414509266,7139.278733730316,1.00004243850708,7400.0,0.866,0.182,1246.977599295472,-1.0,0.25863342288451846,0.028685384,0.175491
7500,0.0,0.0,0.0,0.0,-0.0,0.0,-0.0,7500.0,1.0,7500.0,0.0,0.0,0.0,1.0,0.30792468986274973,0.0,0.34245
7500,0.0,1987.7200000000003,-1.0,0.0,1.0,0.0,1000000.0,7500.0,1.0,7500.0,0.0,0.0,0.0,-1.0,0.30792468986274973,0.0,0.34245
7500,0.367,1874.3270000000002,-0.9924772742566517,69.34052281982261,3.1054930971189307,0.001920365173669312,-32101.646569964534,7386.278808116913,0.9994122385978699,7500.0,0.367,0.19399999999999998,237.74744637084578,-1.0,0.29264573322645826,0.013812411999999996,0.16985036604604647
7600,0.0,0.0,0.0,0.0,-0.0,0.0,-0.0,7600.0,1.0,7600.0,0.0,0.0,0.0,1.0,0.32116991661277033,0.0,0.34245
7600,0.0,2087.7200000000003,-1.0,0.0,1.0,0.0,1000000.0,7600.0,1.0,7600.0,0.0,0.0,0.0,-1.0,0.32116991661277033,0.0,0.34245
7600,0.367,1972.355,-0.9945201843831032,52.38774809838477,3.1886901721612366,0.0018920299803965902,-35373.12285003955,7484.762525558472,0.9994122385978699,7600.0,0.367,0.19399999999999998,201.3449286390228,-1.0,0.30589095997647886,0.013812411999999996,0.17336981352853836
7600,0.597,1913.55,-0.9811823997285656,195.81280919098083,2.7787556841374688,0.0015598471226942931,-18803.581283036416,7419.067335128784,0.9988328814506531,7600.0,0.597,0.179,601.3169275414607,-1.0,0.29707502252507256,0.019128476999999998,0.15868993606969098
7600,0.866,1841.3410000000001,-0.9430137717999396,586.8281144617131,2.3414513836876543,0.0011736606140687804,-9356.648844063118,7332.232213020325,1.00004243850708,7600.0,0.866,0.184,1105.230706917335,-1.0,0.2853016699666796,0.029319295999999998,0.175491
7700,0.0,0.0,0.0,0.0,-0.0,0.0,-0.0,7700.0,1.0,7700.0,0.0,0.0,0.0,1.0,0.33424199818012323,0.0,0.34245
7700,0.0,2187.7200000000003,-1.0,0.0,1.0,0.0,1000000.0,7700.0,1.0,7700.0,0.0,0.0,0.0,-1.0,0.33424199818012323,0.0,0.34245
7700,0.367,2070.382,-0.9960370507573244,39.23336577395992,3.2695083020130182,0.0018627967389942698,-38781.04595147613,7583.2462430000305,0.9994122385978699,7700.0,0.367,0.19399999999999998,169.61029041961442,-1.0,0.3189630415438316,0.013812411999999996,0.1768892610110302
7800,0.0,0.0,0.0,0.0,-0.0,0.0,-0.0,7800.0,1.0,7800.0,0.0,0.0,0.0,1.0,0.3471454030160311,0.0,0.34245
7800,0.0,2287.7200000000003,-1.0,0.0,1.0,0.0,1000000.0,7800.0,1.0,7800.0,0.0,0.0,0.0,-1.0,0.3471454030160311,0.0,0.34245
7800,0.866,2026.6589999999999,-0.9611183938792198,431.96262251900816,2.481669987589832,0.0011864918813857994,-11689.105468136047,7525.185692310333,1.00004243850708,7800.0,0.866,0.18100000000000002,970.3366539512367,-1.0,0.3112771563699403,0.028371026000000004,0.16953
8000,0.0,0.0,0.0,0.0,-0.0,0.0,-0.0,8000.0,1.0,8000.0,0.0,0.0,0.0,1.0,0.3724632110003209,0.0,0.34245
8000,0.0,2487.7200000000003,-1.0,0.0,1.0,0.0,1000000.0,8000.0,1.0,8000.0,0.0,0.0,0.0,-1.0,0.3724632110003209,0.0,0.34245
8000,0.866,2214.989,-0.9729285761788129,320.446429988568,2.600183518608982,0.001175064722429779,-14024.29108335128,7718.139171600342,1.00004243850708,8000.0,0.866,0.18,844.5262901811732,-1.0,0.33659496435423025,0.028058399999999997,0.16953
8200,0.0,0.0,0.0,0.0,-0.0,0.0,-0.0,8200.0,1.0,8200.0,0.0,0.0,0.0,1.0,0.3971558235906925,0.0,0.34245
8200,0.0,2687.7200000000003,-1.0,0.0,1.0,0.0,1000000.0,8200.0,1.0,8200.0,0.0,0.0,0.0,-1.0,0.3971558235906925,0.0,0.34245
8200,0.866,2405.367,-0.9803352754496507,244.83137554687087,2.6937995327183515,0.0011434491599634864,-16199.988689317346,7911.09265089035,1.00004243850708,8200.0,0.866,0.18100000000000002,729.1869078497842,-1.0,0.3612875769446018,0.028371026000000004,0.17696800000000001
8400,0.0,0.0,0.0,0.0,-0.0,0.0,-0.0,8400.0,1.0,8400.0,0.0,0.0,0.0,1.0,0.4212533751697529,0.0,0.34245
8400,0.0,2887.7200000000003,-1.0,0.0,1.0,0.0,1000000.0,8400.0,1.0,8400.0,0.0,0.0,0.0,-1.0,0.4212533751697529,0.0,0.34245
8400,0.866,2595.744,-0.9875756491917642,165.11797155935074,2.8225433387510606,0.0011384587657609839,-19351.839085605192,8104.046130180359,1.00004243850708,8400.0,0.866,0.17800000000000002,625.0064204148804,-1.0,0.3853851285236623,0.027438344000000003,0.17696800000000001
8600,0.0,0.0,0.0,0.0,-0.0,0.0,-0.0,8600.0,1.0,8600.0,0.0,0.0,0.0,1.0,0.444783872579947,0.0,0.34245
8600,0.0,3087.7200000000003,-1.0,0.0,1.0,0.0,1000000.0,8600.0,1.0,8600.0,0.0,0.0,0.0,-1.0,0.444783872579947,0.0,0.34245
8600,0.866,2787.803,-0.9904478119415273,131.3534599440386,2.883466963093043,0.0010889928215167862,-21335.08254897545,8296.999609470367,1.00004243850708,8600.0,0.866,0.18100000000000002,532.1197651494704,-1.0,0.40891562593385644,0.028371026000000004,0.17696800000000001
8800,0.0,0.0,0.0,0.0,-0.0,0.0,-0.0,8800.0,1.0,8800.0,0.0,0.0,0.0,1.0,0.4677733908046458,0.0,0.34245
8800,0.0,3287.7200000000003,-1.0,0.0,1.0,0.0,1000000.0,8800.0,1.0,8800.0,0.0,0.0,0.0,-1.0,0.4677733908046458,0.0,0.34245
8800,0.866,2979.926,-0.992877413516295,101.50504093771062,2.9489932825860983,0.001047726268980613,-23579.959495692863,8489.953088760376,1.00004243850708,8800.0,0.866,0.183,450.2462348855792,-1.0,0.4319051441585551,0.029001474,0.187962
