Strike,Maturity,Price,stdPrice
1000.0,0.37,0.04197183557815363,3.3459334755238115
1100.0,0.342,0.031766374192205245,3.206721520556299
1100.0,0.37,0.06282996803544225,4.65601746848306
1200.0,0.342,0.05480172297834033,4.290532158396362
1200.0,2.585,21.103200427961415,107.09689058618962
1225.0,0.342,0.07094512864016358,4.640803277198785
1250.0,1.588,11.14402182305928,76.76636298699444
1275.0,0.342,0.1155207287774771,5.562431412707514
1275.0,0.621,1.4761094769413563,23.15608694441292
1275.0,1.588,11.90206522297355,80.44436984879768
1300.0,0.342,0.1383213319608186,6.109906237066911
1300.0,0.419,0.38254851401986895,10.906648145819632
1300.0,0.621,1.6485245133857696,24.798754279704458
1300.0,1.588,12.698343352631769,84.18734010262219
1300.0,2.585,27.350070384974334,127.44290580901276
1325.0,0.342,0.16653317011644028,6.707505234552015
1350.0,1.09,7.663360331142859,64.8641857836107
1350.0,1.588,14.412012607696619,91.87617281694749
1375.0,0.621,2.2359854126937733,30.116074869341972
1375.0,1.588,15.331689706608639,95.82426530248144
1375.0,2.585,32.73631943429592,143.67385148642438
1400.0,0.203,0.016397904270369384,1.6514809082221051
1400.0,0.285,0.08905767096125579,4.172701078887705
1400.0,0.342,0.26662964206176754,8.795462251659536
1400.0,0.621,2.472783246347198,32.02091126730967
1400.0,1.09,8.744160882985732,70.91727342767868
1400.0,1.588,16.309772391224715,99.84321107148288
1425.0,0.24600000000000002,0.038916720488999114,3.115020300167186
1425.0,0.342,0.30755169897811796,9.58167137756573
1425.0,0.871,5.936023079742664,56.82910507726112
1425.0,2.585,36.64748630395797,154.94456039705582
1450.0,0.6679999999999999,3.605427459565365,40.86514568607543
1450.0,0.841,5.987682406717987,57.851725433751014
1450.0,1.09,9.948595828909747,77.21969502660609
1450.0,2.585,38.69434595350606,160.71240478382646
1475.0,0.419,0.9302640835136571,18.432862883804955
1475.0,0.621,3.279485898039486,38.176949412072545
1475.0,0.871,6.839440473131689,62.20105990961989
1475.0,1.588,19.548543111485937,112.36462105244287
1500.0,0.17,0.016138661004856697,1.6215533072389023
1500.0,0.203,0.026326619929764854,2.651430906972043
1500.0,0.419,1.0455990764771272,19.73466515822457
1500.0,0.841,6.8714345732450415,63.1737697066564
1500.0,0.871,7.318942506567073,64.98610898077932
1500.0,1.09,11.29846730793992,83.79020112254607
1525.0,0.17,0.018626684984640443,1.871540806926387
1525.0,0.24600000000000002,0.08752868311347467,4.683168419000483
1525.0,0.419,1.1716085993414715,21.100714192808503
1525.0,0.841,7.34156051800364,65.92885733900268
1525.0,0.871,7.822031259906825,67.8347331144278
1525.0,1.09,12.024332526988001,87.18183095068098
1550.0,0.17,0.021114708964424193,2.1215283066138713
1550.0,0.342,0.5885286067631496,14.176804623097135
1550.0,0.419,1.3063619866528786,22.528625898441224
1550.0,0.591,3.695642427031158,41.44933990959923
1550.0,0.621,4.204073156060216,44.933730535006795
1550.0,0.841,7.840083250408629,68.74662400525256
1550.0,0.871,8.368499555430576,70.74896282812149
1550.0,1.588,23.207706947715657,125.60289288225363
1550.0,2.585,47.61599899753743,184.61534836425466
1575.0,0.09300000000000001,0.0,0.0
1575.0,0.342,0.6603448514288214,15.244982138434546
1575.0,0.591,4.005256084347667,43.71282516674914
1575.0,0.6679999999999999,5.278932422522537,52.69056922891823
1575.0,1.09,13.59972280725008,94.18491943168279
1575.0,2.585,49.98081889999744,190.80538154117642
1600.0,0.07400000000000001,0.0,0.0
1600.0,0.37,1.0721331238564318,20.335116667652972
1600.0,0.419,1.6010863687392036,25.560345275290242
1600.0,0.591,4.3270906537085265,46.035409559445895
1600.0,0.621,4.890122159007048,49.74351452706657
1600.0,0.841,8.950070976462621,74.5823848151375
1600.0,1.588,25.90262223809473,134.8228951066347
1600.0,2.585,52.375668821721476,197.07999206161873
1625.0,0.17,0.02857878090377543,2.871490805676324
1625.0,0.37,1.1911334123217643,21.68689920724634
1625.0,0.419,1.7683985211193274,27.164770347875898
1625.0,0.621,5.249117157193417,52.232722847679554
1625.0,0.841,9.552237567896025,77.60822026147262
1625.0,1.09,15.329143422073937,101.4877270459954
1625.0,2.585,54.8030192874028,203.43307134773715
1650.0,0.07400000000000001,0.0,0.0
1650.0,0.342,0.9100779061377463,18.714615022484743
1650.0,0.419,1.9487553773048842,28.831287919013917
1650.0,0.6679999999999999,6.448244666588206,60.44462597810141
1650.0,0.871,10.86172251415725,83.13050004459359
1650.0,2.585,57.26842200285223,209.85926893444196
1675.0,0.09300000000000001,0.0,0.0
1675.0,0.17,0.03684391241480697,3.3875909661332604
1675.0,0.24600000000000002,0.26952558547922917,8.370477292660166
1675.0,0.342,1.0039192016738219,19.95796558682498
1675.0,0.621,6.036374597304182,57.37441642630212
1675.0,0.871,11.574263849329153,86.40872790418827
1675.0,2.585,59.76159262428361,216.3578767368101
1700.0,0.09300000000000001,0.0,0.0
1700.0,0.24600000000000002,0.31839891448668234,9.210103436997223
1700.0,0.285,0.6643255187451801,14.323214500816924
1700.0,0.37,1.5889530520737545,26.059125212193496
1700.0,0.419,2.3444728377569457,32.34423010387699
1700.0,0.591,5.782369318452788,55.89097121403301
1700.0,0.621,6.460355659575967,60.03152658968636
1700.0,0.6679999999999999,7.348126077320578,65.88703468501448
1700.0,1.588,31.754951256318947,154.2134579121706
1700.0,2.585,62.28824293881943,222.92327499983773
1725.0,0.342,1.2349277358081288,22.589251226256366
1725.0,0.37,1.742280171094468,27.61448322158891
1725.0,0.591,6.19583760316659,58.500191906094145
1725.0,0.621,6.91768005622715,62.74760792960808
1725.0,0.6679999999999999,7.845779070170565,68.69689911557221
1725.0,0.871,13.109901587024124,93.19656378369376
1725.0,2.585,64.83761209131174,229.55532419801412
1750.0,0.11199999999999999,0.0,0.0
1750.0,0.131,0.0,0.0
1750.0,0.151,0.006135822210930699,0.6165048510387826
1750.0,0.24600000000000002,0.42599828894495,11.04839460121978
1750.0,0.342,1.3675950237909573,23.991448975080207
1750.0,0.37,1.9133441583549093,29.225777732245927
1750.0,0.591,6.6386171719706955,61.169179112381975
1750.0,0.6679999999999999,8.366879850107253,71.57099105403783
1750.0,0.841,13.10716925069476,93.86703357343369
1750.0,0.871,13.928644646646644,96.70853911870987
1750.0,1.09,20.265975279350986,121.087890319046
1750.0,1.588,34.854072826597466,164.3503220943741
1775.0,0.11199999999999999,0.0,0.0
1775.0,0.37,2.0908754553451687,30.893757021812135
1775.0,0.591,7.1053525536963935,63.90209410764639
1775.0,0.871,14.771788937846164,100.29842229739049
1775.0,1.588,36.435799483015,169.51968118623867
1775.0,2.585,70.00025309917238,243.00421166699252
1800.0,0.131,0.0,0.0
1800.0,0.18899999999999997,0.12035155254333194,6.000291016498304
1800.0,0.24600000000000002,0.5500109718118473,13.074164717219425
1800.0,0.285,1.013807067056582,19.292782705202796
1800.0,0.342,1.6632577587605752,26.96638268231174
1800.0,0.37,2.28224384885536,32.61716332497141
1800.0,0.419,3.2806951799666564,40.08421058548222
1800.0,0.45399999999999996,4.106153438371745,45.890531199742476
1800.0,0.591,7.58845806567476,66.69806566118962
1800.0,0.6679999999999999,9.501400673606138,77.51495427499498
1800.0,0.871,15.630833172450613,103.96361049812488
1800.0,1.588,38.049798154489515,174.7503448759751
1800.0,2.585,72.63160907106996,249.80937956586004
1825.0,0.24600000000000002,0.618333413674657,14.150978845420118
1825.0,0.342,1.8267016259307252,28.542672311117073
1825.0,0.37,2.4822430299638962,34.39656205548622
1825.0,0.419,3.54044255891344,42.15975352719996
1825.0,0.591,8.087172414422252,69.55564357781135
1825.0,0.621,8.953749453839876,74.24490729618854
1825.0,0.6679999999999999,10.102114969217489,80.588318160907
1825.0,0.871,16.502054907170347,107.7003334876127
1825.0,1.588,39.68732269718653,180.04179790854363
1850.0,0.09300000000000001,0.0,0.0
1850.0,0.131,0.0,0.0
1850.0,0.17,0.09019251351071847,5.68727254802258
1850.0,0.203,0.2654058169573348,9.111390348475146
1850.0,0.285,1.2374961449799373,22.016203342896624
1850.0,0.419,3.8081259151944042,44.2861444535749
1850.0,0.621,9.510793070346311,77.27070883855534
1850.0,0.6679999999999999,10.72287652861071,83.72687588101358
1850.0,0.841,16.46649649175794,108.2688840373645
1850.0,1.588,41.351296433058025,185.39130033732621
1850.0,2.585,77.99312398534387,263.5723727517628
1875.0,0.09300000000000001,0.0,0.0
1875.0,0.11199999999999999,0.0,0.0
1875.0,0.17,0.1035773800010376,6.098317769143058
1875.0,0.342,2.163252062300515,31.852232107535375
1875.0,0.37,2.9075147315583245,38.11251077333937
1875.0,0.419,4.084955660956906,46.46145302179921
1875.0,0.6679999999999999,11.368727271204216,86.92929386869913
1875.0,0.841,17.352949779972743,112.04448564640789
1875.0,1.588,43.030115231922984,190.79853255502906
1900.0,0.151,0.03369766140776223,2.2992603288005684
1900.0,0.203,0.3448355422324985,10.662991938623016
1900.0,0.24600000000000002,0.849090108170327,17.620507690872376
1900.0,0.285,1.4886489502298719,24.922536161982926
1900.0,0.591,9.69487554766132,78.4749922682233
1900.0,0.841,18.255953794166732,115.8848404766494
1900.0,0.871,19.235336838029678,119.29492107189736
1900.0,1.588,44.728777283254885,196.25952432857284
1920.0,0.09300000000000001,0.0,0.0
1925.0,0.09300000000000001,0.0,0.0
1925.0,0.37,3.35826499323157,42.01988919889444
1925.0,0.591,10.276033983679195,81.56374041077048
1925.0,0.621,11.305962954560936,86.70051042690648
1925.0,0.6679999999999999,12.71761197351463,93.52359023282894
1925.0,0.841,19.167802155704507,119.78685233739489
1925.0,1.09,28.236401265518435,151.42569487020208
1925.0,1.588,46.44010193698007,201.77315558037122
1925.0,2.585,86.18366588615575,284.5963578273719
1930.0,0.09300000000000001,0.0,0.0
1950.0,0.09300000000000001,0.0,0.0
1950.0,0.131,0.005282794341812012,0.5307957477916113
1950.0,0.17,0.16576705435976286,7.561709840973966
1950.0,0.203,0.42444657413815584,12.343773225699115
1950.0,0.419,4.995571282355262,53.26967966498233
1950.0,0.45399999999999996,6.185657772143747,60.273356637261635
1950.0,0.621,11.929576572481855,89.9576124223127
1950.0,0.6679999999999999,13.41140472907514,96.91159177909707
1950.0,0.841,20.08628905369733,123.74645679228423
1950.0,0.871,21.134482348572433,127.32533089388383
1950.0,1.588,48.16526793863242,207.33628958468256
1950.0,2.585,88.95683129695485,291.6940844265073
1960.0,0.09300000000000001,0.0,0.0
1970.0,0.09300000000000001,0.0,0.0
1970.0,0.17,0.18368082701420582,8.012224043391024
1975.0,0.11199999999999999,0.0,0.0
1975.0,0.17,0.18855714489469433,8.127954814046024
1975.0,0.37,3.8643362417115417,46.111653803803705
1975.0,1.588,49.90522073123929,212.9461445052293
1975.0,2.585,91.74750345859677,298.83468300673314
1980.0,0.17,0.19353319285426182,8.245082012669403
1980.0,0.24600000000000002,1.1359216340274778,21.659296042297296
1990.0,0.17,0.20348528877339678,8.48331793985029
1990.0,0.24600000000000002,1.1746436250991201,22.187967195729456
2000.0,0.17,0.2138806799387659,8.726601970738388
2000.0,0.18899999999999997,0.3491343748159197,11.291772972103027
2000.0,0.203,0.5098745165087935,14.117294585780423
2000.0,0.285,2.0435382398300237,31.208771549212745
2000.0,0.342,3.116525075547406,40.87812474515485
2000.0,0.871,23.086186900815346,135.56783972554803
2000.0,1.09,31.90912196953885,165.29126194601162
2000.0,1.588,51.65764068163582,218.601044375641
2020.0,0.11199999999999999,0.003366813931646769,0.33828508226778425
2020.0,0.17,0.2357752909608629,9.229303841839293
2025.0,0.24600000000000002,1.3179561098767354,24.077834368632026
2025.0,0.342,3.3330125727457176,42.80545046297804
2025.0,0.591,12.746918556845873,94.48028788563846
2025.0,0.621,13.848634603167387,100.02927554549025
2025.0,0.6679999999999999,15.535468586583017,107.39675534882137
2025.0,0.841,22.916098957149945,135.9310101325964
2025.0,1.09,33.16194130144528,170.01042978277687
2030.0,0.17,0.24672259647191136,9.488040900504002
2030.0,0.24600000000000002,1.3388064127614658,24.352927966843424
2040.0,0.11199999999999999,0.005357233115473765,0.5382750820177717
2040.0,0.17,0.2576699019829598,9.75118192088959
2050.0,0.342,3.557912547617916,44.77310719958796
2050.0,0.419,6.379030273892172,63.00434613972003
2050.0,0.591,13.380105824701547,97.83603441663053
2050.0,0.6679999999999999,16.267996906273535,110.98655384818852
2050.0,2.585,100.26816380704865,320.48328926563255
2060.0,0.11199999999999999,0.0073476522993007635,0.7382650817677592
2060.0,0.17,0.2795645130050568,10.289318748273784
2060.0,0.24600000000000002,1.4662985402337765,26.027781095761696
2070.0,0.17,0.29089653292194606,10.563770705953008
2070.0,0.24600000000000002,1.508992017569177,26.594793713668647
2075.0,0.17,0.29686779047342704,10.70246118906535
2075.0,0.203,0.6481388654368707,16.921953621477023
2075.0,0.24600000000000002,1.5305824937787174,26.879785038253925
2075.0,0.285,2.493393758474029,36.25551123795715
2075.0,0.419,6.748859574885954,65.54854831123161
2075.0,0.621,15.16484013026741,106.96061832586443
2075.0,1.09,35.70069263123572,179.58253484225472
2075.0,2.585,103.16283471673647,327.7695179837025
2080.0,0.11199999999999999,0.009338071483127762,0.938255081517747
2080.0,0.24600000000000002,1.5524256682293873,27.165791823577955
2090.0,0.24600000000000002,1.5961120171307275,27.740802886730684
2100.0,0.11199999999999999,0.011328490666954759,1.1382450812677343
2100.0,0.131,0.02021093822051449,2.030720745916518
2100.0,0.151,0.12137433419675746,5.821062858492255
2100.0,0.285,2.6494107457753033,37.98829871437778
2100.0,0.419,7.125829165893918,68.13353938061573
2100.0,0.591,14.66894398490739,104.67421869742624
2100.0,0.621,15.838816429831486,110.48414847135692
2100.0,0.6679999999999999,17.77943500564866,118.30009662315601
2100.0,0.871,27.169453778457363,152.61798604250544
2100.0,1.09,36.98425261062631,184.43170744895198
2100.0,2.585,106.09421043770203,335.08620287324413
2110.0,0.24600000000000002,1.6834847149334073,28.901977918429502
2120.0,0.11199999999999999,0.013318909850781756,1.3382350810177217
2120.0,0.17,0.35167846538936715,11.991456902054988
2125.0,0.09300000000000001,0.0,0.0
2125.0,0.151,0.14003303877589582,6.358526908682905
2125.0,0.17,0.3581473277368049,12.139053304796786
2125.0,0.18899999999999997,0.5569819852759833,15.495967548046
2125.0,0.285,2.8117033527330024,39.74510655040834
2125.0,0.342,4.255048534003956,50.893530354161406
2125.0,0.37,5.536101896316986,59.395781663242325
2125.0,0.45399999999999996,9.196621266549693,79.33455744326335
2125.0,0.591,15.323069594523597,108.1520953423243
2125.0,0.621,16.52289285443919,114.04450788622708
2125.0,0.841,26.89143576885086,152.8159105582691
2125.0,0.871,28.213293891863813,156.9889081430208
2125.0,1.09,38.279899348132886,189.31951517731557
2130.0,0.09300000000000001,0.0,0.0
2130.0,0.24600000000000002,1.7708574127360877,30.076585949777076
2140.0,0.11199999999999999,0.015309329034608753,1.5382250807677091
2140.0,0.17,0.37755391477911815,12.586931224300237
2150.0,0.09300000000000001,0.0,0.0
2150.0,0.151,0.1599372306141658,6.925329618246038
2150.0,0.17,0.3904916394739936,12.889461980663713
2150.0,0.24600000000000002,1.8593549532912292,31.26317847087604
2150.0,0.342,4.501896858535371,52.998928064958314
2150.0,0.45399999999999996,9.664924501025208,82.23154090005046
2150.0,0.591,15.981684048303311,111.66623045133575
2150.0,0.6679999999999999,19.322486164852428,125.78226504910312
2150.0,1.09,39.592493628822965,194.2436753878648
2160.0,0.09300000000000001,0.0,0.0
2160.0,0.17,0.4034293641688691,13.194896159374897
2165.0,0.11199999999999999,0.0177973530143925,1.7882125804551934
2170.0,0.24600000000000002,1.954168076305799,32.46274533497175
2175.0,0.11199999999999999,0.018792562606305997,1.8882075803301877
2175.0,0.151,0.17984142245243578,7.515897564114818
2175.0,0.17,0.42283595121118234,13.658064748171787
2175.0,0.203,0.8891048141099338,20.972548374520986
2175.0,0.342,4.758676076616024,55.13760097946587
2175.0,0.591,16.655015081377545,115.21330440425116
2175.0,0.841,28.93954212721009,161.50268232487258
2175.0,0.871,30.34178928080988,165.84354093456625
2175.0,1.09,40.91983910358676,199.20372705625687
2175.0,2.585,115.10498531303924,357.2185457339212
2180.0,0.09300000000000001,0.0,0.0
2180.0,0.17,0.42930481355862005,13.813702605315795
2190.0,0.09300000000000001,0.0,0.0
2190.0,0.17,0.44292077275326586,14.12687008658098
2190.0,0.24600000000000002,2.050734515810328,33.67642085909036
2200.0,0.18899999999999997,0.7076446966872416,18.30209987239815
2200.0,0.24600000000000002,2.099385222541366,34.2884188310543
2200.0,0.285,3.321760467843471,45.15810361514354
2200.0,0.45399999999999996,10.622342686260488,88.13807260473494
2200.0,0.6679999999999999,20.90089676874484,133.41456312406203
2200.0,0.841,29.987500495930814,165.8996785678226
2200.0,1.09,42.267777753979395,204.19759216956228
2200.0,2.585,118.20622658678954,364.64793111009334
2205.0,0.09300000000000001,0.0,0.0
2205.0,0.11199999999999999,0.021778191382046494,2.1881925799551682
2210.0,0.09300000000000001,0.0,0.0
2210.0,0.11199999999999999,0.02227579617800324,2.2381900798926653
2215.0,0.11199999999999999,0.02277340097395999,2.2881875798301623
2225.0,0.07400000000000001,0.0,0.0
2225.0,0.09300000000000001,0.0008514496516005142,0.08534683635922444
2225.0,0.151,0.22546146401801884,8.757833753776458
2225.0,0.17,0.49325845219649,15.245147913271378
2225.0,0.203,1.0257085000848976,23.150552117108578
2225.0,0.285,3.5051911490683367,47.009094466327724
2225.0,0.342,5.2886692951173,59.511711870748016
2225.0,0.37,6.819084488839012,68.9691221628316
2225.0,0.419,9.186462093028455,81.64309913628804
2225.0,0.6679999999999999,21.708836470624867,137.2827884161326
2225.0,0.841,31.051065207939583,170.3317058796143
2225.0,1.09,43.642328367324055,209.22395878436004
2225.0,2.585,121.34815926213076,372.10711149092145
2230.0,0.09300000000000001,0.0013502420581930682,0.1353443362967213
2230.0,0.11199999999999999,0.02426621536183024,2.4381800796426534
2230.0,0.17,0.5016147302994851,15.4079210962929
2230.0,0.24600000000000002,2.2520934377849704,36.14420849097536
2230.0,0.37,6.887580773678491,69.46198373612884
2240.0,0.11199999999999999,0.02526142495374374,2.5381750795176465
2240.0,0.17,0.5185332933620146,15.736492342199853
2245.0,0.17,0.5269925748932793,15.902234240803335
2250.0,0.07400000000000001,0.0,0.0
2250.0,0.08199999999999999,0.0,0.0
2250.0,0.151,0.2574235378876559,9.423702889208169
2250.0,0.18899999999999997,0.8220584902757075,20.285329961022953
2250.0,0.24600000000000002,2.3613093100383202,37.40084482459466
2250.0,0.285,3.697519695453873,48.885117068131805
2250.0,0.37,7.167079458815867,71.44722644228138
2250.0,0.45399999999999996,11.611520977360504,94.18236656542753
2250.0,0.591,18.748408632774453,126.05160323810662
2250.0,0.6679999999999999,22.529400874275616,141.1846799713642
2250.0,0.871,33.64318731603281,179.3912119501707
2250.0,1.09,45.04367077283596,214.28339993764536
2255.0,0.09300000000000001,0.003844204091155839,0.3853318359842057
2255.0,0.17,0.5445796613553298,16.236598265525636
2260.0,0.11199999999999999,0.027251844137570737,2.7381650792676338
2260.0,0.131,0.06608443270737292,3.893228958701486
2265.0,0.09300000000000001,0.004841788904340947,0.48532683585919945
2270.0,0.24600000000000002,2.473565219902966,38.673584634779345
2275.0,0.07400000000000001,0.0,0.0
2275.0,0.09300000000000001,0.005839373717526055,0.5853218357341932
2275.0,0.18899999999999997,0.8842937726030429,21.31252567188727
2275.0,0.24600000000000002,2.5027090252414714,38.99433961507213
2275.0,0.37,7.529718519802605,73.96008319531927
2275.0,0.591,19.473473375146718,129.7285374024558
2275.0,0.841,33.24131924221091,179.29588930099035
2275.0,0.871,34.790619882497985,183.97259780997553
2275.0,2.585,127.83162124801117,387.09015867374757
2280.0,0.17,0.5893640929914371,17.089789320387066
2280.0,0.24600000000000002,2.5319987364366874,39.31619522383962
2280.0,0.37,7.6050017555900675,74.46695104830262
2285.0,0.11199999999999999,0.029739868117354486,2.988152578955119
2285.0,0.24600000000000002,2.561394852958503,39.63913108481649
2290.0,0.11199999999999999,0.03023747291331123,3.038150078892615
2290.0,0.131,0.09024489551586462,4.452887150464306
2290.0,0.17,0.6080115609909311,17.437540253891733
2290.0,0.24600000000000002,2.5911809999366895,39.96314393110035
2300.0,0.068,0.0,0.0
2300.0,0.07400000000000001,0.0,0.0
2300.0,0.08199999999999999,0.0,0.0
2300.0,0.09300000000000001,0.008333335750488826,0.8353093354216775
2300.0,0.11199999999999999,0.03206579275197118,3.138695113326142
2300.0,0.131,0.10119220102691309,4.663654549440426
2300.0,0.17,0.627852510603557,17.789339119173274
2300.0,0.18899999999999997,0.9489823960774203,22.364179585492305
2300.0,0.342,6.170787124434043,66.30873042480806
2300.0,0.419,10.566873316159255,90.19418732379532
2300.0,0.45399999999999996,12.65649894236745,100.3557783495713
2300.0,0.871,35.972899035245845,188.58601349528428
2300.0,1.588,74.66233065327356,289.3274962686184
2305.0,0.09300000000000001,0.00883212815708138,0.8853068353591744
2305.0,0.11199999999999999,0.033558607139841434,3.190769422525843
2305.0,0.24600000000000002,2.68289971497021,40.94184569069014
2310.0,0.131,0.11272508923823375,4.888172537117118
2310.0,0.151,0.3350498860569088,11.157027259533452
2310.0,0.24600000000000002,2.7141375636420406,41.270358149108354
2310.0,0.285,4.193903136538331,53.4969224813872
2315.0,0.09300000000000001,0.009829712970266488,0.9853018352341681
2315.0,0.11199999999999999,0.03661464514976547,3.299279595089878
2315.0,0.24600000000000002,2.7454130179691365,41.600035954486614
2320.0,0.055,0.0,0.0
2320.0,0.07400000000000001,0.0,0.0
2320.0,0.09300000000000001,0.010328505376859042,1.0352993351716648
2320.0,0.11199999999999999,0.03860506433359247,3.356039863919788
2320.0,0.131,0.12466760434119574,5.126082527801008
2320.0,0.151,0.34850053799093955,11.460186884520565
2320.0,0.24600000000000002,2.777179718144756,41.93085041998244
2325.0,0.055,0.0,0.0
2325.0,0.131,0.13063886189267673,5.2495580524866226
2325.0,0.203,1.3442465165903132,27.786691300433517
2325.0,0.24600000000000002,2.809480211428298,42.26281784454217
2325.0,0.285,4.336744515617607,54.67664919228042
2325.0,0.37,8.308492268238318,79.09667645963658
2325.0,0.45399999999999996,13.210106658098592,103.49308816169074
2325.0,0.621,22.459595696982564,143.7103884906141
2325.0,0.841,35.57319160059536,188.39191403420708
2325.0,1.588,76.84649447859454,295.4321659903486
2325.0,2.585,134.6557462772257,402.1445286855121
2330.0,0.07400000000000001,0.0,0.0
2330.0,0.09300000000000001,0.011326090190044151,1.1352943350466589
2330.0,0.151,0.36243347227772854,11.767303986754898
2330.0,0.17,0.6910192781746967,18.869672211740188
2330.0,0.18899999999999997,1.036193245417882,23.65758300091428
2330.0,0.24600000000000002,2.843079070692042,42.595979586180306
2335.0,0.09300000000000001,0.011824882596636704,1.1852918349841557
2335.0,0.11199999999999999,0.04624603896693655,3.539865584316953
2335.0,0.17,0.7034593980736153,19.053948914994123
2335.0,0.24600000000000002,2.8781873795316324,42.93046621913572
2340.0,0.09300000000000001,0.01232367500322926,1.2352893349216525
2340.0,0.11199999999999999,0.049231667742677045,3.606944270495951
2340.0,0.151,0.3763664065645176,12.078187397339812
2340.0,0.18899999999999997,1.0700249941155362,24.099167004930383
2345.0,0.09300000000000001,0.012822467409821814,1.2852868348591495
2345.0,0.11199999999999999,0.052217296518417534,3.6768774232894317
2345.0,0.17,0.7295471467199363,19.427042125710145
2345.0,0.24600000000000002,2.9486812607133404,43.60384484085605
2350.0,0.063,0.0,0.0
2350.0,0.068,0.0,0.0
2350.0,0.07400000000000001,0.0,0.0
2350.0,0.09300000000000001,0.013321259816414369,1.3352843347966465
2350.0,0.11199999999999999,0.05520292529415804,3.7495053275502204
2350.0,0.131,0.16097265663083676,5.904626594259255
2350.0,0.151,0.39192162850890255,12.393038464868594
2350.0,0.203,1.4430012269603052,29.017079848836897
2350.0,0.24600000000000002,2.9842996108388204,43.94267097527091
2350.0,0.37,8.732768416066703,81.72452364759141
2350.0,0.591,21.83780442599561,140.95001101341524
2350.0,0.621,23.331733514414232,147.5626094093594
2350.0,0.871,38.452610327453435,197.913789452865
2350.0,1.588,79.13078587163753,301.56040237652354
2355.0,0.24600000000000002,3.021381304291421,44.28289127563156
2360.0,0.055,0.0,0.0
2360.0,0.07400000000000001,0.0,0.0
2360.0,0.09300000000000001,0.014318844629599476,1.43527933467164
2360.0,0.131,0.1739103813257122,6.1826523956478585
2360.0,0.151,0.4080698689721476,12.712632791734446
2360.0,0.17,0.770604545767981,19.998818556236028
2360.0,0.24600000000000002,3.0597292481364833,44.624671310481375
2365.0,0.09300000000000001,0.01481763703619203,1.485276834609137
2365.0,0.11199999999999999,0.06710310246572408,3.9856295487914375
2365.0,0.17,0.7856428511205714,20.192728208241995
2370.0,0.055,0.0,0.0
2370.0,0.09300000000000001,0.015316429442784584,1.5352743345466338
2370.0,0.11199999999999999,0.07207915042529157,4.072321776240379
2370.0,0.131,0.1868481060205877,6.468804222820998
2370.0,0.151,0.4253003660935698,13.037166402709511
2370.0,0.18899999999999997,1.17810707665127,25.460273967238884
2375.0,0.063,0.0,0.0
2375.0,0.07400000000000001,0.001113391408153979,0.11160311609366647
2375.0,0.08199999999999999,0.006297391859615621,0.6312322420030712
2375.0,0.09300000000000001,0.01581522184937714,1.5852718344841308
2375.0,0.18899999999999997,1.1978511103105454,25.692689945569708
2375.0,0.285,4.885663296512608,58.71835167116893
2375.0,0.342,7.24749651680967,73.45381905986045
2375.0,0.45399999999999996,14.45237515555419,109.87867306837566
2375.0,0.591,22.7107535180862,144.7626293454486
2375.0,0.6679999999999999,27.156615487947228,161.2070784917713
2375.0,0.841,38.091756090883706,197.62635627408247
2375.0,2.585,141.99350316666428,417.2318839517565
2380.0,0.055,0.0,0.0
2380.0,0.09300000000000001,0.01631401425596969,1.6352693344216276
2380.0,0.11199999999999999,0.08203124634442656,4.258025146394265
2380.0,0.18899999999999997,1.218252906944772,25.92688213728901
2380.0,0.37,9.289402818500939,84.93623046564947
2385.0,0.09300000000000001,0.01693255407721829,1.6853083789266283
2385.0,0.17,0.85451060627302,20.989625370609964
2385.0,0.24600000000000002,3.272468458905569,46.360167136190974
2390.0,0.11199999999999999,0.09347639711711046,4.459658718283273
2390.0,0.151,0.46636556577315796,13.704646778696105
2390.0,0.18899999999999997,1.2613471098478806,26.400870029449163
2390.0,0.285,5.073174179885453,59.96974343097971
2395.0,0.11199999999999999,0.09944765466859146,4.56690882257706
2395.0,0.131,0.22130079941262343,7.214875836498933
2400.0,0.055,0.0,0.0
2400.0,0.063,0.0,0.0
2400.0,0.068,0.0,0.0
2400.0,0.07400000000000001,0.0036073534411167497,0.36159061578115087
2400.0,0.08199999999999999,0.008791353892578393,0.8812197416905555
2400.0,0.17,0.9103921055664643,21.61157653342607
2400.0,0.24600000000000002,3.42138746061113,47.427232086567145
2400.0,0.419,12.800556909870522,102.14802090380986
2400.0,0.45399999999999996,15.157721847330825,113.14011435084022
2400.0,1.09,54.36477967370057,245.31219123649814
2405.0,0.055,0.0,0.0
2405.0,0.09300000000000001,0.024129806355167895,1.9110790692488149
2405.0,0.11199999999999999,0.11139016977155343,4.792978282245454
2405.0,0.131,0.23649803154760082,7.52629365519065
2405.0,0.17,0.9297484617442728,21.823566629979446
2410.0,0.131,0.24500393364725062,7.685040472644854
2410.0,0.24600000000000002,3.530257672078246,48.15153214248147
2410.0,0.285,5.349661853231013,61.67073898292559
2415.0,0.055,0.0,0.0
2420.0,0.055,0.0,0.0
2420.0,0.09300000000000001,0.031876657708530105,2.1174217237956925
2420.0,0.131,0.26360516240342213,8.009861667124545
2420.0,0.151,0.551885583623491,14.773137108971559
2420.0,0.17,0.9916095000657092,22.47432609215217
2420.0,0.285,5.5019534661816305,62.53711212432103
2425.0,0.063,0.0,0.0
2425.0,0.068,0.0017039310618781212,0.17079709320703618
2425.0,0.07400000000000001,0.006101315474079521,0.6115781154686353
2425.0,0.09300000000000001,0.034869412148085435,2.19495156102267
2425.0,0.11199999999999999,0.13671116466176494,5.285728178350169
2425.0,0.17,1.0137554180880617,22.69636441197006
2425.0,0.342,8.17413988569838,78.46623218422994
2425.0,0.419,13.497037695825595,105.26307612217546
2425.0,0.621,26.306577670182868,159.36631044484716
2425.0,0.6679999999999999,29.3756728694727,169.4946148581977
2425.0,0.841,40.94497210284629,207.00860541313716
2425.0,0.871,42.73119729610256,212.16332973860835
2425.0,2.585,149.96769480178867,432.3414426461524
2430.0,0.055,0.0,0.0
2430.0,0.09300000000000001,0.038153604419195235,2.276518530049292
2430.0,0.131,0.285973725284896,8.346439294690363
2430.0,0.18899999999999997,1.4830876962346664,28.3923709007878
2430.0,0.24600000000000002,3.777269741707883,49.63687353542506
2435.0,0.09300000000000001,0.042180587989310736,2.363193769873294
2435.0,0.11199999999999999,0.15064409894855393,5.551780293102205
2435.0,0.17,1.0614840079123866,23.148857962336233
2435.0,0.24600000000000002,3.8451406214845067,50.01678625617135
2440.0,0.055,0.0,0.0
2440.0,0.09300000000000001,0.04666971964864372,2.4555266412497327
2440.0,0.131,0.3111083092109187,8.697281235844805
2440.0,0.151,0.6233538301446827,15.54851901630032
2440.0,0.18899999999999997,1.5508786704079225,28.920379147476787
2440.0,0.203,1.9599309190790777,33.793976179971025
2440.0,0.24600000000000002,3.914146748352826,50.40049828816355
2445.0,0.055,0.0,0.0
2445.0,0.11199999999999999,0.1661807158551238,5.830532270314266
2445.0,0.17,1.1144187037059057,23.613744128644996
2445.0,0.24600000000000002,3.98579536050569,50.78795030907805
2450.0,0.055,0.0,0.0
2450.0,0.063,0.001017200038080525,0.10196117296127269
2450.0,0.068,0.004197893094840892,0.4207845928945205
2450.0,0.07400000000000001,0.00859527750704229,0.8615656151561196
2450.0,0.08199999999999999,0.019114883626690525,1.4224171892433384
2450.0,0.09300000000000001,0.05731295390292104,2.6585954612547846
2450.0,0.11199999999999999,0.17463999738638855,5.975324413481404
2450.0,0.131,0.3403371314800133,9.06449315744803
2450.0,0.18899999999999997,1.6280034116841888,29.463019969726705
2450.0,0.203,2.0584172841202633,34.38147115933276
2450.0,0.24600000000000002,4.060042347569534,51.17935119037291
2450.0,0.342,8.76355659979322,81.0795662192863
2450.0,0.37,10.945283311233434,92.75014505627634
2450.0,0.45399999999999996,16.824108438631818,119.83522803767815
2450.0,0.621,27.49499964156455,163.39589980064855
2450.0,0.841,42.56165592955493,211.76069300091612
2450.0,1.09,58.18335906417103,255.91394415498908
2450.0,1.588,89.51747502544364,326.32817019863467
2450.0,2.585,154.27613565054125,439.8867622480386
2455.0,0.11199999999999999,0.1830992789176533,6.123622509390805
2455.0,0.17,1.1739769969604836,24.092559974919638
2460.0,0.055,0.0,0.0
2460.0,0.09300000000000001,0.06875472128399755,2.8857730857940695
2460.0,0.11199999999999999,0.1920385895816194,6.275286335857937
2460.0,0.131,0.371231827310223,9.449150273898512
2460.0,0.151,0.710985838640205,16.383138353706162
2460.0,0.17,1.2063955436790925,24.337861231967988
2460.0,0.18899999999999997,1.7167524305796458,30.02248587513579
2460.0,0.285,6.218582093282095,66.12953949790652
2460.0,0.37,11.239937745632833,93.9140818100158
2465.0,0.055,0.0,0.0
2465.0,0.09300000000000001,0.07523902256970075,3.0080658013800354
2465.0,0.24600000000000002,4.301249145617024,52.378620785565815
2470.0,0.07400000000000001,0.011682591884465039,1.0649959354365612
2470.0,0.09300000000000001,0.08172332385540396,3.1359446628043055
2470.0,0.11199999999999999,0.2121746334843363,6.590163490585536
2470.0,0.131,0.40797910799116366,9.8525941036763
2470.0,0.151,0.7630841389476671,16.826188621098932
2470.0,0.203,2.2873551421072715,35.61535364844555
2475.0,0.055,0.0,0.0
2475.0,0.07400000000000001,0.01342181066077053,1.1222182525200664
2475.0,0.08199999999999999,0.03365036140649222,1.81636007834406
2475.0,0.17,1.325195739708226,25.101739453991986
2475.0,0.203,2.3533313128983737,35.93757331215364
2475.0,0.24600000000000002,4.478328928736507,53.20102499693566
2475.0,0.342,9.45465910022253,83.78703108218846
2475.0,0.37,11.715952273403232,95.68826185119035
2475.0,0.419,15.18912961319211,111.70537820042591
2475.0,0.45399999999999996,17.83071534640245,123.29148562341203
2475.0,0.621,28.795892179170437,167.48825155537867
2475.0,0.841,44.335110777893775,216.56195741967994
2475.0,0.871,46.22344044772412,221.86727784144793
2475.0,1.588,92.59378142631722,332.57513702990684
2475.0,2.585,158.829999680651,447.4227026503917
2480.0,0.07400000000000001,0.015416980287140745,1.1848455773997608
2480.0,0.09300000000000001,0.0950302275203718,3.4060767877309885
2480.0,0.11199999999999999,0.23489106430102458,6.921115260686004
2480.0,0.17,1.371629309983572,25.367652766408572
2480.0,0.18899999999999997,1.9385467003540757,31.20573487010764
2480.0,0.24600000000000002,4.573255400737727,53.619546782763905
2480.0,0.285,6.682045696260658,68.01893128874084
2480.0,0.37,11.88484507933894,96.28760007405127
2485.0,0.09300000000000001,0.10201332121266755,3.547897888767124
2485.0,0.11199999999999999,0.24913664846435285,7.093982288766782
2490.0,0.07400000000000001,0.019820579405214738,1.3244817344350113
2490.0,0.09300000000000001,0.10922221775914794,3.6938008341202813
2490.0,0.11199999999999999,0.26532678683254596,7.273192697756206
2490.0,0.131,0.4959397538240731,10.72808515603685
2490.0,0.151,0.8969204928793775,17.780376203552727
2490.0,0.17,1.4751316643236638,25.91879679578683
2490.0,0.18899999999999997,2.072784223566329,31.836081782860987
2490.0,0.203,2.5715114854678562,36.94274986864162
2490.0,0.285,6.946834020381293,68.99384851929665
2495.0,0.055,0.0012357056255149147,0.1238635374513914
2495.0,0.11199999999999999,0.2822453498950755,7.459290701507732
2495.0,0.24600000000000002,4.891084563886746,54.907685618799256
2495.0,0.37,12.431412346868088,98.11130666935945
2500.0,0.055,0.001734498032107469,0.17386103738888833
2500.0,0.063,0.0060051241040060665,0.6019361723362415
2500.0,0.08199999999999999,0.06180658294569883,2.373329750753835
2500.0,0.131,0.5523259202241382,11.204738167714105
2500.0,0.151,0.9799368549364416,18.29832756353463
2500.0,0.203,2.733178102371017,37.64703849940887
2500.0,0.24600000000000002,5.008421179376104,55.34912510121654
2500.0,0.342,10.277344098597824,86.608950214004
2500.0,0.419,16.2401477257269,115.0589227371873
2500.0,0.6679999999999999,33.6437183830584,182.30696780560572
2500.0,1.09,62.71473369724706,266.6578277809543
2500.0,1.588,95.89546473499296,338.8515446773184
2500.0,2.585,163.6875241651034,454.93397450553994
2505.0,0.07400000000000001,0.030016830394005878,1.579358000330179
2505.0,0.09300000000000001,0.1337593298869561,4.156459476832629
2505.0,0.131,0.5827341520413041,11.454854176308212
2505.0,0.17,1.6591282322965641,26.802372278162984
2510.0,0.055,0.002732082845292577,0.2738560372638821
2510.0,0.063,0.00704300528847382,0.7019423897176919
2510.0,0.068,0.015602807991591222,1.0681669827311786
2510.0,0.07400000000000001,0.034956048393609565,1.6789642831832432
2510.0,0.09300000000000001,0.1432363856122146,4.319936250711627
2510.0,0.131,0.6160925883318205,11.713004543670742
2510.0,0.151,1.0752796122730404,18.848291307396003
2510.0,0.18899999999999997,2.3769906854788667,33.187822471460116
2510.0,0.285,7.535959930907251,71.01357562747306
2515.0,0.055,0.0032308752518851315,0.32385353720137894
2515.0,0.17,1.7997434654321496,27.433538296529758
2515.0,0.24600000000000002,5.398687770266218,56.71407605165511
2515.0,0.285,7.698179067081514,71.53413572486828
2520.0,0.07400000000000001,0.046237829709026644,1.9050827414711013
2520.0,0.09300000000000001,0.16434348757593567,4.6614852783937
2520.0,0.151,1.1882174295671224,19.434624911035094
2520.0,0.37,13.47769307704209,101.24878095727279
2525.0,0.063,0.011710586334973863,0.8738021248841905
2525.0,0.068,0.02523564644833409,1.318816698062038
2525.0,0.08199999999999999,0.09646616705102129,3.0936118666935766
2525.0,0.09300000000000001,0.17743193802468957,4.841025957993862
2525.0,0.11199999999999999,0.4087680102701965,8.722564630100866
2525.0,0.131,0.7306235857852884,12.541551510090075
2525.0,0.203,3.223871085932411,39.54454569362696
2525.0,0.285,8.043674850860715,72.59559845330526
2525.0,0.342,11.269895383702195,89.56752108080644
2525.0,0.419,17.483803101051784,118.52357509743821
2525.0,0.45399999999999996,20.325073179672206,130.4876299423037
2525.0,0.6679999999999999,35.468515518988504,186.7100150560711
2525.0,0.841,48.482938732028195,226.33577221391764
2530.0,0.055,0.004727252471662793,0.4738460370138696
2530.0,0.07400000000000001,0.0593594803334919,2.1645273750922738
2530.0,0.11199999999999999,0.4371010547206165,8.961421365427292
2530.0,0.151,1.3186326175522578,20.063348892976137
2530.0,0.17,2.0397444740585673,28.451017878560446
2530.0,0.37,13.95070713350677,102.54235411335974
2535.0,0.07400000000000001,0.06634257402578767,2.3052827656092245
2535.0,0.131,0.8223205027714758,13.142822828290166
2535.0,0.151,1.3913100518502897,20.394852893592102
2535.0,0.17,2.128001030791027,28.810116417268464
2535.0,0.18899999999999997,2.859354186492268,35.06932253029542
2535.0,0.285,8.415740133935424,73.6860409027657
2535.0,0.37,14.198361715407534,103.19839503073592
2540.0,0.063,0.020700193573249683,1.1122508891454705
2540.0,0.07400000000000001,0.07332566771808342,2.452219505123059
2540.0,0.08199999999999999,0.12373831445050201,3.5856795069677285
2540.0,0.09300000000000001,0.22767880007532454,5.429819465557067
2540.0,0.18899999999999997,2.971971048216412,35.47517615326687
2540.0,0.24600000000000002,6.174615618837277,59.14417970747341
2540.0,0.285,8.61321305870262,74.24263925846341
2540.0,0.37,14.456120687255098,103.86052592441001
2545.0,0.07400000000000001,0.08038288421205321,2.604299831584396
2545.0,0.09300000000000001,0.24630759130555613,5.643360923340158
2545.0,0.11199999999999999,0.5363265470203938,9.73768650235913
2545.0,0.131,0.9315576484145718,13.788669893755793
2545.0,0.18899999999999997,3.0915609473170176,35.891684031664774
2545.0,0.24600000000000002,6.352973674713547,59.65607072068616
2545.0,0.37,14.724954536661636,104.52893894079358
2550.0,0.07400000000000001,0.08830151697750059,2.7614382762639407
2550.0,0.08199999999999999,0.1468013238098454,3.943732165943459
2550.0,0.11199999999999999,0.575708832506605,10.018113423569849
2550.0,0.18899999999999997,3.218822963232564,36.31940599234805
2550.0,0.203,3.8689395581974497,41.67689363054241
2550.0,0.24600000000000002,6.5384561006961714,60.17754302489497
2550.0,0.342,12.469176736561662,92.68968119980651
2550.0,0.37,15.005714020611952,105.20385722706452
2550.0,0.621,34.02421112590533,180.20221256904676
2550.0,0.871,53.02270546456845,236.8320035433474
2550.0,1.09,68.36530260785187,277.554102452714
2550.0,1.588,103.3745364044033,351.4765904470487
2555.0,0.11199999999999999,0.6181799567178492,10.31047637715529
2555.0,0.131,1.0646869170691122,14.48717238619815
2555.0,0.151,1.7243897781411934,21.848007885340905
2555.0,0.18899999999999997,3.353805492566366,36.7589001374697
2555.0,0.24600000000000002,6.7283938462895385,60.70903906016864
2555.0,0.285,9.259499141611466,75.96100181290322
2560.0,0.055,0.013759810598376854,0.8411460885258145
2560.0,0.063,0.04272155843589321,1.5694589765040314
2560.0,0.08199999999999999,0.17917247087570898,4.335831670233535
2560.0,0.11199999999999999,0.6647548743900689,10.615475382298218
2560.0,0.131,1.1388071992532736,14.858658942741124
2560.0,0.151,1.8188417374187016,22.243995960923698
2560.0,0.17,2.655474335252896,30.774157098046246
2560.0,0.18899999999999997,3.496846380459115,37.2107568622229
2560.0,0.285,9.492729408422134,76.55104350100088
2560.0,0.37,15.5972564574138,106.57520815307299
2565.0,0.055,0.017251357444524735,0.9288967521004988
2565.0,0.131,1.2169933261808048,15.245451906400659
2565.0,0.24600000000000002,7.1363930090696135,61.801448256582646
2565.0,0.37,15.911006821810965,107.27176366151788
2570.0,0.063,0.056366645086880246,1.8582091178003737
2570.0,0.068,0.08494943773808852,2.5415907026757645
2570.0,0.08199999999999999,0.21777917520718712,4.770166842138012
2570.0,0.11199999999999999,0.7677215623789806,11.265032639107478
2570.0,0.131,1.3000512775205497,15.647829947711218
2570.0,0.151,2.0269089976920847,23.07781230330101
2570.0,0.18899999999999997,3.809408603010071,38.15355818512564
2570.0,0.203,4.51875775383384,43.58914102723874
2570.0,0.24600000000000002,7.356327919401534,62.36316786735002
2570.0,0.285,9.995595462327238,77.75811803572886
2570.0,0.37,16.236758392957636,107.9760074803332
2570.0,0.45399999999999996,23.41482273903288,137.3771141611626
2575.0,0.151,2.13962082450994,23.516754295351546
2575.0,0.17,3.057459483842418,32.10340135717453
2575.0,0.203,4.70180436729014,44.099043286538226
2575.0,0.24600000000000002,7.586501462864496,62.935808304634506
2575.0,0.342,13.94995769522008,96.0049963637408
2575.0,0.419,20.74128908638608,125.87377604712165
2575.0,0.591,34.352173261413235,177.31573494857324
2575.0,0.621,36.36390080426617,184.634116608913
2575.0,0.841,53.828896673175265,236.3645772892919
2575.0,0.871,55.949154683341,241.94313589605028
2575.0,1.09,71.73241190049164,283.07263049193085
2580.0,0.055,0.03140407955600321,1.2519359104817955
2580.0,0.063,0.07148897244665534,2.1743121379918184
2580.0,0.07400000000000001,0.16403090082536065,3.8561497576052535
2580.0,0.09300000000000001,0.4515305677958504,7.4427548888421775
2580.0,0.11199999999999999,0.897693573971577,11.973621025287468
2580.0,0.151,2.259743500028369,23.970827439768975
2580.0,0.17,3.212137984664843,32.57513358498479
2580.0,0.18899999999999997,4.153274918076013,39.15208404065525
2580.0,0.203,4.8943003412953585,44.622530524836
2580.0,0.285,10.545752099492738,79.00415196368034
2580.0,0.37,16.93626215087327,109.40726219010678
2580.0,0.45399999999999996,24.25612702112106,138.97365747111823
2585.0,0.055,0.03788838084170641,1.3835436861728867
2585.0,0.07400000000000001,0.183113491494533,4.074575663257355
2585.0,0.131,1.5766038424932123,16.949700866493348
2585.0,0.17,3.374965837673288,33.06273268636928
2585.0,0.24600000000000002,8.083881927184462,64.11519757856807
2585.0,0.285,10.841051393560365,79.64256524885486
2585.0,0.37,17.31436570418878,110.13454054034513
2590.0,0.068,0.13346192788200842,3.274018243274429
2590.0,0.07400000000000001,0.20374050666754703,4.304885211939502
2590.0,0.08199999999999999,0.32588313680552733,5.77965535585827
2590.0,0.131,1.6834904157927257,17.415839237992962
2590.0,0.18899999999999997,4.53496049650164,40.20912935307556
2590.0,0.285,11.151573752408174,80.29167085812907
2590.0,0.37,17.712259336314908,110.87019073430045
2595.0,0.055,0.051176526968317905,1.6744050034236664
2595.0,0.07400000000000001,0.22777689867638903,4.547734005283978
2595.0,0.131,1.7968667882623832,17.899530989617112
2595.0,0.17,3.7234883607104146,34.086764896637256
2595.0,0.285,11.475793031664525,80.95212357453535
2595.0,0.37,18.125436194003495,111.61535407878097
2600.0,0.068,0.17117657996298705,3.7083210481024214
2600.0,0.07400000000000001,0.25561344622352006,4.804823519427254
2600.0,0.08199999999999999,0.39646105329618325,6.369666048558846
2600.0,0.09300000000000001,0.6404130919929986,8.766417633255505
2600.0,0.151,2.840588574366436,25.95277722413899
2600.0,0.24600000000000002,8.921526474087106,65.97676504480913
2600.0,0.621,39.07480899648248,189.19212282414807
2600.0,0.841,57.12390821452553,241.48976244189566
2600.0,2.585,186.65239230450922,484.69539910227684
2605.0,0.055,0.06669455337246119,1.993827496237723
2605.0,0.09300000000000001,0.7025688081324504,9.137244082707761
2605.0,0.11199999999999999,1.31337363944494,14.053131721356328
2605.0,0.17,4.110167416015494,35.178203966675156
2605.0,0.18899999999999997,5.1815735982748565,41.91161149619358
2605.0,0.24600000000000002,9.230684514652529,66.62312158420134
2605.0,0.285,12.176625467544582,82.30752801478458
2605.0,0.37,19.001988022035,113.1348980637157
2610.0,0.07400000000000001,0.32064134750223083,5.367527854625215
2610.0,0.08199999999999999,0.48352021778047466,7.020490166884236
2610.0,0.131,2.1914109139335958,19.459960363277638
2610.0,0.151,3.1877113045868604,27.054486935404135
2610.0,0.24600000000000002,9.556547218452156,67.28318033833446
2610.0,0.37,19.468015918752826,113.90962983500874
2610.0,0.45399999999999996,27.182413668186193,143.9372119782958
2615.0,0.055,0.0873565528113804,2.3472313393459387
2615.0,0.07400000000000001,0.35774486909283265,5.6729409294301645
2615.0,0.11199999999999999,1.5283927599880953,15.012112303758347
2615.0,0.151,3.3761796273996545,27.63449946353754
2615.0,0.17,4.539416784785656,36.33956257758289
2615.0,0.18899999999999997,5.684840750681494,43.129431758188694
2615.0,0.24600000000000002,9.899098694011373,67.95754767842105
2620.0,0.055,0.10104099206792755,2.538954013214201
2620.0,0.07400000000000001,0.39928919036376576,5.995081244561549
2620.0,0.11199999999999999,1.648254193672264,15.522021304129828
2620.0,0.131,2.5076134512491337,20.599354193555847
2620.0,0.24600000000000002,10.258364019435657,68.64677687847721
2620.0,0.285,13.367733084734375,84.43431888895064
2620.0,0.45399999999999996,28.292853563450276,145.65725194159228
2625.0,0.063,0.2281483222442618,4.082246794458213
2625.0,0.07400000000000001,0.4457865535591816,6.335018622850091
2625.0,0.08199999999999999,0.6567779147621449,8.128078804825348
2625.0,0.09300000000000001,1.016161392384306,10.821890399679816
2625.0,0.11199999999999999,1.776874047544493,16.052547306921646
2625.0,0.151,3.7857091387373902,28.85463081083953
2625.0,0.17,5.032548234355126,37.575024180436316
2625.0,0.203,7.167234037762851,50.01605873991488
2625.0,0.24600000000000002,10.637837464331074,69.35091252116906
2625.0,0.285,13.80421391930996,85.17007873828436
2625.0,0.342,18.08708030679259,103.36462022652731
2625.0,0.591,40.127883060423,186.4378239560675
2625.0,0.6679999999999999,46.19246145489393,205.2978326913092
2625.0,0.871,63.130717856498975,252.404768408423
2625.0,1.09,79.77169005972397,294.2787850214411
2625.0,1.588,117.81399336987357,370.45584909842586
2630.0,0.055,0.13725225896636845,2.969198725942618
2630.0,0.068,0.35714432835094906,5.3748160418055315
2630.0,0.09300000000000001,1.1104251591882637,11.294365998406418
2630.0,0.11199999999999999,1.9181826847577246,16.60460386646797
2630.0,0.151,4.011984923957806,29.495210403313703
2630.0,0.18899999999999997,6.545630355302987,45.09445787815523
2630.0,0.203,7.4948781948007746,50.70066966897903
2630.0,0.285,14.260525437357693,85.92013749105865
2630.0,0.45399999999999996,29.494236624700306,147.40937939499852
2635.0,0.07400000000000001,0.556902869671122,7.072305254014392
2635.0,0.09300000000000001,1.2154923431430733,11.788445502367496
2635.0,0.285,14.729358093271417,86.68598289870734
2635.0,0.37,22.061224398472902,117.94799184470396
2640.0,0.055,0.18471331277932532,3.4631694860598725
2640.0,0.063,0.33665274104045495,5.000069049152732
2640.0,0.068,0.4525952882264833,6.07373860154944
2640.0,0.09300000000000001,1.3298288945722383,12.305470143626062
2640.0,0.151,4.5139696379574366,30.84177748066299
2640.0,0.17,5.880663871518245,39.581027266784886
2640.0,0.18899999999999997,7.201809503591098,46.501939512825075
2640.0,0.285,15.21778115347554,87.46665214848665
2640.0,0.37,22.642486466967096,118.78919469628308
2640.0,0.45399999999999996,30.77850948678601,149.1978708259655
2645.0,0.07400000000000001,0.7022738513499417,7.899917437639283
2645.0,0.11199999999999999,2.413678210955297,18.400850898475316
2645.0,0.131,3.4890674976752365,23.826499932353133
2645.0,0.17,6.197537365001684,40.292126609756586
2645.0,0.285,15.726623679249224,88.26244006386356
2645.0,0.37,23.247746441546106,119.64188503757444
2650.0,0.063,0.43283927752854257,5.709877649370373
2650.0,0.08199999999999999,1.092711240560611,10.408726294699314
2650.0,0.09300000000000001,1.5883584432567053,13.410483235244904
2650.0,0.11199999999999999,2.6007202724944727,19.048021286641685
2650.0,0.17,6.532121650513506,41.02554773384642
2650.0,0.203,9.002473910719782,53.63325933373543
2650.0,0.24600000000000002,12.835090799319568,73.11761233434359
2650.0,0.419,28.640983435839487,138.3422920908865
2650.0,0.45399999999999996,32.15528409662352,151.02293171589452
2650.0,0.621,46.006930807235655,198.72069790013987
2650.0,0.6679999999999999,50.029703458789626,210.2584692303547
2650.0,1.09,84.59599540481763,299.96245516799974
2650.0,2.585,200.69076320337652,499.31789573332094
2655.0,0.063,0.49284595868863634,6.097451259836853
2655.0,0.151,5.391912617130794,33.03534349675057
2655.0,0.24600000000000002,13.3355462616041,73.92343094754054
2655.0,0.285,16.81627624610521,89.89924847383064
2660.0,0.063,0.5633707008478454,6.510800760302182
2660.0,0.068,0.7372534061861769,7.743132858508351
2660.0,0.07400000000000001,0.9765037163241953,9.325829217341846
2660.0,0.11199999999999999,3.022210574117202,20.415984958234322
2660.0,0.17,7.27159626919738,42.55970688881314
2660.0,0.203,9.879790858665686,55.22461175773792
2660.0,0.24600000000000002,13.861233547754441,74.74696136990352
2660.0,0.285,17.402811362966293,90.74037421836543
2665.0,0.055,0.38263761739285546,5.056193439976336
2665.0,0.068,0.8288502939757055,8.225077009523106
2665.0,0.07400000000000001,1.0893254357884266,9.8530481668634
2665.0,0.11199999999999999,3.259935726095812,21.138812858545926
2665.0,0.131,4.563100307952723,26.8298728796594
2665.0,0.151,6.072582300878484,34.619581120733045
2665.0,0.17,7.674582777929882,43.36263162488346
2670.0,0.055,0.4421784160876442,5.444280373585442
2670.0,0.063,0.7276310024038282,7.420617111854101
2670.0,0.08199999999999999,1.6272898431104295,12.675817631322039
2670.0,0.11199999999999999,3.517091826167903,21.888890650637823
2670.0,0.131,4.879835034113491,27.64505307628526
2670.0,0.151,6.4503132194877635,35.44902673551176
2670.0,0.37,26.652381648057393,124.08723490737226
2675.0,0.11199999999999999,3.793002766780301,22.667105494329384
2675.0,0.131,5.2171671216777975,28.487224895955794
2675.0,0.17,8.548023263163639,45.042894204347924
2675.0,0.18899999999999997,10.17606168534702,52.105419063625014
2675.0,0.591,48.09053206521007,196.18601436228292
2675.0,0.621,50.358864922512545,203.7221794762382
2675.0,0.841,70.00809122585724,257.4469055092844
2680.0,0.063,0.9364262922427115,8.444834984757465
2680.0,0.11199999999999999,4.089892064349062,23.47379175653749
2680.0,0.131,5.580284819793979,29.356188306716152
2680.0,0.18899999999999997,10.694417911283693,52.99892803352562
2680.0,0.285,20.00961934947184,94.27165090335106
2680.0,0.37,28.20756305321039,125.95361011510268
2680.0,0.45399999999999996,36.93285464589398,156.7234523922665
2685.0,0.055,0.6816656092045887,6.786489463156164
2685.0,0.08199999999999999,2.180272681470608,14.678724358113023
2685.0,0.09300000000000001,2.9508852401828918,18.120551037815932
2685.0,0.11199999999999999,4.410583910248539,24.309546046520502
2685.0,0.17,9.523115650580555,46.82397819850503
2685.0,0.285,20.73091281019649,95.19704482736141
2685.0,0.37,29.032041642209567,126.90592410354965
2690.0,0.055,0.7852360748230889,7.2969624198417415
2690.0,0.063,1.1956341159746735,9.593249517512854
2690.0,0.068,1.485660754228576,11.074571521468613
2690.0,0.07400000000000001,1.8613878881503123,12.929592250324493
2690.0,0.09300000000000001,3.2213663418086464,18.91017604314287
2690.0,0.11199999999999999,4.7540775227937715,25.17541534947567
2690.0,0.151,8.2014846910314,39.03579860939263
2690.0,0.17,10.049014757279844,47.75354658606916
2690.0,0.18899999999999997,11.811059164969134,54.85844280988008
2690.0,0.24600000000000002,17.580482889229142,80.08353085852072
2690.0,0.37,29.881847449867298,127.87275533680966
2690.0,0.45399999999999996,38.7459351654876,158.7050257582805
2695.0,0.055,0.9004182872744891,7.841330926885536
2695.0,0.063,1.3512490577114007,10.216750975058964
2695.0,0.068,1.6615113796778571,11.741114676987413
2695.0,0.07400000000000001,2.06496397362885,13.639383359703729
2695.0,0.09300000000000001,3.513420033299307,19.732029280096388
2695.0,0.131,6.824379649422238,32.133910591538786
2695.0,0.17,10.60190112871493,48.70930717652653
2695.0,0.18899999999999997,12.416643457463424,55.824135817510566
2695.0,0.24600000000000002,18.300871856657327,81.04207315549564
2695.0,0.37,30.760145116083034,128.8535259447752
2700.0,0.063,1.5227688051274229,10.875626957523512
2700.0,0.07400000000000001,2.290722542220368,14.382468113073049
2700.0,0.09300000000000001,3.830865209963741,20.586434793982917
2700.0,0.11199999999999999,5.525259566651967,26.997824489029295
2700.0,0.131,7.296584806306776,33.11758002829193
2700.0,0.17,11.190477675015273,49.6900847419838
2700.0,0.18899999999999997,13.054154600686257,56.81444510675305
2700.0,0.203,14.402833166251632,62.486630642145805
2700.0,0.285,23.07867240648384,98.07791892085662
2700.0,0.342,28.358786061816378,116.78417986925854
2700.0,0.37,31.667516063248037,129.84832459949843
2700.0,0.45399999999999996,40.6779871057217,160.72844900636068
2700.0,0.591,53.075675640676934,201.32509225264502
2700.0,0.841,75.64218568155998,262.94033944194246
2700.0,2.585,216.80748327806464,513.6679086977097
2705.0,0.055,1.1805011389398499,9.035006099842025
2705.0,0.063,1.7115481019881054,11.569802715089155
2705.0,0.09300000000000001,4.17422128131683,21.474149365884738
2705.0,0.131,7.794975900304674,34.1317984444821
2705.0,0.151,9.79680972281803,42.016876793800556
2705.0,0.17,11.810919526001687,50.69742999098764
2705.0,0.18899999999999997,13.724577222449014,57.82957101496311
2705.0,0.24600000000000002,19.84090826922462,83.01900022104545
2705.0,0.285,23.929245527290302,99.07277092458946
2710.0,0.068,2.313671929673268,13.946069222290339
2710.0,0.08199999999999999,3.519259971116598,18.65718758954081
2710.0,0.11199999999999999,6.414177950848883,28.946980763875313
2710.0,0.131,8.3245880088594,35.17555735661753
2710.0,0.18899999999999997,14.430547507026857,58.86952521898222
2710.0,0.203,15.839554441146715,64.53580440168155
2710.0,0.45399999999999996,42.734226651006225,162.79372694009425
2715.0,0.063,2.161241171564955,13.068001142724535
2715.0,0.09300000000000001,4.955540517438112,23.350900163103173
2715.0,0.151,11.028491177863852,44.14225824384745
2715.0,0.17,13.159549951369808,52.79087743660583
2715.0,0.18899999999999997,15.171938963094291,59.93458873349855
2720.0,0.055,1.7457062701764412,11.113077903652249
2720.0,0.07400000000000001,3.4514450011177744,17.714602569733007
2720.0,0.08199999999999999,4.246653769331736,20.49469670532776
2720.0,0.09300000000000001,5.3950269602013625,24.34226158239125
2720.0,0.131,9.486022329715674,37.35157383125927
2720.0,0.17,13.888445362849994,53.87791662018369
2720.0,0.18899999999999997,15.946959041078177,61.025527552974864
2725.0,0.055,1.982195129295211,11.886002682599697
2725.0,0.068,3.206287957340463,16.489237113942874
2725.0,0.08199999999999999,4.661121293440944,21.469505851539363
2725.0,0.11199999999999999,7.986959450885833,32.115019999113365
2725.0,0.131,10.1249020226268,38.48356076845284
2725.0,0.151,12.412685013064912,46.37934130432705
2725.0,0.45399999999999996,46.08504647598309,165.9647870038038
2725.0,0.591,58.89359351230408,206.63211763261506
2725.0,0.841,82.06176826491573,268.52227548186545
2725.0,1.09,103.19464450628018,317.2710262444729
2725.0,2.585,225.72906425231966,520.7103583657497
2730.0,0.063,3.046957121228808,15.61318546575244
2730.0,0.068,3.56430014977381,17.417286316686777
2730.0,0.09300000000000001,6.380334676404358,26.43307244531076
2730.0,0.131,10.80685600376477,39.64458662729467
2730.0,0.151,13.16399951669041,47.54058178622772
2730.0,0.17,15.45767362135402,56.13337056902749
2730.0,0.18899999999999997,17.61523049788853,63.28145933800552
2730.0,0.24600000000000002,24.31572005316208,88.31617393793645
2730.0,0.37,37.82698931554696,136.097320614401
2730.0,0.45399999999999996,47.278443937334366,167.04055747194843
2735.0,0.07400000000000001,4.656747506207783,20.61675637452801
2735.0,0.09300000000000001,6.925228245048634,27.533213485590775
2735.0,0.11199999999999999,9.227673992853802,34.38744145641825
2735.0,0.131,11.531767868004307,40.83555279485743
2735.0,0.151,13.953203667787289,48.730920361977404
2735.0,0.24600000000000002,25.324946059300455,89.43641622437642
2735.0,0.285,29.780566467711065,105.41628171439538
2740.0,0.068,4.399016051715278,19.397002211351673
2740.0,0.08199999999999999,6.1274572384549,24.625490947309594
2740.0,0.11199999999999999,9.917019658821726,35.57124859126891
2740.0,0.131,12.297690774808807,42.05716789829605
2740.0,0.151,14.786971770625371,49.94861708318733
2740.0,0.17,17.194489698887296,58.49364923378759
2740.0,0.18899999999999997,19.44730425893107,65.63614954746598
2740.0,0.285,30.891766355851292,106.53501702399578
2740.0,0.37,40.182237469180535,138.2840377634195
2745.0,0.063,4.245382560844751,18.539660259983226
2745.0,0.09300000000000001,8.14898187799979,29.838401611670296
2745.0,0.11199999999999999,10.65371579906742,36.78755712769587
2745.0,0.151,15.666842905253134,51.19351107707659
2745.0,0.24600000000000002,27.479977759189683,91.73332851127488
2745.0,0.285,32.045182126861775,107.67069218949273
2745.0,0.37,41.42465145211115,139.39524235376487
2750.0,0.068,5.398629988211881,21.548691583270536
2750.0,0.08199999999999999,7.30927903923181,26.922470729971767
2750.0,0.11199999999999999,11.434013261453712,38.037536513177415
2750.0,0.18899999999999997,21.46734740176297,68.08400931987694
2750.0,0.203,23.113770791313424,73.68000119180982
2750.0,0.621,68.08408072671305,219.68914896132355
2750.0,0.6679999999999999,72.56094549967764,231.50575337333314
2750.0,0.871,91.92635148377269,280.0745120897307
2755.0,0.063,5.256888958885241,20.713030390665377
2755.0,0.09300000000000001,9.57735417432382,32.283583899707835
2755.0,0.11199999999999999,12.262713147016582,39.319677931093395
2755.0,0.131,14.872405892335669,45.897586252998046
2755.0,0.17,20.150660541496226,62.22352791413451
2760.0,0.063,5.833604092786592,21.86653492729633
2760.0,0.07400000000000001,7.496629809530131,26.26772925556125
2760.0,0.08199999999999999,8.708002620612934,29.368203138230346
2760.0,0.09300000000000001,10.36725985403932,33.560662694961835
2760.0,0.151,18.604800306768496,55.0856999747898
2760.0,0.18899999999999997,23.678192198593287,70.62567993768397
2760.0,0.285,35.77352204266471,111.17562510500528
2760.0,0.37,45.410932694091926,142.80096774264797
2760.0,0.45399999999999996,55.28845701610307,173.6873786839321
2765.0,0.055,5.200776818668702,19.70209247470726
2765.0,0.068,7.26562329329307,25.09345057458845
2765.0,0.07400000000000001,8.225444802806111,27.517949974694265
2765.0,0.09300000000000001,11.21111307652846,34.87298098863469
2765.0,0.11199999999999999,14.08338121798418,41.975565596860484
2765.0,0.17,22.37101231542367,64.83355818194062
2765.0,0.18899999999999997,24.852769061294822,71.93199971996529
2765.0,0.24600000000000002,32.310707138987254,96.56006628613042
2765.0,0.285,37.113336303316785,112.37421290308129
2765.0,0.37,46.829995801008295,143.95929237028074
2770.0,0.055,5.821179098975137,20.89232281838062
2770.0,0.07400000000000001,9.01110231984915,28.809126628372802
2770.0,0.08199999999999999,10.326192280512936,31.968054041564226
2770.0,0.131,17.93395685585614,49.98330914036712
2770.0,0.151,20.82949983949636,57.808057204373654
2770.0,0.17,23.555934742347663,66.1750892084679
2770.0,0.203,27.825571720424147,78.79574750442782
2770.0,0.24600000000000002,33.64520429425323,97.80931272836013
2770.0,0.285,38.50755006089481,113.58604517106413
2770.0,0.45399999999999996,58.292772391475424,175.97415546504058
2775.0,0.063,7.932507290337009,25.58677405969827
2775.0,0.068,8.809456072106384,27.66721767493391
2775.0,0.07400000000000001,9.857356261781607,30.14024916633602
2775.0,0.09300000000000001,13.084263459614407,37.5964515599138
2775.0,0.131,19.065449367175177,51.3994794696386
2775.0,0.151,22.02023247754416,59.20718637412583
2775.0,0.18899999999999997,27.36224734795537,74.60710094498963
2775.0,0.203,29.1318413063387,80.12537663512126
2775.0,0.342,46.1220962503171,133.45851977189494
2775.0,0.37,49.81553446276303,146.30626218052092
2775.0,0.591,73.32222388972201,217.72995250693032
2780.0,0.09300000000000001,14.122194645175412,39.00543454176608
2780.0,0.11199999999999999,17.271303049394785,46.17626735072008
2780.0,0.131,20.253221240949102,52.84172144534992
2780.0,0.151,23.269253375512317,60.628930452617496
2780.0,0.17,26.09183539521847,68.92398715229352
2780.0,0.285,41.450944074039654,116.05184807421763
2780.0,0.37,51.38129704509392,147.49509496143637
2780.0,0.45399999999999996,61.48289394152531,178.29004063672713
2785.0,0.063,9.656410797963128,28.28551449614092
2785.0,0.07400000000000001,11.758232109870834,32.913744440273376
2785.0,0.09300000000000001,15.227437820555522,40.44598848915756
2785.0,0.11199999999999999,18.453594289940657,47.63439487564515
2785.0,0.131,21.505088597865193,54.30663245113452
2785.0,0.17,27.452247941017095,70.32723627623244
2785.0,0.18899999999999997,30.106974360559967,77.35631407833817
2785.0,0.24600000000000002,37.98124189250864,101.64863105006212
2790.0,0.055,8.989889795379266,26.125120434289165
2790.0,0.068,11.63722671271657,31.828793743679363
2790.0,0.07400000000000001,12.821734773200758,34.35380597317883
2790.0,0.17,28.877831662015108,71.74816397409482
2790.0,0.18899999999999997,31.573693916657135,78.75589199503564
2790.0,0.285,44.607925969463935,118.57004386344565
2790.0,0.37,54.65557506374631,149.90372498848492
2790.0,0.45399999999999996,64.84305178239094,180.6396662516515
2795.0,0.055,9.977391733776177,27.544398768465157
2795.0,0.11199999999999999,21.022564668435848,50.62453894364578
2795.0,0.131,24.211854751059384,57.29862903463364
2795.0,0.151,27.40489724208918,65.01132958734559
2795.0,0.24600000000000002,41.15168157062596,104.2812772655457
2795.0,0.285,46.261029983148255,119.8500722954516
2795.0,0.37,56.36013856081291,151.12442669873818
2800.0,0.055,11.05336930632662,29.00495934202394
2800.0,0.151,28.921944452795895,66.50660650645432
2800.0,0.17,31.92789699058871,74.6397483134308
2800.0,0.203,36.577331629776346,87.01715410345086
2800.0,0.419,63.98245749875862,170.28347107530766
2800.0,0.591,82.0496160285698,223.48682981187918
2800.0,0.621,84.59776012793311,231.04869587330745
2800.0,0.6679999999999999,89.29349869115994,242.8749994168899
2800.0,1.588,172.81791227229587,414.40937482731937
2805.0,0.068,15.170424927731046,36.320224833957205
2805.0,0.09300000000000001,20.3623128268921,46.49298870823348
2805.0,0.11199999999999999,23.900813041735116,53.6950612202224
2805.0,0.131,27.212634279728082,60.361768472205306
2805.0,0.151,30.507271448948124,68.01855798066457
2805.0,0.37,59.90996662511471,153.59505513225855
2810.0,0.055,13.469301706553722,32.04615438241269
2810.0,0.068,16.522644954123678,37.879502305896715
2810.0,0.09300000000000001,21.85401837784576,48.060741115952936
2810.0,0.131,28.823170461171046,61.91843568570868
2810.0,0.24600000000000002,46.30457432601762,108.33938562672635
2810.0,0.285,51.522406914936646,123.767102239162
2815.0,0.068,17.974281447218655,39.46333805011345
2815.0,0.08199999999999999,21.11501136489443,45.297758956866126
2815.0,0.11199999999999999,27.095206765390074,56.838160350303596
2815.0,0.151,33.877880715932164,71.09090840083906
2815.0,0.37,63.649281604612746,156.10122881455672
2820.0,0.063,18.31857559677676,38.88726493074369
2820.0,0.07400000000000001,20.936559592183624,43.63381717942576
2820.0,0.08199999999999999,22.735500578670816,46.90616907884894
2820.0,0.09300000000000001,25.09166914783468,51.25542020170004
2820.0,0.11199999999999999,28.805668663664626,58.4364665788612
2820.0,0.18899999999999997,41.66010447329664,87.48391742065081
2820.0,0.285,55.286407214354455,126.43520885383751
2820.0,0.37,65.59551400528952,157.36446055251412
2825.0,0.055,17.865759605093782,36.840174774004524
2825.0,0.08199999999999999,24.446278606928583,48.53338075525821
2825.0,0.09300000000000001,26.83842476355907,52.87887100201728
2825.0,0.131,34.078409098034484,66.68282266369299
2825.0,0.17,40.665200666208214,82.14407350724733
2825.0,0.203,45.490206380070944,94.28808791059134
2825.0,0.24600000000000002,51.94367755582601,112.50955026114413
2825.0,0.285,57.25459111532517,127.78051299022809
2825.0,0.342,63.75797649309657,146.08758207968893
2825.0,0.37,67.59998637181445,158.63083807229577
2825.0,0.419,73.56945423000415,176.409944727068
2825.0,0.45399999999999996,78.07192383486529,189.05610477617986
2825.0,0.591,91.89884567508328,229.32487772501182
2825.0,0.841,116.78126943030092,291.4635729479047
2825.0,0.871,119.56850026476889,297.37609473365814
2830.0,0.068,22.929245681555816,44.34530425095971
2830.0,0.09300000000000001,28.668650007472813,54.51810508936769
2830.0,0.131,35.9735612194171,68.2967296470856
2830.0,0.151,39.43512538356657,75.80247805525471
2830.0,0.18899999999999997,45.513377086906786,90.4972926628102
2830.0,0.24600000000000002,53.948393374121395,113.91339500622026
2830.0,0.37,69.65884475950278,159.90163078903907
2830.0,0.45399999999999996,80.15547861474634,190.27649414459302
2835.0,0.055,21.346773220372047,40.1545613153012
2835.0,0.063,23.50119670418987,43.82856320816937
2835.0,0.068,24.775964249493345,46.01087059889826
2835.0,0.07400000000000001,26.256618371254728,48.570898062310604
2835.0,0.17,44.6207653169979,85.22631633412989
2835.0,0.24600000000000002,56.01420350878324,115.32361308755875
2835.0,0.285,61.374806761197426,130.48546978643557
2840.0,0.055,23.25249007533309,41.838063410803834
2840.0,0.063,25.436086084123467,45.507999135523356
2840.0,0.068,26.727053631047816,47.68723360199013
2840.0,0.07400000000000001,28.22414190955988,50.243399211456925
2840.0,0.131,39.99882810224698,71.54396006353636
2840.0,0.17,46.70672003588756,86.7753180308622
2840.0,0.203,51.59599025240116,98.76308696210013
2840.0,0.285,63.518895448003185,131.8473445775883
2840.0,0.37,73.92311409314667,162.461295025429
2840.0,0.45399999999999996,84.46228269508673,192.72943711490396
2845.0,0.068,28.783748338839032,49.37083516268023
2845.0,0.07400000000000001,30.2952773594419,51.92126372665222
2845.0,0.08199999999999999,32.2075676397439,55.17568499846738
2845.0,0.11199999999999999,38.55828409048713,66.59546828559763
2845.0,0.151,45.65495541227976,80.57520456245936
2845.0,0.17,48.87153802207649,88.32424923873117
2845.0,0.18899999999999997,51.813796149662984,95.05749264156812
2845.0,0.285,65.72414143826184,133.21186206380452
2850.0,0.055,27.425577124893003,45.22243340596822
2850.0,0.063,29.649797346577508,48.87840962857736
2850.0,0.068,30.96318194540808,51.04885533618188
2850.0,0.07400000000000001,32.484330673843886,53.59361726832994
2850.0,0.203,56.021656019173506,101.75658567095373
2850.0,0.419,84.40896560689531,182.64199315174395
2850.0,0.45399999999999996,88.9776685141336,195.18553201156112
2850.0,0.591,102.8685515414296,235.2138321805792
2850.0,1.588,195.48156036911024,426.41112285086797
2850.0,2.585,279.06286025223204,554.4736518511019
2855.0,0.055,29.712628418632573,46.90455351611731
2855.0,0.068,33.26155500169807,52.72067716581609
2855.0,0.07400000000000001,34.787521993918666,55.26005612764114
2855.0,0.09300000000000001,39.22279073857463,62.79463545915991
2855.0,0.11199999999999999,43.094476953557965,69.86307647331908
2855.0,0.151,50.2178223245135,83.74677689402245
2855.0,0.24600000000000002,64.92717203288963,120.99020229195251
2855.0,0.37,80.74083191974462,166.31216094069904
2860.0,0.063,34.34780196174752,52.22803515673776
2860.0,0.068,35.66619530100076,54.39028104040322
2860.0,0.11199999999999999,45.49225845057365,71.4939243681017
2860.0,0.131,49.08513558388518,78.01914726206957
2860.0,0.151,52.61223945823996,85.33168464106414
2860.0,0.17,55.833474265592486,92.9607436779436
2860.0,0.18899999999999997,58.77974434869043,99.61640409992675
2860.0,0.203,60.72610765433602,104.75051053508957
2860.0,0.24600000000000002,67.31844989615192,122.40817997437426
2860.0,0.285,72.73286854754461,137.30032434644042
2860.0,0.45399999999999996,93.7141321223364,197.63516328395372
2865.0,0.063,36.86722737333243,53.89180305631652
2865.0,0.08199999999999999,41.62784745768811,61.808618427423404
2865.0,0.11199999999999999,47.97751350995451,73.11884884793382
2865.0,0.18899999999999997,61.23876810934556,101.13542543923198
2870.0,0.055,37.29396185601839,51.906783347719944
2870.0,0.063,39.502516368940576,55.54065795379457
2870.0,0.068,40.80758136972892,57.69798636081422
2870.0,0.07400000000000001,42.320779231370686,60.224586167895346
2870.0,0.08199999999999999,44.23503018099214,63.44779454438559
2870.0,0.09300000000000001,46.721470675354546,67.71793240344819
2870.0,0.11199999999999999,50.5499190570137,74.73554446420329
2870.0,0.131,54.120324855415085,81.2329004809315
2870.0,0.18899999999999997,63.77050851412051,102.64900786929356
2875.0,0.055,40.07563220575937,53.53248611953514
2875.0,0.09300000000000001,49.4180708507133,69.33247590789608
2875.0,0.131,56.76294979247403,82.82478873615817
2875.0,0.151,60.25335150179433,90.05633035558994
2875.0,0.17,63.447212906523795,97.57524979867163
2875.0,0.203,68.28526450670311,109.22874543378012
2875.0,0.24600000000000002,74.85739709897979,126.66079833110942
2875.0,0.342,86.75953062089962,159.25796817918666
2875.0,0.37,90.6112038828362,171.44344431372048
2875.0,0.419,96.59330794576547,188.87389425924803
2875.0,0.45399999999999996,101.20335261047488,201.30164492600736
2875.0,0.621,117.64444833191091,248.5213893535728
2875.0,0.6679999999999999,122.48497254506448,260.26887193141556
2875.0,1.588,208.09525562913754,432.2170479803451
2875.0,2.585,291.39425297449395,560.9393952104632
2880.0,0.055,42.98706593474881,55.126497980548805
2880.0,0.08199999999999999,49.77311688214466,66.66419786585108
2880.0,0.09300000000000001,52.21872426156731,70.92453311005211
2880.0,0.131,59.49132329955144,84.40198151998379
2880.0,0.151,62.959104402009174,91.610590965668
2880.0,0.17,66.13402802383918,99.09777776827917
2880.0,0.24600000000000002,77.50050129206997,128.06894496997913
2880.0,0.37,93.21524341576723,172.72188175582372
2885.0,0.055,46.021859420165676,56.68790042669242
2885.0,0.063,48.13893603063029,60.32635796283907
2885.0,0.068,49.39337792444166,62.48603757004086
2885.0,0.08199999999999999,52.70443127601802,68.23346673688229
2885.0,0.131,62.31128900976965,85.95797554740712
2885.0,0.18899999999999997,71.79233808882806,107.14656881665772
2885.0,0.24600000000000002,80.21012560524382,129.4693740089395
2885.0,0.37,95.87603539547989,173.9956793963036
2890.0,0.063,51.255811849551186,61.854935677509424
2890.0,0.068,52.483619969745035,64.02088574036999
2890.0,0.07400000000000001,53.916446163189505,66.5517270605896
2890.0,0.09300000000000001,58.120917343050344,74.03574570176865
2890.0,0.131,65.21401181893852,87.49657743418054
2890.0,0.151,68.62149736813984,94.66710430912838
2890.0,0.17,71.75152427754817,102.09460001357249
2890.0,0.203,76.48582597881393,113.63108977984567
2890.0,0.285,88.35511931482921,145.4464947201581
2895.0,0.07400000000000001,57.094774472310704,68.0507179711408
2895.0,0.11199999999999999,64.80130443858376,82.54460113164988
2895.0,0.131,68.20409353225084,89.01181088104809
2895.0,0.24600000000000002,85.84010007792679,132.23447491657106
2895.0,0.285,91.18530002159075,146.77643773531628
2895.0,0.37,101.36911652592246,176.5252150466077
2900.0,0.063,57.83696880476897,64.78750062924887
2900.0,0.068,59.006516906747265,66.96866835081224
2900.0,0.08199999999999999,62.12232330287546,72.75531789702002
2900.0,0.09300000000000001,64.41765643685693,77.03005055855283
2900.0,0.17,77.67555995103788,105.02619596965872
2900.0,0.18899999999999997,80.49388782229494,111.51739005719246
2900.0,0.203,82.31316099322906,116.4998816418662
2900.0,0.342,100.4123202287234,165.75991467450717
2900.0,0.45399999999999996,114.73967625306429,207.33151045124742
2900.0,0.591,128.5072098542215,246.8106825566077
2900.0,0.621,131.036784291647,254.23641496215893
2900.0,0.6679999999999999,135.89214536256432,265.93519775100873
2900.0,0.871,156.72984367336446,314.261532620146
2905.0,0.063,61.295093756568846,66.18509873757422
2905.0,0.068,62.43129466924696,68.37732845284451
2905.0,0.07400000000000001,63.76262158291216,70.93610230350308
2905.0,0.08199999999999999,65.46385000433428,74.19114435867114
2905.0,0.11199999999999999,71.14177664996687,85.49102532066108
2905.0,0.131,74.43613725623078,91.96883297618253
2905.0,0.18899999999999997,83.5359412423153,112.94407361482683
2905.0,0.24600000000000002,91.73124303881198,134.9549071364656
2910.0,0.068,65.95582176589409,69.74356752860038
2910.0,0.07400000000000001,67.24827029257604,72.31611086997815
2910.0,0.08199999999999999,68.90499233271898,75.58502324012885
2910.0,0.11199999999999999,74.4428623463953,86.91863457497674
2910.0,0.131,77.6777923745643,93.40539014027742
2910.0,0.18899999999999997,86.65246446001483,114.34955999077157
2910.0,0.203,88.41662916147607,119.30736425625412
2910.0,0.24600000000000002,94.77393365279364,136.29503333600675
2910.0,0.285,100.0418035257735,150.7080598221205
2910.0,0.37,110.062915868387,180.24468744663042
2915.0,0.055,66.75783869980205,65.07514814101165
2915.0,0.08199999999999999,72.43698815384761,76.94023331516829
2915.0,0.09300000000000001,74.57020840829799,81.2620533669139
2915.0,0.17,87.12211015660743,109.27424625174561
2920.0,0.068,73.2902242336175,72.34022124873141
2920.0,0.08199999999999999,76.0539025909419,78.25791220387073
2920.0,0.11199999999999999,81.29492971321079,89.67589127295443
2920.0,0.151,87.51835872657742,103.32194217792492
2920.0,0.18899999999999997,93.09996384906144,117.0956330566682
2920.0,0.24600000000000002,101.05016033791598,138.92966037683018
2920.0,0.285,106.24647350050734,153.27042648596878
2920.0,0.45399999999999996,126.54566758236422,212.01409974032384
2925.0,0.063,76.11964941110202,71.29687902715669
2925.0,0.068,77.09836922572482,73.56168884435289
2925.0,0.08199999999999999,79.75949858945046,79.52983674393869
2925.0,0.131,87.86889645761549,97.54294989529123
2925.0,0.151,90.92903324648466,104.67760072686615
2925.0,0.17,93.7876444720915,111.98532889225916
2925.0,0.203,98.0967957428788,123.36527355886676
2925.0,0.24600000000000002,104.28350498634998,140.22109731687758
2925.0,0.285,109.43926330671998,154.52955122822289
2925.0,0.37,119.25177414418455,183.88022518586067
2925.0,0.621,145.6513197959218,259.77754343571416
2925.0,0.6679999999999999,150.47950220844973,271.43654702447674
2925.0,0.841,168.33461062852402,313.7497318013733
2925.0,0.871,171.2888803840846,319.6096326959153
2925.0,1.588,235.76542154859416,443.3888665819167
2930.0,0.055,78.53166969612514,68.54502732520174
2930.0,0.063,80.05727156976681,72.44310962423286
2930.0,0.068,80.99266643836094,74.73274396697559
2930.0,0.07400000000000001,82.10654295565222,77.39023796694401
2930.0,0.08199999999999999,83.5518560945896,80.75347271317317
2930.0,0.09300000000000001,85.49157672735024,85.15783679669606
2930.0,0.131,91.4133447357531,98.86207898660521
2930.0,0.203,101.45462648942924,124.67617900392439
2930.0,0.285,112.69177111817969,155.7724918652468
2930.0,0.37,122.42187246461503,185.07020801215694
2930.0,0.45399999999999996,132.75806773344817,214.29911398568774
2935.0,0.055,82.6296510571982,69.58788577495532
2935.0,0.07400000000000001,86.03466967336078,78.53816412002483
2935.0,0.09300000000000001,89.29552041403943,86.3698045695499
2935.0,0.11199999999999999,92.14889257731218,93.56042046185219
2935.0,0.18899999999999997,103.26543538192986,121.05483789276572
2935.0,0.285,116.00115303703981,156.99987056448006
2935.0,0.37,125.64743922133249,186.24612031877842
2940.0,0.055,86.80105586127361,70.5792555264503
2940.0,0.08199999999999999,91.36969469943465,83.06578494954955
2940.0,0.09300000000000001,93.17151284974479,87.5417433559933
2940.0,0.11199999999999999,95.91834483935702,94.77657864599227
2940.0,0.131,98.70839265106272,101.40653864632347
2940.0,0.151,101.5702220385633,108.57766473295354
2940.0,0.17,104.27135919457619,115.87915072933684
2940.0,0.24600000000000002,114.33849070951305,143.9919508799644
2940.0,0.37,128.92045961503874,187.41233913871673
2945.0,0.07400000000000001,94.11636509755773,80.68862840578242
2945.0,0.131,102.46299284541922,102.62220617276564
2945.0,0.18899999999999997,110.353554968634,123.57821857972
2945.0,0.24600000000000002,117.80013558501643,145.21532796202015
2945.0,0.285,122.78123402149461,159.4091471108162
2945.0,0.37,132.24258845486978,188.56664428721533
2950.0,0.055,95.37353339386449,72.3728739720763
2950.0,0.068,97.3349428410699,78.91741600575125
2950.0,0.131,106.2818443616552,103.80347092625732
2950.0,0.17,111.57332512011965,118.34311270439258
2950.0,0.285,126.24920017243491,160.5903128716874
2950.0,0.419,141.20850689312675,206.65594713697507
2950.0,0.621,161.4155457537774,265.10604992024633
2950.0,0.6679999999999999,166.20479283392604,276.7221882280135
2950.0,1.09,206.81268972712547,368.0320806706048
2955.0,0.063,100.88592555525311,77.3819233909992
2955.0,0.07400000000000001,102.46438078154439,82.65471400401492
2955.0,0.09300000000000001,105.2141493705211,90.79868358383592
2955.0,0.151,112.79980167846843,112.19685706382364
2955.0,0.18899999999999997,117.67524657530842,126.00302331975121
2955.0,0.285,129.76926803211586,161.75382902387307
2955.0,0.37,139.04200298809081,190.82932983819532
2960.0,0.08199999999999999,107.82986790339771,87.15188748116391
2960.0,0.11199999999999999,111.64840580240431,99.26728819754473
2960.0,0.151,116.66018642144289,113.34266294645498
2960.0,0.18899999999999997,121.42634678671777,127.17087748485619
2960.0,0.203,122.82508868055439,132.09146036412503
2960.0,0.24600000000000002,128.51077271751168,148.76610406114352
2960.0,0.45399999999999996,152.53207179888318,220.9065311646423
2965.0,0.131,118.09682850419311,107.1406049443386
2965.0,0.151,120.58076309912178,114.45227558212186
2965.0,0.24600000000000002,132.18752393650973,149.90603271265874
2970.0,0.055,113.2677511204485,75.2749877393373
2970.0,0.063,114.16784436928238,79.68815480894189
2970.0,0.068,114.74598186963706,82.25688708940596
2970.0,0.11199999999999999,119.86629139865603,101.28673175786528
2970.0,0.151,124.55585493420624,115.52929055480323
2970.0,0.17,126.88914269283826,122.91002606855189
2970.0,0.203,130.3991862763833,134.36016609666575
2970.0,0.24600000000000002,135.91607352801014,151.02277929397638
2970.0,0.37,149.58493523553295,194.12442424583153
2970.0,0.45399999999999996,159.49307841974255,223.0086889040999
2975.0,0.055,117.85903521725102,75.8842035598745
2975.0,0.063,118.69504674654296,80.36145504255832
2975.0,0.07400000000000001,119.90883250461356,85.95952568392062
2975.0,0.09300000000000001,122.10902656803913,94.54945220458677
2975.0,0.11199999999999999,124.05064255382477,102.24448797303823
2975.0,0.131,126.24679846406326,109.1940616761712
2975.0,0.151,128.57782192987878,116.57966928355161
2975.0,0.17,130.85311740503843,123.97662284135605
2975.0,0.18899999999999997,132.99361404342272,130.51670174328592
2975.0,0.203,134.25906816352557,135.45897795020605
2975.0,0.285,144.33337560154646,166.23314081610488
2975.0,0.342,149.7318570735475,183.5683875628236
2975.0,0.37,153.18472604581524,195.19669670643918
2975.0,0.45399999999999996,163.03381286629516,224.0432675084659
2975.0,0.6679999999999999,183.01258128648547,281.745691832465
2975.0,0.841,200.52712785458706,323.8154470851281
2975.0,0.871,203.47792843201623,329.65638057259633
2975.0,1.09,223.0698895319235,372.98215532652813
2975.0,2.585,345.8177538224137,585.7507258352615
2980.0,0.063,123.26578960365035,80.98989932486255
2980.0,0.068,123.76443271374858,83.6382055637019
2980.0,0.07400000000000001,124.39613911312138,86.67124057484
2980.0,0.08199999999999999,125.25472178949259,90.46769076958726
2980.0,0.09300000000000001,126.47202820834197,95.37113524464398
2980.0,0.18899999999999997,136.95264836081031,131.57415475958206
2980.0,0.203,138.17161909205677,136.52750877129225
2980.0,0.24600000000000002,143.51020394286888,153.19697297275496
2980.0,0.37,156.82756670429578,196.25392980496142
2985.0,0.11199999999999999,132.58203985408556,104.02743912575131
2985.0,0.17,138.91825588983912,126.03113315280851
2985.0,0.24600000000000002,147.37809119025957,154.2492101431703
2985.0,0.285,151.89443584426195,168.35865486394985
2985.0,0.37,160.5145814100574,197.29408646913814
2990.0,0.07400000000000001,133.4987302712799,87.96556324650942
2990.0,0.131,138.83842425883049,112.01611420205457
2995.0,0.055,136.5566897216466,77.95724178362386
2995.0,0.07400000000000001,138.09999462150114,88.56320708906163
2995.0,0.09300000000000001,139.83057881966704,97.59243816601281
2995.0,0.11199999999999999,141.30694688482828,105.64450456964244
2995.0,0.131,143.13159959654215,112.88038613153138
2995.0,0.151,145.14267755674055,120.46278287763978
2995.0,0.17,147.16496232220317,127.96934399110869
2995.0,0.18899999999999997,149.0893163533424,134.59922680456066
2995.0,0.24600000000000002,155.25019809044426,156.2814138642946
2995.0,0.37,168.01901916890296,199.3204446403342
3000.0,0.068,142.24087420891183,85.95396272292747
3000.0,0.07400000000000001,142.7300546104959,89.13138452975035
3000.0,0.08199999999999999,143.4003347708168,93.11269936034562
3000.0,0.11199999999999999,145.73172694175645,106.3977833264088
3000.0,0.151,149.39845550420918,121.34842966033126
3000.0,0.17,151.3504554449464,128.89682225104687
3000.0,0.18899999999999997,153.22047925519408,135.55368116088775
3000.0,0.203,154.2588819090231,140.55578214007926
3000.0,0.24600000000000002,159.24706785116015,157.26571946463622
3000.0,0.285,163.57244544881354,171.38412720414615
3000.0,0.419,176.96048942928766,217.07636085925643
3000.0,0.45399999999999996,181.3400985750302,229.0152654608953
3000.0,0.591,193.861937535115,267.6700595539804
3000.0,0.6679999999999999,200.78918858896532,286.4972814177029
3000.0,0.841,218.02838190176726,328.4821987698521
3000.0,1.588,283.05290466459263,458.7915390238967
3005.0,0.11199999999999999,150.1948708298132,107.115392333578
3005.0,0.151,153.69695111992024,122.19962999731263
3005.0,0.17,155.58033119564027,129.7905405389814
3005.0,0.24600000000000002,163.27712015922495,158.2344871006863
3005.0,0.285,167.54523304692114,172.35296064985255
3005.0,0.37,175.68327497589857,201.27962573825326
3010.0,0.063,151.3391775073513,84.05819290518158
3010.0,0.11199999999999999,154.69303391899896,107.79975780118859
3010.0,0.17,159.8524182944356,130.65125178956328
3010.0,0.18899999999999997,161.60373909898445,137.3797902402263
3010.0,0.203,162.55012791128098,142.41457117848307
3010.0,0.37,179.57639672332493,202.2304030567289
3015.0,0.055,155.69333236976064,79.46989696280168
3015.0,0.07400000000000001,156.78477766829846,90.649810332509
3015.0,0.131,160.71796806822599,115.97837306516024
3015.0,0.285,175.59148093026099,174.24287317792718
3015.0,0.37,183.50814992622503,203.1623624585553
3020.0,0.055,160.53299128369008,79.76567897095961
3020.0,0.063,160.90311864217972,84.82262549781288
3020.0,0.07400000000000001,161.51898852083616,91.09618781290217
3020.0,0.09300000000000001,162.7850650167309,100.62328905088569
3020.0,0.151,166.82228271505767,124.56058175849546
3020.0,0.18899999999999997,170.14798570088212,139.08460169984994
3020.0,0.45399999999999996,196.67438965888914,232.725423692381
3025.0,0.055,165.38621583077236,80.041681435162
3025.0,0.068,165.94931943874235,88.13017456508446
3025.0,0.08199999999999999,166.74470187295373,95.73119223899326
3025.0,0.11199999999999999,168.36921881202858,109.67469766938898
3025.0,0.131,169.7198677944585,117.33623445459683
3025.0,0.17,172.89308232173173,133.05285730845657
3025.0,0.18899999999999997,174.4741450884502,139.89504988404784
3025.0,0.24600000000000002,179.7930426917526,161.8611683152227
3025.0,0.342,188.32800874039793,193.46965046488717
3025.0,0.871,239.22564639701514,338.74777066471904
3025.0,1.09,258.01760273428005,382.2003564307284
3030.0,0.17,177.30912486394985,133.79478130721557
3030.0,0.203,179.5859058752103,145.80566721999088
3030.0,0.24600000000000002,184.01248352354614,162.70807751409455
3030.0,0.285,187.9485694872364,176.90388655984253
3035.0,0.055,175.12516021332587,80.54584055412693
3035.0,0.151,180.25405747596838,126.64527574167913
3035.0,0.24600000000000002,188.26570160603333,163.53118656375003
3035.0,0.285,192.13537139870013,177.74913134618166
3040.0,0.055,180.01510584047094,80.76253461390324
3040.0,0.07400000000000001,180.6630967951664,92.60235238545901
3040.0,0.131,183.42446983070994,119.17852081349697
3040.0,0.17,186.23597348172092,135.19306185827176
3040.0,0.18899999999999997,187.64756880219016,142.16701483549878
3040.0,0.203,188.3046971076432,147.34523218679422
3040.0,0.24600000000000002,192.54619762749041,164.3368413350227
3040.0,0.285,196.3504918852507,178.57769880607523
3040.0,0.37,203.65490732960657,207.58991644450882
3045.0,0.07400000000000001,185.49626968776286,92.90920179464945
3045.0,0.09300000000000001,186.34944272435064,102.98198904922961
3045.0,0.11199999999999999,186.9290469809592,111.84619249591168
3045.0,0.151,189.342065116278,127.9112901898479
3045.0,0.24600000000000002,196.85851618088233,165.11855756103543
3045.0,0.285,200.595580455553,179.38671530172317
3045.0,0.37,207.77748687982987,208.42667510436723
3050.0,0.055,189.82358426416124,81.14640256284443
3050.0,0.063,190.00455292779657,86.50885380458203
3050.0,0.068,190.13875064828378,89.63195583470379
3050.0,0.07400000000000001,190.34381282797068,93.19401737293941
3050.0,0.08199999999999999,190.63653227292468,97.66707647095251
3050.0,0.151,193.92050027260845,128.51125343123465
3050.0,0.203,197.14708577876667,148.77896856998956
3050.0,0.45399999999999996,220.66344699176364,237.85335163875035
3050.0,0.591,232.17070913989255,276.47467305666754
3050.0,0.621,234.15044036269202,283.78258710353714
3050.0,0.841,255.29050240017025,337.1280988145598
3050.0,1.588,317.6528553149394,468.2673284180436
3055.0,0.055,194.739723611888,81.3170993727494
3055.0,0.07400000000000001,195.20011937252394,93.46716507818489
3055.0,0.09300000000000001,195.90959362755487,103.75381068741918
3055.0,0.11199999999999999,196.33353717013892,112.7890025135283
3055.0,0.131,197.31578283519826,120.83718774133335
3055.0,0.17,199.81964219313784,137.11563247850358
3055.0,0.285,209.17189171194346,180.94628802795705
3055.0,0.37,216.11329099055845,210.04682113956468
3060.0,0.055,199.66358743518612,81.47301663251562
3060.0,0.17,204.3923768929522,137.71447278067873
3060.0,0.24600000000000002,209.96286370158995,167.3370453264071
3065.0,0.055,204.59661611619202,81.60970135603344
3065.0,0.07400000000000001,204.93961543193868,93.97372631695917
3065.0,0.131,206.68137251103647,121.8225928583194
3065.0,0.24600000000000002,214.3881117121645,168.02895989108077
3065.0,0.37,224.55124659762225,211.60969125354188
3070.0,0.055,209.53660265500608,81.73180384754376
3070.0,0.09300000000000001,210.36815851225438,104.74123966357477
3070.0,0.11199999999999999,210.57129490824508,114.03783987009969
3070.0,0.37,228.8077633806103,212.36847572310322
3075.0,0.09300000000000001,215.21673629754943,105.02527427106538
3075.0,0.11199999999999999,215.34749627721075,114.41397869619387
3075.0,0.18899999999999997,219.32658677218316,146.63178347637276
3075.0,0.203,219.6892909431786,151.97658492374134
3075.0,0.37,233.08643115726443,213.114298752663
3075.0,0.591,252.3938841838725,280.43297619378455
3075.0,0.621,254.2468991632542,287.750374319012
3075.0,0.871,277.7209752481713,346.9522817352247
3075.0,1.09,295.55441502688336,390.6299322342986
3075.0,1.588,335.6549653983733,472.82844322895005
3075.0,2.585,406.8900343940769,609.2418869620852
3080.0,0.055,219.43618643384204,81.9323765706117
3080.0,0.131,220.84704013100327,123.16450615035214
3080.0,0.151,221.78442281606547,131.7114246250701
3080.0,0.24600000000000002,227.80852933649814,169.98189045133284
3080.0,0.285,231.07557325317802,184.50481758506768
3085.0,0.055,224.39494497216225,82.01169548680559
3085.0,0.07400000000000001,224.53643037770314,94.78292388793486
3085.0,0.11199999999999999,224.9400569752397,115.10991334241635
3085.0,0.17,227.5189784747467,140.45699522287947
3085.0,0.285,235.5311613413926,185.15622301355754
3085.0,0.37,241.7197493032747,214.55355716504172
3090.0,0.07400000000000001,229.45252354421365,94.95559104660633
3090.0,0.11199999999999999,229.75849712157472,115.42372094299627
3090.0,0.151,231.2068522952702,132.62752025176414
3090.0,0.24600000000000002,236.85411097487648,171.2016166044497
3095.0,0.07400000000000001,234.3749925216297,95.11606642586278
3095.0,0.17,236.8902511859292,141.42282401249034
3095.0,0.24600000000000002,241.40675144442778,171.78394661532792
3095.0,0.37,250.44305458711221,215.9308361246033
3100.0,0.055,239.28967417383495,82.20709724113827
3100.0,0.063,239.26391940768946,88.0072906389451
3100.0,0.07400000000000001,239.30370143275118,95.26408372135947
3100.0,0.09300000000000001,239.57416975549688,106.28017947772413
3100.0,0.11199999999999999,239.42907489513414,115.99969042599527
3100.0,0.151,240.6854560277182,133.4749321454606
3100.0,0.17,241.59621542238145,141.88335127577278
3100.0,0.18899999999999997,242.51199432545744,149.29652125793214
3100.0,0.285,249.02177152690234,187.00729952827334
3100.0,0.37,254.8385832536968,216.5943185273573
3100.0,0.45399999999999996,262.71155178179185,245.35586827472846
3100.0,0.591,273.1495652558407,284.1584585572404
3100.0,0.621,274.87134207409343,291.49476436645625
3100.0,0.871,297.77822789238076,350.75801295228194
3100.0,1.09,315.05130116311096,394.6204313230749
3100.0,1.588,354.0209238677058,477.3142038618602
3105.0,0.24600000000000002,250.56519800682963,172.89889346607447
3105.0,0.285,253.5556794984274,187.59310183955395
3110.0,0.11199999999999999,249.12548677955903,116.54192179106677
3110.0,0.131,249.5576291303769,125.34497903577268
3110.0,0.151,250.2144560939343,134.2578322989252
3110.0,0.24600000000000002,255.16312449254204,173.44163637336308
3110.0,0.285,258.10605141053543,188.16489931073588
3115.0,0.24600000000000002,259.7743999944245,173.972490862026
3115.0,0.37,268.1528685921653,218.48501171067755
3120.0,0.07400000000000001,259.0795374044303,95.72377547060637
3120.0,0.24600000000000002,264.39675411242087,174.4943177970448
3120.0,0.37,272.63158459147843,219.08216138663064
3125.0,0.07400000000000001,264.0361121760821,95.80979431566813
3125.0,0.09300000000000001,264.11595467720633,107.22069981605797
3125.0,0.203,266.0677567158046,157.14123329559976
3125.0,0.342,274.644142680227,208.0368817319253
3125.0,0.45399999999999996,284.5566943348156,248.59855150833968
3125.0,0.591,294.4435200538358,287.5827073751597
3125.0,0.621,296.0142693827595,294.96404930371295
3125.0,0.841,315.55010218969244,348.50280958254314
3125.0,1.09,335.00872597671435,398.4302619911043
3125.0,1.588,372.7410764711981,481.70932014737775
3125.0,2.585,439.25747200422336,620.6953989851237
3130.0,0.07400000000000001,268.9962447041678,95.8874310441885
3130.0,0.37,281.6320990990355,220.2457935602963
3135.0,0.09300000000000001,273.9695539917378,107.52837676659534
3140.0,0.09300000000000001,278.9055023073409,107.66253663214107
3140.0,0.11199999999999999,278.38864382610933,117.88409153456422
3140.0,0.17,279.68465855448494,145.0211920800828
3140.0,0.24600000000000002,283.0196478758504,176.44563315216388
3140.0,0.285,285.7018221152759,191.34318080785687
3140.0,0.37,290.6843748397379,221.37269347382616
3150.0,0.09300000000000001,288.79167475288216,107.89973685179302
3150.0,0.151,288.7669666656842,136.76431791545326
3150.0,0.18899999999999997,289.8962009513759,153.48341884420168
3150.0,0.37,299.79698070943846,222.44781283662562
3150.0,0.419,303.2180199622122,239.54455000072102
3150.0,0.621,317.6066684502079,298.171301679937
3150.0,0.6679999999999999,321.66889377135476,309.7951407582045
3150.0,0.841,336.53112552418224,351.90309563080643
3150.0,1.09,355.3606508553518,402.08165434074374
3150.0,1.588,391.8185022095344,485.9882743507605
3155.0,0.07400000000000001,293.8316852411549,96.19292714604818
3155.0,0.09300000000000001,293.7406783518479,108.00523977454722
3160.0,0.17,298.97494814366337,146.2506890418792
3160.0,0.285,304.3329937481319,193.24967338494156
3170.0,0.37,318.1634260411777,224.48276841027118
3175.0,0.17,313.51845609486753,147.0613590124163
3175.0,0.18899999999999997,313.9623402933739,155.0887713186154
3175.0,0.45399999999999996,329.4310560554983,254.25190463408822
3175.0,0.621,339.563126054268,301.15901719318236
3175.0,0.6679999999999999,343.4981167868219,312.8465223640403
3175.0,0.871,360.5464103435957,361.00556980798217
3175.0,1.09,376.032191394758,405.6116665333946
3175.0,1.588,411.2242004747648,490.1540175186164
3175.0,2.585,472.5552409579523,632.0576498634775
3190.0,0.09300000000000001,328.46540211886577,108.55286401590482
3190.0,0.17,328.0983072998279,147.82609337614386
3200.0,0.285,342.0977556213814,196.52041336061978
3200.0,0.419,348.9598591036237,244.59114497821892
3200.0,0.591,360.68550124519,296.4148219067098
3200.0,0.871,382.156617335349,364.0753212292714
3200.0,1.09,396.987926537808,409.027318407789
3200.0,1.588,430.8816261677853,494.2547381886006
3210.0,0.09300000000000001,348.3508504230636,108.75983200751432
3220.0,0.17,357.3934184020971,149.131228291186
3220.0,0.24600000000000002,359.1131584988556,182.42205028995878
3225.0,0.131,362.037480935867,129.91645072477374
3225.0,0.17,362.2907126199374,149.32296099564095
3225.0,0.203,361.9884077693071,163.66810626148734
3225.0,0.285,365.95614736743244,198.27137263870785
3225.0,0.419,372.1917748341986,246.8064129283787
3225.0,0.45399999999999996,375.4699234049619,258.9836029126756
3225.0,0.6679999999999999,388.05470071857115,318.3829388139313
3225.0,0.841,401.51893153760494,360.9967694047768
3225.0,0.871,404.0562852147958,366.9743424844838
3225.0,1.09,418.19818232059487,412.33457016182365
3225.0,2.585,506.58157440409445,643.4152761966872
3230.0,0.17,367.1908823266859,149.50996805098106
3250.0,0.18899999999999997,387.0096135941576,158.64511958324064
3250.0,0.24600000000000002,388.1079674322872,184.05632082704122
3250.0,0.285,389.9548504937147,199.85521703526155
3250.0,0.342,391.21138269627227,219.2667817984056
3250.0,0.37,393.1290561593383,231.22654313422456
3250.0,0.419,395.6209507527695,248.83218388717674
3250.0,0.591,406.22174968963833,301.3726292295079
3250.0,0.6679999999999999,410.6648568179935,320.9449004054534
3250.0,0.871,426.1946229443125,369.7324336635184
3250.0,1.09,439.6139648027119,415.5636247406208
3250.0,1.588,470.8252310580632,502.3135192732511
3275.0,0.17,411.4277365154407,150.93711661823758
3275.0,0.24600000000000002,412.3707443381672,185.2845649896868
3275.0,0.342,415.0833393133194,220.93133769016325
3275.0,0.419,419.2038694028937,250.70909034185001
3275.0,0.6679999999999999,433.45465298529086,323.38876200880117
3300.0,0.151,436.1019063203759,141.60973613708657
3300.0,0.18899999999999997,436.1204782255575,160.331142684196
3300.0,0.203,435.23010879394235,166.63782141891414
3300.0,0.24600000000000002,436.7160054930544,186.38793454630226
3300.0,0.419,442.9077102117589,252.46860406002978
3300.0,0.591,452.3841253048512,305.9332900084473
3300.0,0.6679999999999999,456.368543319562,325.77023265986514
3300.0,0.841,468.620302530583,368.8719318003694
3300.0,1.09,482.9740857444011,421.8143793209019
3350.0,0.203,484.3441636274155,168.10922755956227
3350.0,0.24600000000000002,485.5613753625461,188.37619073878807
3350.0,0.37,488.8250827936179,237.61869601576765
3350.0,0.419,490.57185253106854,255.75633051459175
3350.0,0.591,498.97335743730764,310.23693058314575
3350.0,0.841,514.0527228213707,373.7527983091037
3350.0,1.09,526.8287172350269,427.94092772971294
3350.0,1.588,552.6040327202949,518.1204159836594
3400.0,0.24600000000000002,534.5643241639827,190.12521646175307
3400.0,0.342,535.6577860831159,227.86295996993462
3400.0,0.37,537.0890672782895,240.381747120114
3400.0,0.841,559.8323384044711,378.50334844911424
3400.0,1.09,571.0682636171836,433.9930643904265
3400.0,1.588,594.258908406667,525.8899235519201
3400.0,2.585,630.6383623298107,682.9128208439391
3500.0,0.841,652.2240458638959,387.6484989731464
3500.0,1.588,678.8165390666477,541.1468414831054
3500.0,2.585,704.369429634615,705.2410170530434
3600.0,1.09,750.8311792936876,457.6675398230838
3600.0,2.585,780.2238639482307,726.8396182668162
3700.0,2.585,858.5880975719601,746.8768160150858
3800.0,2.585,939.8216757593833,764.5011096644504
