Strike,Maturity,Price,LocalVolatility,ImpliedVol
1000.0,0.37,0.2158291457576187,0.4758073389530182,0.5759180884417047
1100.0,0.37,0.3046543401622581,0.7796432971954346,0.5421774384829039
1225.0,1.588,4.308599955359895,0.443320631980896,0.31906814306522746
1250.0,0.342,0.4309412493568203,1.0933842658996582,0.5083196632553816
1250.0,1.588,4.713580671941688,0.44577381014823914,0.31626435728332836
1275.0,1.588,5.142658809560828,0.44765976071357727,0.31344255696552603
1300.0,0.246,0.37082698646343903,2.1056251525878906,0.5638879135409909
1300.0,0.419,0.5993110161911783,0.8608151078224182,0.45381375225220755
1300.0,1.588,5.596576436798664,0.44896039366722107,0.31060483415896223
1325.0,0.342,0.5090389255215726,1.0583620071411133,0.4824435293357145
1325.0,0.621,1.1124238497034664,0.6442385911941528,0.390005326606008
1375.0,0.246,0.4079427650852452,1.4970943927764893,0.5309434573708841
1375.0,1.09,3.4945200284583144,0.49964866042137146,0.32631149744669125
1375.0,2.585,17.484880760938395,0.412000834941864,0.2806176632572124
1400.0,0.591,1.292381472220871,0.6536126732826233,0.3795615037941223
1400.0,0.841,2.3557202263199137,0.5489125847816467,0.3436196093003791
1400.0,1.588,7.677542407856436,0.4482213854789734,0.2991375513384878
1425.0,0.591,1.3897131995292202,0.6470919251441956,0.37408871186085857
1425.0,1.09,4.092160298094512,0.4955035150051117,0.3190586103918248
1425.0,2.585,19.937822243069732,0.4105149507522583,0.27620901591653746
1450.0,0.342,0.6608440078947027,0.9301327466964722,0.44113220123933083
1450.0,0.841,2.748558518192688,0.5410051941871643,0.3350519533435903
1450.0,2.585,21.239639683872795,0.4091504216194153,0.27399031998154033
1475.0,0.591,1.6020088640497292,0.6303927302360535,0.3632593203291566
1475.0,2.585,22.593322862519088,0.40738776326179504,0.2717641162589482
1500.0,0.246,0.47968765902695676,1.1226935386657715,0.4793899912581658
1500.0,2.585,24.00010647609861,0.40524303913116455,0.2695316195675921
1525.0,0.246,0.4965526405213767,1.0736242532730103,0.46960055065329526
1550.0,0.093,0.19480748163486927,1.0281521081924438,0.6810688672308989
1550.0,0.17,0.33324944582367877,1.2349512577056885,0.5299314161028059
1550.0,0.246,0.5145852016236301,1.0287786722183228,0.45998681755664417
1550.0,0.591,1.9719783405889757,0.5988563895225525,0.3473467618289528
1575.0,0.17,0.3378005143394427,1.1902998685836792,0.517701505801179
1575.0,0.342,0.8573635024955433,0.7961324453353882,0.40245771551060444
1575.0,2.585,28.553038725426234,0.3967147171497345,0.26280869414590147
1600.0,0.074,0.15071919583334692,0.9769514203071594,0.7098853678976158
1600.0,0.189,0.39073754398888205,1.1011804342269897,0.4860528018368782
1600.0,0.342,0.9046715260898424,0.771086573600769,0.39506186862156584
1600.0,1.588,13.340956928508461,0.42178183794021606,0.27604934958835725
1625.0,0.841,4.553880558614843,0.49165064096450806,0.3057491762512098
1650.0,0.074,0.13824477760413956,1.0467287302017212,0.6695808286180602
1650.0,0.285,0.7541411961922382,0.8043730854988098,0.403222405447512
1650.0,2.585,33.63890611860057,0.3855300843715668,0.2560728310535102
1675.0,0.093,0.1708113763607284,1.1322742700576782,0.5930929899002629
1675.0,0.37,1.2196992339219825,0.6710730195045471,0.36498932406013607
1675.0,1.588,16.102328018614386,0.40590718388557434,0.267477835615996
1675.0,2.585,35.461272420426724,0.3813265264034271,0.2538299672987871
1700.0,0.131,0.2603789846007247,1.0995877981185913,0.5060997907458119
1700.0,0.246,0.6580480791534438,0.8140264749526978,0.4059738077078255
1725.0,0.591,3.1745031931657834,0.5131228566169739,0.3120479343577357
1725.0,1.588,18.179138761801937,0.39428895711898804,0.26181983329450487
1750.0,0.112,0.213789900201947,1.0961337089538574,0.5093946248717687
1750.0,0.151,0.331856586471722,0.9798460602760315,0.45769888648899665
1750.0,0.591,3.399419660475644,0.500711977481842,0.3072352183432011
1750.0,1.588,19.29559493504432,0.3882634937763214,0.25901081857707603
1775.0,0.841,6.862169850196125,0.43731316924095154,0.281845389282714
1825.0,0.112,0.22366083508034684,1.0147837400436401,0.47086081141750274
1825.0,0.37,1.7814974934945482,0.5561503171920776,0.3270074987794325
1825.0,1.588,22.991817386878097,0.36964476108551025,0.2506774649152749
1850.0,0.093,0.16856106364823287,1.06477689743042,0.4892381295663247
1850.0,0.131,0.2986455180319023,0.9095529913902283,0.4351673365347614
1850.0,0.841,8.404570632284631,0.4096972346305847,0.27040534396466825
1850.0,1.588,24.349861563783378,0.3633340895175934,0.24793337595673448
1850.0,2.585,50.227423317559555,0.3476659655570984,0.23825962340942144
1875.0,0.112,0.23599608532697935,0.9491413235664368,0.4468529463803388
1875.0,0.17,0.4924531588000818,0.7614532709121704,0.39100156192627544
1875.0,0.37,2.0441646619932072,0.5219861268997192,0.31518018786937857
1875.0,0.841,8.992552461547675,0.4006229341030121,0.26667307581148264
1875.0,1.588,25.776781823963262,0.3570045232772827,0.2452078106834635
1875.0,2.585,52.65577173745078,0.34249988198280334,0.2360639095392633
1900.0,0.112,0.24425882445928337,0.9144284725189209,0.43532414823409765
1900.0,0.285,1.3522330710001427,0.5650153160095215,0.3302030850533373
1900.0,0.841,9.622555383800488,0.39164578914642334,0.2629822427907624
1900.0,1.588,27.276082050892114,0.3506724238395691,0.24250086162299356
1900.0,2.585,55.172650164825086,0.33729657530784607,0.23387733122971632
1925.0,0.093,0.1810534655469258,0.9695459604263306,0.4506685323790172
1925.0,0.841,10.297990160202403,0.38278016448020935,0.259333034052519
1925.0,1.588,28.851975885723647,0.3443533182144165,0.23981372654819963
1960.0,0.112,0.2710894084004538,0.8293954730033875,0.40887533285443195
1970.0,0.093,0.19385082211735494,0.9034244418144226,0.4290277276437752
1975.0,0.093,0.195567545482481,0.895892322063446,0.42668870232226286
1975.0,0.112,0.279620079222191,0.8082306385040283,0.40252093485639867
1975.0,2.585,63.28948400075319,0.3215990364551544,0.22737978059361733
1980.0,0.093,0.1973499579019693,0.8883405923843384,0.4243626721250538
1990.0,0.093,0.20111217181691554,0.8731980919837952,0.419747907274405
2000.0,0.285,1.8171008344084072,0.49085378646850586,0.3047350032633915
2000.0,1.588,34.08148236897125,0.32559701800346375,0.23187473991217997
2000.0,2.585,66.19585348143983,0.3163759112358093,0.22523640580981066
2010.0,0.17,0.6896364295849171,0.6102024912834167,0.34467053319602947
2020.0,0.112,0.31063630220560956,0.7460247278213501,0.38404480588619344
2025.0,0.17,0.7212754825998591,0.5951504707336426,0.33987460018956667
2025.0,0.203,1.0202851392392027,0.5477941036224365,0.32461029796760044
2025.0,2.585,69.20913445265342,0.3111740052700043,0.22310522766719787
2030.0,0.17,0.7323898408662526,0.5902121067047119,0.3382906875257799
2050.0,0.131,0.4628301033388649,0.6495879888534546,0.35605494891703615
2050.0,0.151,0.6160231409346544,0.6043915748596191,0.3425191539692666
2050.0,0.189,0.9608815549580179,0.5437744855880737,0.3232306800915623
2060.0,0.112,0.34649964400922784,0.6931298971176147,0.368327168370843
2070.0,0.17,0.8328225310058954,0.5521067380905151,0.3258790364078831
2075.0,0.203,1.2031171480807288,0.5062645077705383,0.3105056981932719
2075.0,0.591,8.699399177286523,0.3562593460083008,0.25023075238128045
2100.0,0.112,0.3924210128446397,0.6431001424789429,0.353236164553543
2100.0,0.189,1.1402531106763263,0.5016422867774963,0.30889599792344385
2100.0,0.454,5.93447712224534,0.37033355236053467,0.257320642133559
2100.0,2.585,78.9310642846117,0.2957727015018463,0.2167881208352039
2120.0,0.112,0.42003543509586194,0.6192612648010254,0.3459143898448626
2125.0,0.093,0.2875149368116148,0.6766101121902466,0.3620572675022167
2125.0,0.285,2.78097644826331,0.41197624802589417,0.2755902454318834
2125.0,1.588,44.76753018039091,0.2955499291419983,0.21907907442676633
2125.0,2.585,82.41380636341529,0.29072853922843933,0.21470931146413952
2130.0,0.093,0.29244939247588597,0.6699239611625671,0.36007329863592336
2130.0,0.112,0.43519814453786765,0.6076457500457764,0.3423077064939231
2140.0,0.093,0.3028256271325205,0.656718373298645,0.35613567002473145
2150.0,0.093,0.31391822706089556,0.6437382698059082,0.3522378235958471
2150.0,0.112,0.4685544604716938,0.58502596616745,0.3351997982939376
2150.0,0.151,0.8754052404222747,0.5083180069923401,0.3109488413036411
2150.0,0.285,3.051060262018069,0.3978617489337921,0.27009445307483565
2150.0,0.841,19.156732083356047,0.3094260096549988,0.22839938923832445
2160.0,0.093,0.32577933920796553,0.6309870481491089,0.34837908249822686
2160.0,0.112,0.4868928633640124,0.5740222930908203,0.3316974865710954
2165.0,0.112,0.49651396946333115,0.5685970187187195,0.32995917300280064
2170.0,0.093,0.33846976623516944,0.6184667348861694,0.34455922017675805
2175.0,0.093,0.34514367960199444,0.6122936606407166,0.3426635027633171
2175.0,0.112,0.5167089367952222,0.5578983426094055,0.3265075007172924
2175.0,0.285,3.3557678735342265,0.3842597007751465,0.2647039874125971
2175.0,0.454,7.6502786004706,0.33886727690696716,0.24423120305627116
2175.0,0.841,20.5535454930004,0.30206847190856934,0.2251739340834233
2175.0,1.588,49.864309837824806,0.2840953469276428,0.21412073057116604
2180.0,0.093,0.35204824479686714,0.6061792373657227,0.3407772225136418
2185.0,0.112,0.538253122842189,0.5474013686180115,0.3230887795222875
2195.0,0.093,0.37423144829016053,0.5881842374801636,0.3351739648312361
2200.0,0.112,0.5733238195053829,0.5320311188697815,0.3180216291954058
2200.0,0.285,3.700017796239507,0.3711519241333008,0.25941576517415743
2200.0,0.841,22.05883939723003,0.2948741018772125,0.22199000420828421
2200.0,1.588,52.614864224365135,0.2785032093524933,0.211676615174807
2200.0,2.585,93.65414079115482,0.2759334146976471,0.2085582100851271
2210.0,0.112,0.5986975182407619,0.5220312476158142,0.31468313501039674
2220.0,0.112,0.6258156816502165,0.5122261643409729,0.31137626537377877
2225.0,0.112,0.6400678973691178,0.5073960423469543,0.30973439758876997
2225.0,0.151,1.1983824720702287,0.4466775357723236,0.2890988197027552
2225.0,0.285,4.08952802681803,0.3585209548473358,0.2542274003936755
2225.0,1.588,55.509759035585205,0.27300411462783813,0.2092560161357889
2230.0,0.093,0.43587358092717565,0.5482219457626343,0.3224158379776068
2230.0,0.37,6.612648244577159,0.33214911818504333,0.24222802194829626
2235.0,0.093,0.44597639217736784,0.5427411794662476,0.32062821169970934
2245.0,0.093,0.4672899031843283,0.5319483280181885,0.31707870579703873
2245.0,0.112,0.7021199643025255,0.4885484576225281,0.30324267803280996
2250.0,0.074,0.28561783293934084,0.588322639465332,0.3336850954188045
2250.0,0.112,0.7189903268915963,0.4839528203010559,0.301638304973027
2250.0,0.151,1.3434055514446541,0.4279477000236511,0.28213297916255037
2250.0,0.841,25.430933614725575,0.28097134828567505,0.21574595047771744
2255.0,0.093,0.49017417350455794,0.521377444267273,0.3135625243271735
2255.0,0.112,0.7364490147260838,0.47940337657928467,0.3000413996162569
2260.0,0.112,0.7545162973293174,0.4748993515968323,0.2984517753543982
2265.0,0.112,0.7732168835901554,0.47044023871421814,0.29686942310401215
2270.0,0.112,0.7925729595250601,0.46602579951286316,0.29529416409141945
2270.0,0.37,7.715999697290002,0.3157751262187958,0.23510085936070044
2275.0,0.112,0.8126139487784627,0.46165555715560913,0.29372611244017044
2275.0,0.841,27.317380859157936,0.2742600739002228,0.21268511891367065
2275.0,1.588,61.76346949081932,0.2622905969619751,0.20448596913109462
2275.0,2.585,106.18910004295566,0.26171329617500305,0.20254037320635462
2280.0,0.093,0.5551674129913984,0.4958984851837158,0.3049160744421462
2280.0,0.37,8.024654763891533,0.3118163049221039,0.23334988877800555
2285.0,0.112,0.8548499746592775,0.45304566621780396,0.2906109671209765
2290.0,0.37,8.347722402891264,0.3079097270965576,0.23161082918706993
2300.0,0.044,0.10419151553957295,0.6902087330818176,0.35955408606541184
2300.0,0.112,0.9240427788225745,0.4404517412185669,0.28599041885821824
2300.0,0.285,5.600226036009232,0.3233129680156708,0.23923429215776237
2300.0,0.841,29.35168444518098,0.26770639419555664,0.20966446387591617
2300.0,1.588,65.1383893894336,0.25707775354385376,0.20213652900301565
2300.0,2.585,110.68038337081907,0.2571117877960205,0.2005651640394967
2305.0,0.112,0.9487861517945895,0.436337411403656,0.2844637498372894
2310.0,0.074,0.3885467812639156,0.5169731974601746,0.31068247359175094
2310.0,0.112,0.9744313127188349,0.432264119386673,0.2829439640466625
2310.0,0.285,5.8489432322191135,0.31890562176704407,0.2372973741629056
2315.0,0.112,1.0010046763232552,0.42823150753974915,0.28143062638326277
2320.0,0.285,6.1108461916387995,0.31456243991851807,0.23537468614383258
2325.0,0.049,0.15647523115158446,0.6120753884315491,0.33775334496195125
2325.0,0.055,0.2080837568375582,0.5773236155509949,0.3280067055152513
2325.0,0.112,1.0571175534003103,0.4202868342399597,0.27842414862191983
2325.0,0.189,2.984786615242413,0.3505971133708954,0.2515064772724671
2325.0,0.285,6.246974841627022,0.31241464614868164,0.234418636297664
2325.0,0.454,13.144013763036355,0.2839101552963257,0.21991488265719294
2325.0,0.841,31.545395024054073,0.26130786538124084,0.20668330366720042
2325.0,1.588,68.69005717742311,0.2519613802433014,0.1998108769350386
2325.0,2.585,115.33758393902178,0.2525818943977356,0.19860557631088935
2330.0,0.074,0.4351797052937094,0.49522531032562256,0.3033007990794019
2330.0,0.151,1.9978630611810786,0.37349605560302734,0.2608203259449907
2340.0,0.074,0.46148687215979933,0.4847113788127899,0.2996607974250894
2340.0,0.112,1.1492932967373548,0.4086638391017914,0.2739630181589998
2345.0,0.093,0.7931930090666057,0.43561214208602905,0.28334216041940463
2345.0,0.112,1.1823337368439724,0.40486598014831543,0.2724887758722659
2350.0,0.068,0.4021970053360615,0.49274298548698425,0.30186634782416644
2350.0,0.112,1.2166104531655435,0.401105672121048,0.2710207967164972
2350.0,0.285,6.9832427363719205,0.30190715193748474,0.2296897220310602
2350.0,0.454,14.441158971265793,0.2756931483745575,0.21608805645594067
2350.0,2.585,120.16638851636594,0.24812443554401398,0.19666158601901465
2355.0,0.093,0.8414821142804456,0.4270485043525696,0.2801328377642896
2355.0,0.112,1.2521721868162956,0.39738237857818604,0.26955895165533533
2365.0,0.093,0.8937100789128252,0.41866248846054077,0.2769516566208538
2365.0,0.112,1.3273899694285234,0.3900455832481384,0.26665412930048454
2370.0,0.055,0.27391720276578013,0.5190843939781189,0.3092467233454531
2370.0,0.285,7.645493865472645,0.2937714159488678,0.22596724257475545
2375.0,0.049,0.21274821003366284,0.5414254069328308,0.31573437916917785
2375.0,0.055,0.2830026255510294,0.5129928588867188,0.30721032014219257
2375.0,0.112,1.4084370623270814,0.3828520178794861,0.26377362162714796
2375.0,0.454,15.881926227420337,0.2677239179611206,0.21232194347999678
2375.0,0.841,36.462182443664176,0.2489667385816574,0.20083847321900988
2375.0,2.585,125.17318249482378,0.24374035000801086,0.19473360107978793
2380.0,0.055,0.29251445283497013,0.5069743990898132,0.3051834660342797
2380.0,0.189,3.9515521632638837,0.32167643308639526,0.23901373026100742
2385.0,0.112,1.495815495158169,0.37579798698425293,0.26091705474978166
2390.0,0.285,8.381093550755281,0.28586721420288086,0.22229750713942625
2395.0,0.055,0.32382862046601346,0.48934459686279297,0.2991578894291013
2395.0,0.112,1.590066319253154,0.3688799738883972,0.25808387845379815
2400.0,0.055,0.3352751040898756,0.4836067855358124,0.2971671864813227
2400.0,0.112,1.6399651553834573,0.36547109484672546,0.25667622004286533
2400.0,0.189,4.3935509804342985,0.3117979168891907,0.23460072037627752
2400.0,0.285,8.77900942350007,0.2819993495941162,0.22048194236396035
2400.0,0.841,39.21273828257176,0.24301870167255402,0.19797377436181554
2400.0,1.588,80.49618212632538,0.2371899038553238,0.19297616725714045
2400.0,2.585,130.36391332284018,0.23942984640598297,0.19282155600580655
2405.0,0.055,0.34727616835728803,0.47793707251548767,0.29518568881373186
2405.0,0.112,1.691800122622361,0.36209481954574585,0.25527401646898557
2410.0,0.074,0.7226346595646866,0.4173148572444916,0.27507389675183647
2410.0,0.285,9.198494207183671,0.27818620204925537,0.21867890475409973
2415.0,0.055,0.37305283145708046,0.46679776906967163,0.29124880706652195
2415.0,0.112,1.80167018148326,0.35543933510780334,0.25248705331877946
2420.0,0.044,0.2221171165555127,0.5089916586875916,0.3042920234200822
2420.0,0.112,1.8598765572570173,0.3521590530872345,0.25110202373464535
2420.0,0.189,4.894930804181925,0.3022376000881195,0.23025398495271046
2420.0,0.285,9.640825420162884,0.2744271457195282,0.21688857866524994
2425.0,0.068,0.6620361072249388,0.417844295501709,0.27470689229801554
2425.0,0.454,19.261158239473616,0.2524968385696411,0.20496681478332718
2430.0,0.044,0.2396209113618024,0.4962124824523926,0.2999606411710955
2430.0,0.049,0.3144141413071875,0.4731159806251526,0.292665606941778
2430.0,0.112,1.983291794554745,0.3456912636756897,0.24834827683666444
2430.0,0.189,5.170503651693295,0.297572523355484,0.22810484314716192
2430.0,0.285,10.107238360066532,0.270720899105072,0.21511055230477902
2435.0,0.055,0.43267911767651057,0.4452919661998749,0.2834780623080557
2435.0,0.074,0.8616689791374696,0.39564427733421326,0.26664830496631853
2435.0,0.112,2.0487201305307536,0.3425031304359436,0.2469797834849298
2440.0,0.044,0.25902084050717455,0.4837486147880554,0.2956673214267684
2440.0,0.049,0.3395874102300027,0.46165144443511963,0.2885917259919544
2440.0,0.055,0.44949285677368067,0.44007110595703125,0.2815562529126351
2440.0,0.189,5.4641983483760725,0.29298171401023865,0.22597143897620883
2445.0,0.074,0.9266301569765147,0.387296199798584,0.26332712642238065
2450.0,0.049,0.36745573484456173,0.4504593312740326,0.28455298462393896
2450.0,0.112,2.26115396784553,0.3331166207790375,0.24290612298642225
2450.0,0.285,11.117757057567133,0.2634630799293518,0.21159066007431412
2450.0,0.841,45.37319385334462,0.2315521538257599,0.1923566145444669
2450.0,2.585,141.32237910591834,0.23103006184101105,0.18904558470110036
2455.0,0.055,0.5052413415469772,0.4247673749923706,0.2758402194996224
2460.0,0.044,0.30450230008449175,0.45972949266433716,0.2871935937055067
2460.0,0.055,0.5257626369997226,0.4197826385498047,0.27395087204330437
2460.0,0.112,2.4174695765014746,0.327003538608551,0.24021696358231304
2465.0,0.074,1.0758037967906375,0.3711208701133728,0.2567663541466438
2465.0,0.112,2.500418962128265,0.3239891529083252,0.23888009878565641
2470.0,0.074,1.1176058960006046,0.3671818673610687,0.255142691410583
2470.0,0.112,2.5867521504045783,0.32100236415863037,0.23754834729679314
2470.0,0.189,6.467105720509068,0.2796405553817749,0.21966377137058243
2470.0,0.285,12.241855446359523,0.25640562176704407,0.20811851514775478
2475.0,0.049,0.4512093190304327,0.4236185848712921,0.27460681668135617
2475.0,0.841,48.81616747830452,0.2260277271270752,0.18960339030251563
2475.0,1.588,94.23324354926365,0.22327248752117157,0.186353281650141
2475.0,2.585,147.10313076357056,0.2269405573606491,0.18718186695585248
2480.0,0.055,0.6191421461654336,0.4004030227661133,0.26647257153495113
2480.0,0.074,1.207304282206536,0.35942521691322327,0.25191494256576275
2485.0,0.074,1.255412476053074,0.3556063175201416,0.2503106061043097
2485.0,0.285,13.167177645219112,0.2512395679950714,0.20554481472755867
2490.0,0.044,0.394076341385837,0.4258335828781128,0.27475339030006846
2490.0,0.055,0.6735688945110105,0.39103662967681885,0.2627792324266093
2490.0,0.074,1.3058528310050548,0.351826548576355,0.2487127081760666
2495.0,0.055,0.7029976649321341,0.38643160462379456,0.2609441041629823
2495.0,0.074,1.3587456393450381,0.3480849862098694,0.24712108083943068
2495.0,0.285,13.826500774874376,0.24785423278808594,0.20384320292560545
2500.0,0.044,0.4311977762168624,0.4150678217411041,0.2706759492567529
2500.0,0.049,0.5605231818635872,0.3983057737350464,0.2648668770908621
2500.0,0.068,1.1800060872704634,0.3543621301651001,0.24922679948442647
2500.0,0.841,52.52414948890578,0.22063784301280975,0.18688588808291437
2500.0,2.585,153.0933788479308,0.2229241132736206,0.18533418168135332
2510.0,0.049,0.6133241206815825,0.38858166337013245,0.261026616130344
2510.0,0.068,1.2820060601434164,0.34663286805152893,0.245944010300679
2515.0,0.074,1.597561782374072,0.333490788936615,0.2408158893596674
2520.0,0.049,0.6723367190329697,0.3790755867958069,0.2572171024082431
2520.0,0.055,0.8760125721322751,0.3641524314880371,0.2518773378261116
2520.0,0.068,1.3946938376734508,0.33906081318855286,0.24268673905799443
2520.0,0.112,3.672702253408616,0.2925768792629242,0.22450411296627223
2525.0,0.044,0.5448564115843126,0.3892396092414856,0.2606276944938881
2525.0,0.055,0.9165594034844702,0.35984060168266296,0.2500855309033665
2525.0,0.068,1.455425484533066,0.33533206582069397,0.2410675346156562
2525.0,0.285,16.029345195795713,0.23797079920768738,0.1988049758043145
2525.0,0.841,56.51606537896703,0.2153795063495636,0.18420381318804335
2525.0,1.588,104.6031441925212,0.21445584297180176,0.18205432914621283
2530.0,0.044,0.571829013328184,0.38425204157829285,0.2586424385215897
2530.0,0.049,0.7383834684068731,0.36978086829185486,0.25343783819226007
2530.0,0.055,0.9593721475647712,0.35557493567466736,0.2483005792929819
2530.0,0.068,1.5193025914490903,0.3316408097743988,0.23945453285516863
2535.0,0.044,0.6004390194452576,0.37932175397872925,0.2566649900341534
2535.0,0.074,1.8875290113062562,0.3194658160209656,0.23460666970843147
2535.0,0.285,16.845532003096878,0.2347644418478012,0.19714734220562347
2540.0,0.049,0.8124045165069163,0.3606904447078705,0.24968831304530967
2540.0,0.055,1.0523806747894042,0.3471793830394745,0.244751555987606
2540.0,0.068,1.6571980889001594,0.324368417263031,0.23624652185981124
2540.0,0.112,4.248156272716102,0.2818928360939026,0.2194191754262102
2540.0,0.285,17.270206281614605,0.23317725956439972,0.19632244001130242
2545.0,0.055,1.1028808515909034,0.3430480360984802,0.24298718820719886
2545.0,0.074,2.0553415753435615,0.31265610456466675,0.23153672646321896
2550.0,0.044,0.6972612677916885,0.36486390233039856,0.25077957084156266
2550.0,0.049,0.8954723356880052,0.35179802775382996,0.2459678875628959
2550.0,0.055,1.1562753766481535,0.33896011114120483,0.24122973717362178
2550.0,0.112,4.573779759965362,0.27668771147727966,0.2169039491299442
2550.0,0.285,18.154236100363903,0.23003436625003815,0.1946805215973716
2550.0,0.841,60.81150564917414,0.21024933457374573,0.18155649108186228
2550.0,1.588,110.18454997152935,0.21018201112747192,0.17993904621786008
2555.0,0.055,1.2127345452135216,0.33491483330726624,0.2394787806610602
2555.0,0.112,4.747058212214029,0.27411821484565735,0.2156528939809132
2560.0,0.044,0.7722732132292194,0.35549378395080566,0.24689410202492523
2560.0,0.055,1.2724622825949083,0.3309115469455719,0.23773458681686038
2560.0,0.068,1.9792865618656492,0.3102484941482544,0.22990236341244574
2565.0,0.055,1.3356577276603119,0.3269498646259308,0.2359968750755556
2565.0,0.285,19.57171494962381,0.22539763152599335,0.19223736180252377
2570.0,0.055,1.4025385082633193,0.3230285942554474,0.23426552766250516
2570.0,0.112,5.312651514566397,0.2665388882160187,0.21192603543608177
2575.0,0.049,1.1512432555575316,0.33039185404777527,0.23679069597783295
2575.0,0.055,1.4733486822175195,0.3191474676132202,0.23254074134521804
2575.0,0.068,2.2687270805010797,0.3000139594078064,0.2252049048235373
2575.0,0.841,65.43085084656173,0.20524373650550842,0.17894313729033012
2575.0,2.585,172.3901851866068,0.21130859851837158,0.17988877864568317
2580.0,0.044,0.9530602623092008,0.3373679518699646,0.2392124511663475
2580.0,0.068,2.3757740617561325,0.29666754603385925,0.22365043561144435
2580.0,0.112,5.731318277243588,0.2615906596183777,0.20946285981991294
2580.0,0.285,21.106535104186435,0.22085121273994446,0.18981680527021916
2585.0,0.044,1.0057588100372357,0.33295968174934387,0.23731021780112596
2585.0,0.285,21.64583744461885,0.21935534477233887,0.18901496788597538
2590.0,0.044,1.0618873065872592,0.3285989761352539,0.23541501295044862
2590.0,0.049,1.3456658087875013,0.3180842101573944,0.23136655531302672
2590.0,0.112,6.186803413691621,0.2567234933376312,0.20701634886485734
2595.0,0.044,1.1216940418449326,0.324285089969635,0.23352689443805608
2595.0,0.074,3.200397640107923,0.28048378229141235,0.21651834125122657
2595.0,0.285,22.76815814289688,0.2163926661014557,0.18741876009189679
2600.0,0.044,1.1854435510655605,0.3200175166130066,0.23164582995207889
2600.0,0.049,1.4964275052849132,0.3100908696651459,0.22778363059565104
2600.0,0.068,2.865359188290512,0.283594012260437,0.2174876089956029
2600.0,0.841,70.39565213747915,0.20035970211029053,0.17636340323559016
2600.0,2.585,179.28701781098573,0.2075788527727127,0.17810604145115108
2605.0,0.055,1.9958534798895897,0.29666829109191895,0.22232304628372607
2605.0,0.074,3.508011486905133,0.2743992507457733,0.21357786960173464
2610.0,0.044,1.3259175680438346,0.31161782145500183,0.22790435370669104
2610.0,0.049,1.66690781774372,0.3022609353065491,0.2242267267778549
2610.0,0.055,2.102157361969816,0.2930508852005005,0.22064144710493683
2615.0,0.044,1.4032759967352888,0.30748429894447327,0.2260438624175357
2615.0,0.049,1.760399207926369,0.2984056770801544,0.2224578237027724
2615.0,0.055,2.214920375259368,0.2894688546657562,0.21896572553068094
2615.0,0.074,3.84905687879629,0.2684239447116852,0.21065779305113486
2615.0,0.285,25.198129951049737,0.2105802446603775,0.18425536011582747
2620.0,0.044,1.4858397335730018,0.30339401960372925,0.22419001233054944
2620.0,0.049,1.8598969303500894,0.29458925127983093,0.220695164250824
2620.0,0.055,2.334571144063574,0.28592175245285034,0.21729598831748634
2620.0,0.068,3.4715414564046796,0.27099835872650146,0.21141023336423106
2620.0,0.189,15.81100006784419,0.2213759422302246,0.1900181459062707
2620.0,0.285,25.846556010761162,0.20915021002292633,0.18347052161814634
2620.0,0.454,41.85113754912095,0.2010984867811203,0.17833962785014015
2625.0,0.044,1.5739948072374688,0.2993465065956116,0.22234292196614827
2625.0,0.841,75.72780186859893,0.19559358060359955,0.1738163775738656
2625.0,1.588,128.65415259739098,0.19788150489330292,0.17372840397476502
2625.0,2.585,186.4272517134632,0.2039184868335724,0.1763392302619287
2630.0,0.049,2.0786135441059628,0.2870711088180542,0.2171886367926323
2630.0,0.055,2.5963353703892267,0.27893009781837463,0.21397384970284
2630.0,0.068,3.8273254077113847,0.2648713290691376,0.20840265529609747
2630.0,0.112,8.448424465710787,0.23802459239959717,0.1973916407329939
2630.0,0.189,16.82014725667733,0.21792465448379517,0.1881431015986746
2630.0,0.285,27.195384643436,0.20631709694862366,0.18190786883535928
2630.0,0.454,43.572053673121445,0.19876420497894287,0.17705475878434201
2635.0,0.074,4.647071678874056,0.2567874789237976,0.20487645628113102
2635.0,0.112,8.789038132003895,0.23576980829238892,0.1962061854819592
2635.0,0.285,27.89655081796417,0.2049136757850647,0.18112979040854144
2640.0,0.049,2.326731204908498,0.2797016203403473,0.21370646457902584
2640.0,0.055,2.891399922744,0.27207180857658386,0.21067457719149502
2640.0,0.285,28.616331887444176,0.20351934432983398,0.18035435255428114
2645.0,0.044,1.991113744008075,0.28356972336769104,0.2150197013035165
2645.0,0.049,2.463127750401526,0.27607157826423645,0.21197463211907513
2645.0,0.112,9.515255923632196,0.23131243884563446,0.19384646055011334
2645.0,0.189,18.46210138408844,0.21283626556396484,0.18535209945059955
2650.0,0.055,3.2242529974780894,0.26534298062324524,0.2073977107735876
2650.0,0.112,9.902190898849426,0.22910962998867035,0.1926722415466072
2650.0,2.585,193.81855058907956,0.2003270983695984,0.17458877905847625
2655.0,0.044,2.2453821676925543,0.2759205996990204,0.2113965039442325
2655.0,0.055,3.406418391051403,0.2620258629322052,0.2057675543294706
2655.0,0.068,4.906041173866242,0.25002557039260864,0.20097123298835967
2655.0,0.285,30.89087681506976,0.19938747584819794,0.17804118926567195
2660.0,0.044,2.385958951615379,0.27215391397476196,0.20959415694241304
2660.0,0.068,5.159459506098358,0.24713440239429474,0.19949951511287503
2660.0,0.112,10.727157678068352,0.22475427389144897,0.19033475053401144
2665.0,0.049,3.1049862425796846,0.2619013488292694,0.20510560964613878
2665.0,0.055,3.805728450776826,0.25548434257507324,0.20252353101685655
2665.0,0.285,32.50803865958176,0.19667519629001617,0.17651023804941415
2670.0,0.044,2.6974198743553472,0.2647331655025482,0.20600816566382804
2670.0,0.049,3.293002796892665,0.2584439516067505,0.20340288084543254
2670.0,0.055,4.02442609379429,0.2522589862346649,0.20090972700028376
2670.0,0.112,11.62517051792571,0.22046439349651337,0.18801146481084577
2670.0,0.189,21.578091938882096,0.20458318293094635,0.18075650693559847
2675.0,0.044,2.8698079857986443,0.2610780894756317,0.20422426032021918
2675.0,0.049,3.49359009210454,0.25501951575279236,0.20170570777447752
2675.0,0.055,4.256899063074229,0.24906325340270996,0.19930099508263377
2675.0,0.068,6.008815754517315,0.2386103868484497,0.19511308201606614
2675.0,0.112,12.10359101090512,0.21834388375282288,0.18685536053586654
2675.0,0.285,34.21038154712551,0.19399599730968475,0.17498818083637566
2675.0,1.588,142.524112348877,0.19009965658187866,0.16969855310619592
2675.0,2.585,201.4670924387433,0.19680315256118774,0.17285415938769128
2685.0,0.055,4.766899862392307,0.2427593469619751,0.1960994623430549
2685.0,0.112,13.123315256932699,0.21414974331855774,0.18455339337636523
2690.0,0.044,3.4639050714874884,0.25032761693000793,0.1989083597340969
2690.0,0.068,7.0105296769345955,0.23030343651771545,0.19076810659288979
2690.0,0.112,13.666401282199615,0.21207593381404877,0.1834075456869338
2690.0,0.189,24.456361810552266,0.1981763392686844,0.17712862590240838
2690.0,0.285,36.932315183029914,0.1900378167629242,0.17272136646180677
2690.0,0.454,55.47454265718636,0.1852937638759613,0.16949376437189836
2695.0,0.055,5.34359476893394,0.23656925559043884,0.1929183327052998
2700.0,0.044,3.9339726893178693,0.24333477020263672,0.1953937553855618
2700.0,0.049,4.718065080119999,0.2383778989315033,0.1933033117696408
2700.0,0.285,38.865143739227165,0.18743836879730225,0.17122059527988964
2700.0,0.454,57.74624237868193,0.18313419818878174,0.16825758959270012
2700.0,1.588,149.96222521032723,0.1863292157649994,0.16771598393917736
2705.0,0.049,5.014756886267264,0.23514272272586823,0.19163912297821026
2705.0,0.055,5.995900507641238,0.2304900586605072,0.189757438766354
2705.0,0.068,8.192191241536989,0.22220510244369507,0.1864636491767063
2705.0,0.189,26.86802540708004,0.19348040223121643,0.1744352281758874
2705.0,0.285,39.868702573316,0.18615032732486725,0.1704734834535899
2710.0,0.044,4.4738404254313195,0.2364766150712967,0.1919018573386127
2710.0,0.049,5.331545622957833,0.23193737864494324,0.18998017147417431
2710.0,0.068,8.631480125195196,0.21955059468746185,0.1850376563577808
2710.0,0.189,27.72388110816769,0.19193518161773682,0.17354244811995112
2715.0,0.049,5.6698257657612885,0.22876183688640594,0.18832656412331672
2715.0,0.189,28.607067534628527,0.19040006399154663,0.17265240793223618
2715.0,0.285,41.95260366717753,0.18359693884849548,0.16898524624105754
2720.0,0.049,6.031046947629477,0.22561532258987427,0.1866780929541802
2720.0,0.454,62.561693031343225,0.1788848638534546,0.1658050516884559
2725.0,0.049,6.416789985879973,0.22249792516231537,0.1850348952411521
2725.0,0.055,7.568596974006994,0.21865272521972656,0.18349463980732367
2725.0,0.189,30.458115931471752,0.18735867738723755,0.1708793341122728
2730.0,0.044,5.807046277176028,0.2231508046388626,0.1849853008940754
2730.0,0.049,6.828678896360259,0.2194087952375412,0.18339664636772698
2730.0,0.055,8.026200993342343,0.21575850248336792,0.18194112201368393
2730.0,0.068,10.651027434315438,0.20914985239505768,0.17937650767122476
2730.0,0.112,18.938205249463408,0.19601891934871674,0.17436131317364847
2730.0,0.189,31.427747546546243,0.18585270643234253,0.16999675038548315
2730.0,0.454,65.11130404036794,0.1767943948507309,0.164588609868393
2735.0,0.044,6.202472823131302,0.21989819407463074,0.18326985320718542
2735.0,0.049,7.268509517740085,0.21634791791439056,0.18176360432088556
2735.0,0.055,8.51282372583671,0.2128894031047821,0.18039217789681183
2735.0,0.068,11.228894901254819,0.2066025733947754,0.1779717154963309
2735.0,0.189,32.42769652944355,0.18435591459274292,0.169116342408422
2740.0,0.112,20.55361382067622,0.19214653968811035,0.17213210097682982
2740.0,0.189,33.45889616102136,0.18286852538585663,0.16823837133334127
2740.0,0.454,67.75927545577554,0.1747259944677353,0.16337839168377338
2745.0,0.055,9.580477964356476,0.20722591876983643,0.1773083167050501
2745.0,0.112,21.412439197834146,0.190230593085289,0.17102202379494738
2745.0,0.189,34.522205295594404,0.18139047920703888,0.16736286815087065
2745.0,0.285,48.859901843044895,0.17611432075500488,0.1645691671867773
2750.0,0.044,7.567878307484136,0.21032333374023438,0.17815540685077558
2750.0,0.055,10.16538864320836,0.20443081855773926,0.1757732664087044
2750.0,0.068,13.163826357672292,0.1990838199853897,0.17378195627296525
2750.0,0.189,35.618447346636685,0.17992165684700012,0.1664897460058619
2750.0,0.454,70.5087112237228,0.17267952859401703,0.16217452381606717
2750.0,1.588,165.90537344408472,0.179020956158638,0.163814440423251
2755.0,0.049,9.346019228319335,0.20437920093536377,0.17528098633970246
2755.0,0.068,13.881910723975011,0.19661779701709747,0.1723934346493378
2755.0,0.112,23.23897313242435,0.186438649892807,0.16881129896689248
2755.0,0.189,36.74847016120839,0.17846186459064484,0.16561895329741486
2760.0,0.044,8.649340742614129,0.2040890008211136,0.17477199597234913
2760.0,0.055,11.44786712601649,0.19891294836997986,0.17271682712432262
2760.0,0.068,14.639745195131809,0.19417141377925873,0.17100892582515756
2760.0,0.112,24.209354394557067,0.18456244468688965,0.1677105091170531
2760.0,0.454,73.36268227778032,0.170654758810997,0.1609770531635345
2765.0,0.049,10.6061929905091,0.19855497777462006,0.1720688048246334
2765.0,0.068,15.439354936563973,0.1917446255683899,0.16962838676169237
2765.0,0.285,54.057259781374796,0.17126794159412384,0.16166415363499728
2770.0,0.044,9.890736550054498,0.19797024130821228,0.17140895124531122
2770.0,0.055,12.895715483399613,0.19348926842212677,0.1696782395908576
2770.0,0.454,76.32386304631405,0.16865092515945435,0.15978544954385165
2775.0,0.044,10.578321287497715,0.19495363533496857,0.16973512912552643
2775.0,0.049,12.040155845184927,0.19283427298069,0.1688756595538561
2775.0,0.055,13.687734089537003,0.19081202149391174,0.16816550625662743
2775.0,0.189,41.623982132259925,0.17271150648593903,0.162158785089414
2775.0,1.588,174.43419576387055,0.17547960579395294,0.16189482512150222
2775.0,2.585,234.77465559452753,0.18336275219917297,0.16607485096793562
2780.0,0.112,28.50443049584817,0.17718496918678284,0.1633369001751421
2780.0,0.454,79.39555470847222,0.16666804254055023,0.15860007801536968
2785.0,0.049,13.670047713242411,0.18721482157707214,0.16570115272124822
2785.0,0.068,19.098513166918906,0.18222759664058685,0.1641444956681453
2785.0,0.285,59.77312660797202,0.1665303111076355,0.15878945126262323
2790.0,0.049,14.565911984793615,0.1844421774148941,0.1641206071927014
2790.0,0.055,16.367938472729634,0.18291598558425903,0.16365316574361571
2790.0,0.112,30.920676254246246,0.17357078194618225,0.16116738335583292
2790.0,0.189,45.678955635419925,0.16848938167095184,0.15958727982532833
2790.0,0.454,82.5806060241548,0.16470564901828766,0.15742066887951742
2795.0,0.044,13.846518917325966,0.183163121342659,0.16308874191173822
2795.0,0.285,62.8374870655216,0.16420084238052368,0.1573629956424647
2800.0,0.055,18.436743744629666,0.17776267230510712,0.16066624214588093
2800.0,0.068,22.39157834572086,0.1752840131521225,0.1600711594244405
2800.0,0.841,125.31393656325167,0.16525898873806,0.15685170450994537
2805.0,0.044,15.839425100943231,0.17742979526519775,0.15979459251265213
2805.0,0.049,17.616283247188903,0.17627081274986267,0.15940655518380303
2805.0,0.285,66.04602287010789,0.16189707815647125,0.15594382362203185
2810.0,0.044,16.938598895331097,0.17460259795188904,0.15815462346709605
2810.0,0.049,18.765435400447018,0.1735948622226715,0.15784409443141525
2810.0,0.068,24.88534193047974,0.1707443743944168,0.15737370549042373
2810.0,0.112,36.35196648507588,0.16648614406585693,0.15686192996771992
2810.0,0.285,67.70577298720582,0.16075453162193298,0.155236776848316
2815.0,0.044,18.111564331338627,0.17180141806602478,0.15651933664412263
2815.0,0.049,19.986738694841733,0.17094236612319946,0.15628591983394008
2815.0,0.055,22.024080982919145,0.17019373178482056,0.1562165026629602
2815.0,0.285,69.40345554065289,0.15961839258670807,0.1545316547905961
2820.0,0.049,21.28392292224646,0.16831307113170624,0.15473201501090025
2820.0,0.068,27.6423798956032,0.16627489030361176,0.15469075383220998
2820.0,0.285,71.13953381494639,0.15848836302757263,0.15382821837717228
2825.0,0.044,20.695465363726612,0.16627605259418488,0.15326270094831382
2825.0,0.068,29.126300672276102,0.1640658676624298,0.1533544024776177
2825.0,0.112,40.99936763594178,0.16129477322101593,0.15366160820488733
2825.0,0.189,56.61834246112471,0.15892580151557922,0.15366285209059322
2825.0,0.285,72.91462831960007,0.15736442804336548,0.15312650684410176
2825.0,0.454,94.66360052579466,0.15799346566200256,0.1533385846342162
2825.0,1.588,192.66508846964643,0.16861408948898315,0.15811677167910582
2830.0,0.044,22.11483843583767,0.16355110704898834,0.151640979666177
2830.0,0.112,42.66636165774162,0.15958702564239502,0.15260019933919128
2830.0,0.189,58.3635242143539,0.15759126842021942,0.15282486371734955
2835.0,0.044,23.625019857747247,0.1608514040708542,0.15002403743156825
2835.0,0.049,25.66905351991045,0.16056285798549652,0.1500960721593883
2835.0,0.055,27.849048280592797,0.16039465367794037,0.15034000559314137
2835.0,0.112,44.39489689009224,0.15789030492305756,0.15154131556640552
2835.0,0.285,76.58416378688457,0.1551346480846405,0.15172814948350444
2840.0,0.044,25.23031479616111,0.15817652642726898,0.14841160258851535
2840.0,0.049,27.308148648358383,0.15802457928657532,0.14855908887674898
2840.0,0.068,34.03261894516254,0.15754029154777527,0.14936640725428024
2840.0,0.112,46.18657188872726,0.15620455145835876,0.1504850032826368
2840.0,0.454,100.30910837310762,0.15518881380558014,0.1516104087543824
2845.0,0.044,26.93502803765341,0.1555260866880417,0.146803467710327
2845.0,0.068,35.82861287608307,0.15539845824241638,0.14804398433985524
2845.0,0.112,48.04298918955806,0.15452983975410461,0.14943137266737572
2845.0,0.189,63.89266810587287,0.1536334753036499,0.1503230345187221
2850.0,0.049,30.875641240395225,0.153014674782753,0.14549771333807335
2850.0,0.285,82.39557492314452,0.15183451771736145,0.14964339209554336
2850.0,0.454,104.23549032428991,0.15334230661392212,0.15046522203438012
2850.0,0.841,144.1423731650491,0.1574697047472,0.15226253335896497
2850.0,1.588,202.38948913758986,0.1652863621711731,0.15625762830749393
2855.0,0.189,67.83224144369365,0.151032492518425,0.14866519165230532
2855.0,0.285,84.4167409533461,0.15074597299098969,0.148951682075762
2860.0,0.049,34.853738952714366,0.14809229969978333,0.1424525789697716
2860.0,0.055,37.10944656106176,0.14859849214553833,0.14308121243899685
2860.0,0.112,54.01536026903477,0.14956970512866974,0.14628523107735675
2860.0,0.189,69.8804977733223,0.14974279701709747,0.14783898970996828
2865.0,0.055,39.258421916935504,0.1462980955839157,0.1416408774229202
2865.0,0.068,43.88488259626956,0.14699311554431915,0.14278697435612211
2865.0,0.112,56.145478774436015,0.14793764054775238,0.14524167588108583
2865.0,0.285,88.58849974698319,0.1485862284898758,0.1475732886581671
2870.0,0.068,46.1292794253668,0.1449316293001175,0.14148083036489098
2870.0,0.189,74.1383904241552,0.14718550443649292,0.1461927430820304
2870.0,0.285,90.74005254351755,0.1475147157907486,0.14688646889200116
2875.0,0.068,48.470270756208265,0.14288583397865295,0.14017780062028182
2875.0,0.112,60.622598420656914,0.14470423758029938,0.14316141147785302
2875.0,0.454,114.6401335745984,0.14880502223968506,0.14762586306249903
2875.0,1.588,212.53428412367498,0.16202645003795624,0.15441807026272922
2880.0,0.044,41.996381304527404,0.13764449954032898,0.13566778499572577
2880.0,0.068,50.90992308283171,0.1408558189868927,0.13887816385403426
2880.0,0.112,62.97223712135701,0.14310301840305328,0.14212499262443615
2880.0,0.285,95.17704619657434,0.14538849890232086,0.14551765052005006
2880.0,0.454,116.82442179049326,0.1479107141494751,0.147061869094044
2885.0,0.044,44.63774838148129,0.13518351316452026,0.1340937147005187
2885.0,0.068,53.449899892724034,0.13884113729000092,0.1375814749295567
2890.0,0.049,49.51512520642973,0.13383549451828003,0.13341136103458584
2890.0,0.068,56.091860635351395,0.13684183359146118,0.13628800012995645
2890.0,0.112,67.89922823226584,0.13993076980113983,0.14005907715975555
2890.0,0.189,83.31984265804795,0.14215557277202606,0.1429226117869425
2890.0,0.285,99.7954536300424,0.1432839035987854,0.14415484237543658
2900.0,0.055,57.39944196851093,0.13072343170642853,0.13165832847613354
2900.0,0.068,61.68666310541721,0.13288873434066772,0.13371005428979482
2900.0,0.112,73.13651300210222,0.1367984116077423,0.13800252317718031
2900.0,0.189,88.25428608639095,0.13968190550804138,0.14129844255216098
2900.0,1.588,223.10962417066526,0.1588326245546341,0.15259779890738462
2900.0,2.585,283.01002847273026,0.1679496467113495,0.1579504983190619
2905.0,0.044,56.52311021580749,0.1255672723054886,0.1278382559229158
2905.0,0.068,64.64141636662748,0.13093481957912445,0.13242569388681977
2905.0,0.189,90.80958281297308,0.13845528662204742,0.14048912887472037
2910.0,0.049,61.742862620818414,0.12474468350410461,0.12746003252179228
2910.0,0.189,93.42427438745267,0.1372353732585907,0.1396816259531944
2910.0,0.454,130.67880205421466,0.14263515174388885,0.14370542556942345
2915.0,0.044,63.26463938088273,0.12089372426271439,0.12473462440188841
2915.0,0.112,81.58778761835788,0.13217341899871826,0.13493484524965552
2915.0,0.189,96.09868794281579,0.13602182269096375,0.13887565046845832
2920.0,0.044,66.83193399810989,0.11859005689620972,0.12318861298500983
2920.0,0.055,70.33172512173223,0.12222783267498016,0.12603047271211554
2920.0,0.068,74.13971658209994,0.12516207993030548,0.1285902972127959
2920.0,0.189,98.83347081783882,0.13481514155864716,0.13807168866515296
2920.0,0.285,114.77341001098443,0.13709789514541626,0.14010343046087603
2925.0,0.068,77.516522769718,0.12326720356941223,0.1273176773369445
2925.0,0.112,87.62464303141724,0.12913799285888672,0.13290071162572303
2925.0,0.285,117.437194449549,0.13608506321907043,0.13943347408153153
2925.0,0.841,176.94875385058936,0.1464269906282425,0.1455735227027987
2930.0,0.044,74.34648616795175,0.11404815316200256,0.12010803728783626
2930.0,0.049,75.96460741997271,0.11597505211830139,0.1215673810200235
2930.0,0.112,90.7645964500291,0.12763451039791107,0.13188699996154374
2930.0,0.285,120.14954475330933,0.13507720828056335,0.13876488702550488
2935.0,0.112,93.98543970573473,0.1261402666568756,0.13087525686305918
2935.0,0.189,107.40225732048634,0.1312333643436432,0.13566958239889554
2935.0,0.285,122.91069355003174,0.13407424092292786,0.13809765368672278
2940.0,0.112,97.28709282256386,0.12465561181306839,0.12986592853101106
2940.0,0.285,125.7208686125341,0.13307622075080872,0.1374317997265372
2940.0,0.454,145.85482563315213,0.13750818371772766,0.14039406150838504
2945.0,0.074,93.42884251934083,0.11718898266553879,0.12344109417300668
2945.0,0.112,100.66898245522816,0.12317992746829987,0.12885846269766738
2945.0,0.151,107.69994205716876,0.12648847699165344,0.13195777701085606
2945.0,0.189,113.4209659356734,0.1288774013519287,0.13407669746220413
2945.0,0.285,128.5803736749558,0.13208331167697906,0.13676753643634995
2955.0,0.044,95.13816851010779,0.10307113826274872,0.11247261759572509
2955.0,0.049,96.30770788572045,0.1054532527923584,0.11428056758482123
2955.0,0.285,134.44744241522312,0.13011173903942108,0.13544291035732736
2960.0,0.044,99.59198270930392,0.10093965381383896,0.11095658961081814
2960.0,0.049,100.67217724177272,0.10340647399425507,0.11283330278768025
2960.0,0.055,101.56988648694778,0.10608541965484619,0.11493300556536896
2960.0,0.112,111.29005827205538,0.11880791932344437,0.12584874014589187
2960.0,0.189,122.90981681353924,0.12539002299308777,0.1316995324343012
2960.0,0.285,137.45528847005016,0.1291331797838211,0.13478268288193596
2960.0,0.454,156.727742099775,0.1341688334941864,0.1382102092121616
2965.0,0.044,104.12751581699104,0.09882938861846924,0.10944431667000032
2965.0,0.049,105.1211729636284,0.10137907415628433,0.11138968271629351
2965.0,0.112,114.98580272675872,0.1173686757683754,0.12484958598967108
2965.0,0.189,126.19531474563291,0.12423964589834213,0.13091018811305735
2965.0,0.285,140.512745649424,0.12815938889980316,0.134123828506256
2970.0,0.044,108.73694959958311,0.09673990309238434,0.10793542958275812
2970.0,0.285,143.61982784532097,0.12719033658504486,0.13346634308107488
2975.0,0.055,114.83870479346342,0.10031621158123016,0.11082339518039719
2975.0,0.189,132.94914814716276,0.12195733934640884,0.12933662568289614
2975.0,1.588,257.5105025503083,0.1496308445930481,0.14724932083848197
2980.0,0.151,131.89217125755613,0.11763707548379898,0.12584763656728168
2980.0,0.189,136.41672007755596,0.1208251416683197,0.12855217804260805
2980.0,0.285,149.9827188282252,0.12526625394821167,0.13215541858766608
2985.0,0.112,130.5107551724691,0.11170060932636261,0.12087296904174936
2985.0,0.189,139.94413724011883,0.11969880014657974,0.12776922953379113
2985.0,0.285,153.23827154585638,0.12431098520755768,0.1315017775712434
2990.0,0.112,134.5689920698901,0.11030551046133041,0.11988363865709432
2990.0,0.151,139.40189843717144,0.11517126113176346,0.12411741676552734
2990.0,0.285,156.54322939188592,0.12336049228906631,0.13084966009676874
2990.0,0.454,174.19213342780836,0.12927351891994476,0.1349693101769716
2995.0,0.074,135.25375098369068,0.10019124299287796,0.11143753952970196
2995.0,0.112,138.6940923025918,0.10891912877559662,0.11889627396639633
2995.0,0.151,143.2519510712159,0.11394841223955154,0.12325460791734101
2995.0,0.189,147.17637442909881,0.11746372282505035,0.12620791217522068
3000.0,0.189,150.87984254738058,0.11635469645261765,0.12542933024013325
3000.0,0.285,163.30012075054537,0.12147276848554611,0.1295489967971118
3000.0,0.454,180.3236262113728,0.1276710033416748,0.1338979197928431
3000.0,0.841,215.65682098253387,0.13608808815479279,0.1391027548506506
3005.0,0.074,144.44921833001217,0.09694415330886841,0.10906645775516384
3005.0,0.112,147.13573497225025,0.1061721071600914,0.11692702737960979
3010.0,0.055,147.9295942266849,0.08744288980960846,0.10133882004711178
3010.0,0.112,151.44746597103676,0.10481160879135132,0.1159453596292322
3010.0,0.285,170.25158708220897,0.11960292607545853,0.12825347541836218
3015.0,0.151,159.25829569147163,0.10912511497735977,0.11982023182605053
3015.0,0.285,173.7994551558827,0.11867447942495346,0.12760746624153496
3020.0,0.189,166.258145464456,0.11197622120380402,0.12233026769270613
3020.0,0.454,193.05171709782348,0.12450848519802094,0.13176813590102424
3025.0,0.285,181.03786387683976,0.11683095991611481,0.12631946733171845
3025.0,1.588,282.7520527532906,0.14379648864269257,0.14377421859285242
3030.0,0.151,171.85759697201684,0.10557721555233002,0.11726090125053691
3030.0,0.285,184.72736285866313,0.11591543257236481,0.12567707676624396
3035.0,0.151,176.161638285143,0.10440767556428909,0.11641089261728865
3035.0,0.189,178.35681477744401,0.10875087976455688,0.12002064812121037
3045.0,0.112,183.075030430241,0.09552361071109772,0.1091235381017743
3050.0,0.454,213.29721968220883,0.11986780911684036,0.12860501907502747
3050.0,0.841,244.8945806775116,0.12955228984355927,0.13490147309152542
3050.0,2.585,351.5542824816862,0.15129190683364868,0.14869291681243738
3055.0,0.151,193.84852637885615,0.09979391098022461,0.11302577280500029
3060.0,0.285,207.81664566919744,0.11051131039857864,0.12184832281397912
3065.0,0.285,211.81767839957683,0.10962515324354172,0.12121431143502556
3075.0,0.151,212.19091909455574,0.09528174251317978,0.10966394458256558
3075.0,0.285,219.9441632650346,0.10786476731300354,0.11994948900595825
3075.0,0.454,231.2040302268224,0.11609155684709549,0.12599687618016198
3075.0,0.841,260.5560030443735,0.12638434767723083,0.13283277552141629
3080.0,0.285,224.0680089331645,0.1069905087351799,0.11931866395300926
3100.0,0.189,235.4782849799667,0.09533390402793884,0.11015175203239035
3100.0,0.454,250.018576191801,0.11239473521709442,0.12341293680489894
3115.0,0.285,253.98392625374618,0.10098068416118622,0.1149332727631448
3125.0,0.285,262.8395641336074,0.09929800778627396,0.1136895715858317
3125.0,0.454,269.6968781290052,0.10877430438995361,0.12085205029489059
3125.0,1.588,338.9681379245974,0.13279148936271667,0.1370295394364994
3140.0,0.285,276.3491841244154,0.09680210053920746,0.11183154565421387
3150.0,0.454,290.1841361728516,0.10522786527872086,0.11831352027230052
3150.0,1.588,354.23103975706135,0.13016964495182037,0.13538418052145065
3150.0,2.585,404.1707169453107,0.1411825567483902,0.14280355700166913
3160.0,0.285,294.7393050295773,0.0935257226228714,0.10936775891635281
3170.0,0.285,304.0767343016464,0.09190920740365982,0.1081414964644111
3175.0,0.591,318.9575424061459,0.10689548403024673,0.11955469824599765
3175.0,0.841,330.01865268366055,0.11432746052742004,0.1247561047930357
3175.0,1.09,343.06157446575617,0.11969760805368423,0.1284136580311489
3175.0,1.588,369.9772791595585,0.12759673595428467,0.1337545633736976
3200.0,0.37,333.20158366962505,0.0934278815984726,0.10951946633738181
3200.0,1.09,360.86253608060815,0.1169891282916069,0.12660581398667478
3200.0,2.585,432.623042054797,0.13639937341213226,0.13993943516391022
3225.0,0.37,356.5538752406824,0.08987030386924744,0.10681985358669772
3225.0,0.841,368.62356812011785,0.10863994061946869,0.12082834097514335
3225.0,1.09,379.2265300246045,0.11433076113462448,0.12481441304092011
3225.0,2.585,447.3892330899048,0.13407185673713684,0.13852685980137297
3250.0,1.09,398.1373843695319,0.11172114312648773,0.12303918037003822
3250.0,1.588,420.0814037177156,0.12015806883573532,0.1289568330767462
3275.0,0.37,404.4140374349913,0.08296947926282883,0.10147771287582706
3300.0,0.591,428.29143419342745,0.09174641221761703,0.10849783883936852
3300.0,0.841,430.78752743502855,0.1004941314458847,0.11506190543930372
3300.0,1.09,437.5203667192618,0.1066417396068573,0.11953509119226235
3300.0,2.585,493.84352791494894,0.1273329257965088,0.13436469853260868
3350.0,0.591,475.15423981507183,0.086069256067276,0.10419047882447263
3350.0,2.585,526.5930747005257,0.1230333223938942,0.13165099486498458
3400.0,0.841,520.0742125193478,0.09028693288564682,0.10758385791878805
3400.0,1.09,521.8439981391302,0.09700310975313187,0.11269968211876706
3400.0,1.588,532.4894646040493,0.10642426460981369,0.11974048504631479
3500.0,0.841,614.274700175677,0.08074934780597687,0.10031590849719682
3600.0,2.585,710.3968403344884,0.10357363522052765,0.11875594062201898
3700.0,2.585,792.1717634933989,0.09661652892827988,0.11388207149466567
3900.0,2.585,966.238849076346,0.08386853337287903,0.10455122494790874
