1000.0,0.37,1.7167169612196647e-15
1100.0,0.342,2.012158514638099e-13
1100.0,0.37,1.3539645512658984e-12
1200.0,0.342,2.6085488982281462e-11
1200.0,2.585,0.5380597651648307
1225.0,0.342,8.046501364195623e-11
1250.0,1.588,0.058999574655656646
1275.0,0.342,6.904336400163459e-10
1275.0,0.621,1.11861704723335e-05
1275.0,1.588,0.08029222117222196
1300.0,0.342,1.916361797407686e-09
1300.0,0.419,6.43417086130937e-08
1300.0,0.621,2.1345197840735378e-05
1300.0,1.588,0.10794197268063498
1300.0,2.585,1.2856986852074483
1325.0,0.342,5.115894497017704e-09
1350.0,1.09,0.015766702638322052
1350.0,1.588,0.18840625748703344
1375.0,0.621,0.000126498603976413
1375.0,1.588,0.24474684394897028
1375.0,2.585,2.2550315823284888
1400.0,0.203,4.319248841795793e-12
1400.0,0.285,2.990944544768983e-09
1400.0,0.342,7.307392479706626e-08
1400.0,0.621,0.00021592865189326742
1400.0,1.09,0.031582967285062026
1400.0,1.588,0.31443281251991734
1425.0,0.246,4.963523598373913e-10
1425.0,0.342,1.6119820199578758e-07
1425.0,0.871,0.00828628521186792
1425.0,2.585,3.1665300645839976
1450.0,0.6679999999999999,0.0012647774077823252
1450.0,0.841,0.009347153032933651
1450.0,1.09,0.06097705025977815
1450.0,2.585,3.732297147784953
1475.0,0.419,1.2792601219820354e-05
1475.0,0.621,0.001026485310459423
1475.0,0.871,0.018111958892519594
1475.0,1.588,0.6423285509582144
1500.0,0.17,1.4758664601948576e-11
1500.0,0.203,4.354757099535254e-10
1500.0,0.419,2.4788109515922146e-05
1500.0,0.841,0.020109645529147315
1500.0,0.871,0.02600813877996784
1500.0,1.09,0.11285412252390442
1525.0,0.17,4.4536244869138805e-11
1525.0,0.246,2.772757448544464e-08
1525.0,0.419,4.557222601308081e-05
1525.0,0.841,0.028561310015507182
1525.0,0.871,0.036571521678844046
1525.0,1.09,0.14995438007338083
1550.0,0.17,1.1654872918157021e-10
1550.0,0.342,7.364554244093621e-06
1550.0,0.419,8.072703478854631e-05
1550.0,0.591,0.0025698388288326705
1550.0,0.621,0.003974829399741212
1550.0,0.841,0.039964573801525086
1550.0,0.871,0.050694931991942915
1550.0,1.588,1.2119738162166873
1550.0,2.585,6.77961389959361
1575.0,0.093,2.729511766955101e-15
1575.0,0.342,1.5485280421286552e-05
1575.0,0.591,0.004120208358325961
1575.0,0.6679999999999999,0.011174411180225783
1575.0,1.09,0.26043874136419365
1575.0,2.585,7.799075515110375
1600.0,0.07400000000000001,1.1121576353115922e-16
1600.0,0.37,7.512755012404478e-05
1600.0,0.419,0.00027319550037565335
1600.0,0.591,0.0064031039007723094
1600.0,0.621,0.009531937116647501
1600.0,0.841,0.07855487929580691
1600.0,1.588,1.8063170830905864
1600.0,2.585,8.920894923075616
1625.0,0.17,3.3245235456450698e-09
1625.0,0.37,0.00013442559951697656
1625.0,0.419,0.0004646996675999409
1625.0,0.621,0.014072178784628292
1625.0,0.841,0.10662232074126371
1625.0,1.09,0.43453586821883716
1625.0,2.585,10.146466012049137
1650.0,0.07400000000000001,1.560392836899415e-15
1650.0,0.342,0.00010176928412146756
1650.0,0.419,0.0007686970512552721
1650.0,0.6679999999999999,0.034154448219671125
1650.0,0.871,0.17494364375190644
1650.0,2.585,11.49729721019777
1675.0,0.093,7.211110550446936e-13
1675.0,0.17,2.3784529767178032e-08
1675.0,0.246,4.082928074080101e-06
1675.0,0.342,0.00019490637332205977
1675.0,0.621,0.0302836333798844
1675.0,0.871,0.234766955731003
1675.0,2.585,13.01541683012241
1700.0,0.093,2.8772400519189164e-12
1700.0,0.246,8.687855638907878e-06
1700.0,0.285,4.8915773278577694e-05
1700.0,0.37,0.0007414847124151729
1700.0,0.419,0.0021977427307426985
1700.0,0.591,0.031119485303304897
1700.0,0.621,0.043473841407605865
1700.0,0.6679999999999999,0.06941998823119358
1700.0,1.588,3.686424152579475
1700.0,2.585,14.654891656204263
1725.0,0.342,0.000574937522667359
1725.0,0.37,0.0011881395403710135
1725.0,0.591,0.0436332174834715
1725.0,0.621,0.06019991575857019
1725.0,0.6679999999999999,0.09446381482317039
1725.0,0.871,0.3971723222621545
1725.0,2.585,16.412550081170377
1750.0,0.112,6.878801556995571e-10
1750.0,0.131,8.39258678169369e-09
1750.0,0.151,6.49137190841382e-08
1750.0,0.246,3.437848141670821e-05
1750.0,0.342,0.0010330512931031612
1750.0,0.37,0.002058403707369264
1750.0,0.591,0.06321391862853216
1750.0,0.6679999999999999,0.1318631729793373
1750.0,0.841,0.4379786806623359
1750.0,0.871,0.5184756516896395
1750.0,1.09,1.3658846882981568
1750.0,1.588,5.097867273426744
1775.0,0.112,2.2713781314398417e-09
1775.0,0.37,0.003411645266686483
1775.0,0.591,0.08918544742605151
1775.0,0.871,0.6657001338602564
1775.0,1.588,5.9572505260923085
1775.0,2.585,20.51474334859596
1800.0,0.131,5.4540097333987995e-08
1800.0,0.189,6.772235458658531e-06
1800.0,0.246,0.00012157666194111614
1800.0,0.285,0.0005277005561727171
1800.0,0.342,0.002783031470309605
1800.0,0.37,0.005240168660804681
1800.0,0.419,0.013074988679298813
1800.0,0.454,0.023702510778179486
1800.0,0.591,0.12115816019872404
1800.0,0.6679999999999999,0.23785643931510786
1800.0,0.871,0.8366943072192154
1800.0,1.588,6.8966461868105124
1800.0,2.585,22.765290362885032
1825.0,0.246,0.00024067446526782686
1825.0,0.342,0.004697732704977198
1825.0,0.37,0.008562439959532193
1825.0,0.419,0.020389322510476728
1825.0,0.591,0.1689220018569983
1825.0,0.621,0.22063378140735784
1825.0,0.6679999999999999,0.320902857209459
1825.0,0.871,1.0638530799512746
1825.0,1.588,8.005775079646524
1850.0,0.093,3.3530938414306194e-09
1850.0,0.131,4.1574145362460635e-07
1850.0,0.17,9.882771695762411e-06
1850.0,0.203,7.051972403740227e-05
1850.0,0.285,0.001697297685952992
1850.0,0.419,0.030723788912817174
1850.0,0.621,0.2968031791211572
1850.0,0.6679999999999999,0.424310869690578
1850.0,0.841,1.1572041799611594
1850.0,1.588,9.227152493094682
1850.0,2.585,27.941130132202527
1875.0,0.093,7.143740676481133e-09
1875.0,0.112,1.0067742380766833e-07
1875.0,0.17,1.804466526772369e-05
1875.0,0.342,0.011376474143871645
1875.0,0.37,0.019725138047768705
1875.0,0.419,0.043684056108291014
1875.0,0.6679999999999999,0.5454202239469171
1875.0,0.841,1.430436836608934
1875.0,1.588,10.546113100170054
1900.0,0.151,1.1394047754003881e-05
1900.0,0.203,0.00025908219015405374
1900.0,0.246,0.0014130278838104574
1900.0,0.285,0.004729339215056113
1900.0,0.591,0.41103521926465286
1900.0,0.841,1.7946455239754195
1900.0,0.871,2.04252790310247
1900.0,1.588,12.098001258998817
1920.0,0.093,5.4650182609232446e-08
1925.0,0.093,7.376399277463839e-08
1925.0,0.37,0.04605724088030754
1925.0,0.591,0.5395650642737375
1925.0,0.621,0.6732041686696414
1925.0,0.6679999999999999,0.918943111351264
1925.0,0.841,2.20638082071958
1925.0,1.09,5.108296629501893
1925.0,1.588,13.758504737967316
1925.0,2.585,37.1331447556295
1930.0,0.093,9.28778029400444e-08
1950.0,0.093,1.6933304360166799e-07
1950.0,0.131,1.0898136762392597e-05
1950.0,0.17,0.00016133558021382693
1950.0,0.203,0.0008440909954563854
1950.0,0.419,0.13225158494034606
1950.0,0.454,0.20648886786294937
1950.0,0.621,0.8657613904860593
1950.0,0.6679999999999999,1.1656311280685758
1950.0,0.841,2.6938414787039124
1950.0,0.871,3.0326754651384586
1950.0,1.588,15.590742997415461
1950.0,2.585,40.615290646797604
1960.0,0.093,2.567462097071427e-07
1970.0,0.093,4.37109131558724e-07
1970.0,0.17,0.0002964469738271279
1975.0,0.112,4.7696804994038635e-06
1975.0,0.17,0.0003393525614561697
1975.0,0.37,0.09909453200441229
1975.0,1.588,17.65062495753989
1975.0,2.585,44.37479754178845
1980.0,0.17,0.00038225814908521126
1980.0,0.246,0.0076424519460688446
1990.0,0.17,0.00046806932434329473
1990.0,0.246,0.009026368805498848
2000.0,0.17,0.0005805406027213701
2000.0,0.189,0.001468810919816352
2000.0,0.203,0.0026132977968216973
2000.0,0.285,0.02904531852758261
2000.0,0.342,0.08954645297273969
2000.0,0.871,4.398984240919791
2000.0,1.09,8.244429846936262
2000.0,1.588,19.815676226967614
2020.0,0.112,2.0861349196147586e-05
2020.0,0.17,0.001052658556578054
2025.0,0.246,0.018098253804580248
2025.0,0.342,0.1334862777201437
2025.0,0.591,1.4918243424234752
2025.0,0.621,1.7894314915990033
2025.0,0.6679999999999999,2.3128240823550676
2025.0,0.841,4.77830634065329
2025.0,1.09,9.637062261479883
2030.0,0.17,0.0012887175335063957
2030.0,0.246,0.019579805015302564
2040.0,0.112,3.2429951662099985e-05
2040.0,0.17,0.0015247765104347392
2050.0,0.342,0.18924463269190833
2050.0,0.419,0.4823355908164016
2050.0,0.591,1.87648897302189
2050.0,0.6679999999999999,2.849663499714931
2050.0,2.585,56.93660094195242
2060.0,0.112,7.363225555485964e-05
2060.0,0.17,0.002740436168237761
2060.0,0.246,0.03455816196423379
2070.0,0.17,0.0033637528162511255
2070.0,0.246,0.040692614677750746
2075.0,0.17,0.0036754111402578084
2075.0,0.203,0.013230246396091971
2075.0,0.246,0.04375984103450918
2075.0,0.285,0.10214115600521316
2075.0,0.419,0.6451861909680939
2075.0,0.621,2.767721348117859
2075.0,1.09,12.841422724212409
2075.0,2.585,61.62294592077469
2080.0,0.112,0.00011606900741785655
2080.0,0.246,0.04682706739126764
2090.0,0.246,0.056471883377905194
2100.0,0.112,0.00024170308120027997
2100.0,0.131,0.0009371014243564771
2100.0,0.151,0.00277101675678893
2100.0,0.285,0.1524386634799768
2100.0,0.419,0.8645572789695153
2100.0,0.591,2.9311687144601763
2100.0,0.621,3.426914453936155
2100.0,0.6679999999999999,4.274603852828606
2100.0,0.871,8.75838082796789
2100.0,1.09,14.764293375960852
2100.0,2.585,66.59389107173712
2110.0,0.246,0.08101722408840403
2120.0,0.112,0.00038999649191443923
2120.0,0.17,0.009889586589591715
2125.0,0.093,7.808207504070976e-05
2125.0,0.151,0.004535387280299629
2125.0,0.17,0.010678478808869853
2125.0,0.189,0.021791236475100992
2125.0,0.285,0.21304214917531994
2125.0,0.342,0.5023326880853972
2125.0,0.37,0.6959981251986306
2125.0,0.454,1.5243831528844811
2125.0,0.591,3.5823162936329394
2125.0,0.621,4.158665679437636
2125.0,0.841,9.362156819493174
2125.0,0.871,10.198929316591503
2125.0,1.09,16.819346791145215
2130.0,0.093,9.068781886417133e-05
2130.0,0.246,0.10706258762431191
2140.0,0.112,0.000732943569644976
2140.0,0.17,0.0155854295458727
2150.0,0.093,0.00020222185107601846
2150.0,0.151,0.008766818741282737
2150.0,0.17,0.019409031221406865
2150.0,0.246,0.15448922456894199
2150.0,0.342,0.7005929423082295
2150.0,0.454,1.9838174233151669
2150.0,0.591,4.434259501845617
2150.0,0.6679999999999999,6.232866373868008
2150.0,1.09,19.223643200794243
2160.0,0.093,0.0002579888671819421
2160.0,0.17,0.02323263289694105
2165.0,0.112,0.0013485361147862391
2170.0,0.246,0.20191586151357185
2175.0,0.112,0.0016454070119007074
2175.0,0.151,0.013695925223574903
2175.0,0.17,0.029450120822881256
2175.0,0.203,0.08256508093313798
2175.0,0.342,0.9157962991442882
2175.0,0.591,5.332509909502907
2175.0,0.841,12.723803380415173
2175.0,0.871,13.753714608477853
2175.0,1.09,21.7062581111497
2175.0,2.585,82.91464851685338
2180.0,0.093,0.00045840020442349357
2180.0,0.17,0.0338799885816929
2190.0,0.093,0.0006633589794372802
2190.0,0.17,0.04273972409931625
2190.0,0.246,0.2820804092124616
2200.0,0.189,0.0930146290033527
2200.0,0.246,0.3263097342906474
2200.0,0.285,0.6137188945980063
2200.0,0.454,3.170574230621591
2200.0,0.6679999999999999,8.862374519263883
2200.0,0.841,14.831925205475367
2200.0,1.09,24.63761310333277
2200.0,2.585,89.03281788504222
2205.0,0.093,0.0009707971419579604
2205.0,0.112,0.0039709675238303686
2210.0,0.093,0.0010732765294648536
2210.0,0.112,0.004358560942485313
2215.0,0.112,0.004746154361140256
2225.0,0.07400000000000001,0.00025859389108741707
2225.0,0.093,0.0016149554098520084
2225.0,0.151,0.040185458757637946
2225.0,0.17,0.07873084864380375
2225.0,0.203,0.19473771299088974
2225.0,0.285,0.825274743131476
2225.0,0.342,1.622702877465463
2225.0,0.37,2.100039319377436
2225.0,0.419,3.058456464262042
2225.0,0.6679999999999999,10.419349447759114
2225.0,0.841,17.029078050515878
2225.0,1.09,27.666554989500597
2225.0,2.585,95.24832452824624
2230.0,0.093,0.0019700093515717483
2230.0,0.112,0.0073854709000095355
2230.0,0.17,0.08853270778002509
2230.0,0.246,0.49308085649803707
2230.0,0.37,2.226222477918416
2240.0,0.112,0.009692801508572829
2240.0,0.17,0.10813642605246755
2245.0,0.17,0.11793828518868878
2250.0,0.07400000000000001,0.000605705735144658
2250.0,0.08199999999999999,0.001360612771741342
2250.0,0.151,0.06828253754259793
2250.0,0.189,0.21506064721548643
2250.0,0.246,0.6522729954873656
2250.0,0.285,1.140769913664752
2250.0,0.37,2.730955112082333
2250.0,0.454,4.904906442357687
2250.0,0.591,9.347114738535272
2250.0,0.6679999999999999,12.317277498501632
2250.0,0.871,20.974845092012167
2250.0,1.09,31.12398826842959
2255.0,0.093,0.003745279060170448
2255.0,0.17,0.13754200346113127
2260.0,0.112,0.01430746272569944
2260.0,0.131,0.03725599789363539
2265.0,0.093,0.004455386943609931
2270.0,0.246,0.8251090548333249
2275.0,0.07400000000000001,0.0012533560791677897
2275.0,0.093,0.006339060685675481
2275.0,0.189,0.31460202916156566
2275.0,0.246,0.8941862654869281
2275.0,0.37,3.44957873106577
2275.0,0.591,11.051907853928814
2275.0,0.841,22.367942466827593
2275.0,0.871,23.84132761221476
2275.0,2.585,108.69437313227589
2280.0,0.17,0.21338973362587027
2280.0,0.246,0.9632634761405328
2280.0,0.37,3.6355901195703444
2285.0,0.112,0.027299314903429732
2285.0,0.246,1.0323406867941354
2290.0,0.112,0.03053709392865164
2290.0,0.131,0.07288978414454643
2290.0,0.17,0.2547602805779988
2290.0,0.246,1.10141789744774
2300.0,0.068,0.0015185644471740311
2300.0,0.07400000000000001,0.0026255011073657627
2300.0,0.08199999999999999,0.005393010672064982
2300.0,0.093,0.012116958839557776
2300.0,0.112,0.037012651979095396
2300.0,0.131,0.08691923825448623
2300.0,0.17,0.2961308275301271
2300.0,0.189,0.46776027324057484
2300.0,0.342,3.5386239528382606
2300.0,0.419,5.98502634098059
2300.0,0.454,7.364841576070025
2300.0,0.871,27.104218140777714
2300.0,1.588,65.59486942805836
2305.0,0.093,0.013272538470334229
2305.0,0.112,0.04025043100431727
2305.0,0.246,1.3086495294085507
2310.0,0.131,0.10094869236442608
2310.0,0.151,0.19646503008128435
2310.0,0.246,1.3777267400621538
2310.0,0.285,2.2326048491061994
2315.0,0.093,0.01558369773188715
2315.0,0.112,0.04672598905476108
2315.0,0.246,1.4468039507157586
2320.0,0.055,0.0005092787257001694
2320.0,0.07400000000000001,0.004315010393481278
2320.0,0.093,0.01863788722603707
2320.0,0.112,0.054224549063752084
2320.0,0.131,0.12264216701138186
2320.0,0.151,0.23397762767106067
2320.0,0.246,1.553240084400826
2325.0,0.055,0.0006643360121812167
2325.0,0.131,0.13920123955912583
2325.0,0.203,0.8733258014353187
2325.0,0.246,1.6688420227646559
2325.0,0.285,2.6469177789726306
2325.0,0.37,5.456528398742217
2325.0,0.454,8.904749437546855
2325.0,0.621,16.881079460331566
2325.0,0.841,28.882280288877357
2325.0,1.588,71.23873648066072
2325.0,2.585,123.27757417638969
2330.0,0.07400000000000001,0.006337841325476282
2330.0,0.093,0.025677893025644955
2330.0,0.151,0.2892627394396905
2330.0,0.17,0.4788267756249877
2330.0,0.189,0.7283442159991682
2330.0,0.246,1.7844439611284844
2335.0,0.093,0.0291978959254489
2335.0,0.112,0.07985630607907852
2335.0,0.17,0.5204126919486834
2335.0,0.246,1.900045899492317
2340.0,0.093,0.03271789882525286
2340.0,0.112,0.08840022508418731
2340.0,0.151,0.34454785120832065
2340.0,0.189,0.8444018804052246
2345.0,0.093,0.03623790172505678
2345.0,0.112,0.09694414408929616
2345.0,0.17,0.6035845245960761
2345.0,0.246,2.1312497762199776
2350.0,0.063,0.003727363971429946
2350.0,0.068,0.006408341554351991
2350.0,0.07400000000000001,0.010383503189466292
2350.0,0.093,0.03975790462486072
2350.0,0.112,0.10548806309440491
2350.0,0.131,0.2219966022978459
2350.0,0.151,0.3998329629769505
2350.0,0.203,1.2288074915066822
2350.0,0.246,2.246851714583807
2350.0,0.37,6.793785954531739
2350.0,0.591,17.92988911005447
2350.0,0.621,19.640112141999037
2350.0,0.871,34.49645521105343
2350.0,1.588,77.28697365544396
2355.0,0.246,2.362453652947638
2360.0,0.055,0.0017497370175485476
2360.0,0.07400000000000001,0.012406334121461294
2360.0,0.093,0.04679791042446861
2360.0,0.131,0.25511474739333406
2360.0,0.151,0.45511807474558086
2360.0,0.17,0.7283422735671642
2360.0,0.246,2.478055591311466
2365.0,0.093,0.05031791332427262
2365.0,0.112,0.13111982010973133
2365.0,0.17,0.7699281898908598
2370.0,0.055,0.0025570675277898185
2370.0,0.093,0.05988735639432137
2370.0,0.112,0.1514282552873217
2370.0,0.131,0.30718624341123046
2370.0,0.151,0.537432125055649
2370.0,0.189,1.236478533857383
2375.0,0.063,0.007819663848953664
2375.0,0.07400000000000001,0.020171040863611947
2375.0,0.08199999999999999,0.0362292512674339
2375.0,0.093,0.06988353227271937
2375.0,0.189,1.3415080289427779
2375.0,0.285,4.427797172321789
2375.0,0.342,6.994716246629297
2375.0,0.454,12.844719483267854
2375.0,0.591,20.793017475969194
2375.0,0.6679999999999999,25.644333518916195
2375.0,0.841,36.71049054460564
2375.0,2.585,139.01627105549716
2380.0,0.055,0.003931762070770334
2380.0,0.093,0.07987970815111735
2380.0,0.112,0.19370488419333323
2380.0,0.189,1.446537524028173
2380.0,0.37,8.714420209597066
2385.0,0.093,0.08987588402951538
2385.0,0.17,1.0856753412158409
2385.0,0.246,3.334958279812764
2390.0,0.112,0.2359815130993449
2390.0,0.151,0.7637446827567356
2390.0,0.189,1.6565965141989667
2390.0,0.285,5.167622306420955
2395.0,0.112,0.2571198275523507
2395.0,0.131,0.4914332906390837
2400.0,0.055,0.006681151156731357
2400.0,0.063,0.01535257223832478
2400.0,0.068,0.024619779233427667
2400.0,0.07400000000000001,0.03745717201041307
2400.0,0.08199999999999999,0.0648611432905718
2400.0,0.17,1.3243624848189695
2400.0,0.246,3.894437246805748
2400.0,0.419,13.01378670064431
2400.0,0.454,15.308046245225325
2400.0,1.09,58.139505258755
2405.0,0.055,0.007368498428221612
2405.0,0.093,0.12986058754310736
2405.0,0.112,0.2993964564583626
2405.0,0.131,0.5651321095302247
2405.0,0.17,1.4039248660200123
2410.0,0.131,0.6019815189757953
2410.0,0.246,4.267423224801071
2410.0,0.285,6.154055818553189
2415.0,0.055,0.008743192971202128
2420.0,0.055,0.011233522543120905
2420.0,0.093,0.17383830744785006
2420.0,0.131,0.7101364652854515
2420.0,0.151,1.14851542525042
2420.0,0.17,1.6983269791231184
2420.0,0.285,6.747944387277381
2425.0,0.063,0.030160496782110066
2425.0,0.068,0.04657975182956469
2425.0,0.07400000000000001,0.0685470548376964
2425.0,0.093,0.20019693029417115
2425.0,0.112,0.4354355178334855
2425.0,0.17,1.843056327522636
2425.0,0.342,10.588995976879602
2425.0,0.419,15.494186318316869
2425.0,0.621,29.839168366389874
2425.0,0.6679999999999999,33.32143442465742
2425.0,0.841,45.982885517445645
2425.0,0.871,48.19263904422489
2425.0,2.585,155.9222247854641
2430.0,0.055,0.016825930547525954
2430.0,0.093,0.2265555531404923
2430.0,0.131,0.8644384450656862
2430.0,0.189,2.7152057511876353
2430.0,0.246,5.3088886133785795
2435.0,0.093,0.25291417598681365
2435.0,0.112,0.5332237271066009
2435.0,0.17,2.1325150243216764
2435.0,0.246,5.598883479707489
2440.0,0.055,0.022418338551930997
2440.0,0.093,0.2792727988331346
2440.0,0.131,1.0187404248459215
2440.0,0.151,1.5867773276284651
2440.0,0.189,3.078243058735757
2440.0,0.203,3.7121276237707295
2440.0,0.246,5.888878346036402
2445.0,0.055,0.025214542554133516
2445.0,0.112,0.6310119363797165
2445.0,0.17,2.421973721120713
2445.0,0.246,6.1788732123653
2450.0,0.055,0.028010746556336046
2450.0,0.063,0.057303065309775185
2450.0,0.068,0.0859146339319526
2450.0,0.07400000000000001,0.12304092179459893
2450.0,0.08199999999999999,0.1966700269131821
2450.0,0.093,0.3319900445257772
2450.0,0.112,0.6799060410162746
2450.0,0.131,1.1730424046261565
2450.0,0.189,3.4412803662838773
2450.0,0.203,4.12886315936955
2450.0,0.246,6.4688680786942205
2450.0,0.342,12.927597323609408
2450.0,0.37,14.913740793311984
2450.0,0.454,21.261365028405386
2450.0,0.621,34.07056625494902
2450.0,0.841,51.264451465025644
2450.0,1.09,69.9966359653094
2450.0,1.588,104.71797610227303
2450.0,2.585,164.86526124047248
2455.0,0.112,0.7288001456528319
2455.0,0.17,2.7114324179197498
2460.0,0.055,0.0336031545607411
2460.0,0.093,0.38470729021841943
2460.0,0.112,0.7776942502893899
2460.0,0.131,1.3273443844063901
2460.0,0.151,2.025039230006511
2460.0,0.17,2.8561617663192678
2460.0,0.189,3.804317673831994
2460.0,0.285,9.662817019324176
2460.0,0.37,15.94045393377453
2465.0,0.055,0.03639935856294363
2465.0,0.093,0.41106591306474066
2465.0,0.246,7.338852677680945
2470.0,0.07400000000000001,0.17819290719719671
2470.0,0.093,0.45869742659063983
2470.0,0.112,0.9072120104735168
2470.0,0.131,1.5234750853217705
2470.0,0.151,2.2952023189706665
2470.0,0.203,5.032887852759433
2475.0,0.055,0.05378298318009306
2475.0,0.07400000000000001,0.20968997381661772
2475.0,0.08199999999999999,0.32289065660352795
2475.0,0.17,3.454911670250541
2475.0,0.203,5.367006057501922
2475.0,0.246,8.14471315372518
2475.0,0.342,15.529646834411837
2475.0,0.37,17.749464831169057
2475.0,0.419,21.645051428502
2475.0,0.454,24.7529009721991
2475.0,0.621,38.58236205907865
2475.0,0.841,56.81731113712326
2475.0,0.871,59.26965557883438
2475.0,1.588,112.37261309941681
2475.0,2.585,174.00060761654927
2480.0,0.07400000000000001,0.24118704043603878
2480.0,0.093,0.5872456562889055
2480.0,0.112,1.1181058199154112
2480.0,0.17,3.705057716251505
2480.0,0.189,4.832390479919287
2480.0,0.246,8.579398582228961
2480.0,0.285,11.52266578143167
2480.0,0.37,18.435102463180534
2485.0,0.093,0.6515197711380382
2485.0,0.112,1.2235527246363591
2490.0,0.07400000000000001,0.3041811736748808
2490.0,0.093,0.7157938859871708
2490.0,0.112,1.3289996293573065
2490.0,0.131,2.1302908047367484
2490.0,0.151,3.0972903963324216
2490.0,0.17,4.20534980825343
2490.0,0.189,5.431266162249161
2490.0,0.203,6.369360671729385
2490.0,0.285,12.56563846184625
2495.0,0.055,0.0951811457223229
2495.0,0.112,1.4344465340782535
2495.0,0.246,9.883454867740305
2495.0,0.37,20.492015359215
2500.0,0.055,0.10553068635788034
2500.0,0.063,0.19307181601055998
2500.0,0.08199999999999999,0.5443131252697045
2500.0,0.131,2.4336986644442344
2500.0,0.151,3.4983344350132963
2500.0,0.203,7.037597081214358
2500.0,0.246,10.318140296244088
2500.0,0.342,18.712059610459693
2500.0,0.419,25.46553654169423
2500.0,0.6679999999999999,47.950736975671795
2500.0,1.09,83.41581364285639
2500.0,1.588,120.53457722017728
2500.0,2.585,183.55958229680652
2505.0,0.07400000000000001,0.39867237353314355
2505.0,0.093,0.908616230534568
2505.0,0.131,2.585402594297982
2505.0,0.17,4.95578794625632
2510.0,0.055,0.12622976762899524
2510.0,0.063,0.2287673925411232
2510.0,0.068,0.3198269469554424
2510.0,0.07400000000000001,0.4301694401525648
2510.0,0.093,0.9728903453837011
2510.0,0.131,2.737106524151725
2510.0,0.151,3.8993784736941723
2510.0,0.189,6.6290175269089096
2510.0,0.285,14.651583822675411
2515.0,0.055,0.13657930826455267
2515.0,0.17,5.456080038258245
2515.0,0.246,11.622196581755436
2515.0,0.285,15.1730701628827
2520.0,0.07400000000000001,0.49562391207286133
2520.0,0.093,1.1052699142082751
2520.0,0.151,4.307408181518241
2520.0,0.37,23.930174073513758
2525.0,0.063,0.3192646838135238
2525.0,0.068,0.4376096183488948
2525.0,0.08199999999999999,0.8326435363403655
2525.0,0.093,1.2496269639446829
2525.0,0.112,2.178263226580801
2525.0,0.131,3.3263782658460435
2525.0,0.203,8.89546676052714
2525.0,0.285,16.42745772915068
2525.0,0.342,22.11182667456286
2525.0,0.419,29.50486645779962
2525.0,0.454,33.185449962377284
2525.0,0.6679999999999999,53.537635589984326
2525.0,0.841,69.31533101936401
2530.0,0.055,0.21712388355588563
2530.0,0.07400000000000001,0.6614704089015626
2530.0,0.112,2.389771206480868
2530.0,0.151,5.0004821704046405
2530.0,0.17,6.535138567409093
2530.0,0.37,25.71825986762798
2535.0,0.07400000000000001,0.7443936573159131
2535.0,0.131,3.885855139733759
2535.0,0.151,5.347019164847841
2535.0,0.17,6.945756157793735
2535.0,0.189,8.650374819462458
2535.0,0.285,17.873954714268393
2535.0,0.37,26.612302764685072
2540.0,0.063,0.4786081257466179
2540.0,0.07400000000000001,0.8273169057302638
2540.0,0.08199999999999999,1.1570562412122842
2540.0,0.093,1.6826981131539054
2540.0,0.189,9.121792724667054
2540.0,0.246,14.57905379091109
2540.0,0.285,18.59720320682725
2540.0,0.37,27.506345661742174
2545.0,0.07400000000000001,0.9102401541446147
2545.0,0.093,1.827055162890314
2545.0,0.112,3.024295146181071
2545.0,0.131,4.445332013621476
2545.0,0.189,9.593210629871658
2545.0,0.246,15.207281862431383
2545.0,0.37,28.400388558799307
2550.0,0.07400000000000001,0.9931634025589652
2550.0,0.08199999999999999,1.3733313777935636
2550.0,0.112,3.235803126081138
2550.0,0.189,10.064628535076267
2550.0,0.203,11.459697427704196
2550.0,0.246,15.835509933951665
2550.0,0.342,26.331391323901176
2550.0,0.37,29.294431455856408
2550.0,0.621,55.1838105671371
2550.0,0.871,79.19768211273828
2550.0,1.09,98.45556978281675
2550.0,1.588,137.7845921717243
2555.0,0.112,3.447311105981203
2555.0,0.131,5.004808887509194
2555.0,0.151,6.733167142620641
2555.0,0.189,10.536046440280874
2555.0,0.246,16.463738005471935
2555.0,0.285,20.766948684503806
2560.0,0.055,0.42423998123827117
2560.0,0.063,0.691066048324077
2560.0,0.08199999999999999,1.5896065143748435
2560.0,0.112,3.6588190858812735
2560.0,0.131,5.28454732445305
2560.0,0.151,7.0797041370638425
2560.0,0.17,8.998844109716917
2560.0,0.189,11.007464345485477
2560.0,0.285,21.490197177062644
2560.0,0.37,31.08251724997063
2565.0,0.055,0.45875933085200205
2565.0,0.131,5.564285761396913
2565.0,0.246,17.720194148512523
2565.0,0.37,31.976560147027733
2570.0,0.063,0.7972950096128065
2570.0,0.068,1.0441127768621032
2570.0,0.08199999999999999,1.8058816509561229
2570.0,0.112,4.081835045681407
2570.0,0.131,5.844024198340767
2570.0,0.151,7.772778125950241
2570.0,0.189,11.950300155894686
2570.0,0.203,13.511081961445829
2570.0,0.246,18.348422220032777
2570.0,0.285,22.936694162180373
2570.0,0.37,32.87060304408483
2570.0,0.454,42.45590595817958
2575.0,0.151,8.187254733265695
2575.0,0.17,10.301984841007252
2575.0,0.203,14.098748284694695
2575.0,0.246,19.05355205719069
2575.0,0.342,30.62762808363592
2575.0,0.419,39.30908052224012
2575.0,0.591,58.199657252826746
2575.0,0.621,61.384486761419176
2575.0,0.841,83.55927805885729
2575.0,0.871,86.45789608611332
2575.0,1.09,106.37701244319402
2580.0,0.055,0.6516283470054572
2580.0,0.063,1.0198378864108573
2580.0,0.07400000000000001,1.6410313118971918
2580.0,0.093,3.0383035465338826
2580.0,0.112,4.743732127794988
2580.0,0.151,8.752508115629087
2580.0,0.17,10.942098074420636
2580.0,0.189,13.20375046202871
2580.0,0.203,14.852461284567443
2580.0,0.285,24.709805837949727
2580.0,0.37,34.97933196901578
2580.0,0.454,44.827138415332534
2585.0,0.055,0.7542912977236386
2585.0,0.07400000000000001,1.8386540212758975
2585.0,0.131,7.153424351716362
2585.0,0.17,11.582211307834028
2585.0,0.246,20.80514426868592
2585.0,0.285,25.682258900388586
2585.0,0.37,36.118023180393195
2590.0,0.068,1.6514266527612835
2590.0,0.07400000000000001,2.036276730654606
2590.0,0.08199999999999999,2.67663173547721
2590.0,0.131,7.6366506180567075
2590.0,0.189,14.620579353711488
2590.0,0.285,26.65471196282745
2590.0,0.37,37.25671439177059
2595.0,0.055,0.9596171991600015
2595.0,0.07400000000000001,2.233899440033313
2595.0,0.131,8.119876884397055
2595.0,0.17,12.862437774660785
2595.0,0.285,27.62716502526631
2595.0,0.37,38.39540560314795
2600.0,0.068,1.9902490982235506
2600.0,0.07400000000000001,2.4315221494120194
2600.0,0.08199999999999999,3.1576298812268737
2600.0,0.093,4.228411805191196
2600.0,0.151,11.013521645082687
2600.0,0.246,23.432532585928772
2600.0,0.621,68.61674133688433
2600.0,0.841,91.65417976181524
2600.0,2.585,224.48735927652595
2605.0,0.055,1.1649431005963646
2605.0,0.093,4.525938869855524
2605.0,0.112,6.712594589360787
2605.0,0.17,14.14266424148757
2605.0,0.189,16.74582269123568
2605.0,0.246,24.308328691676362
2605.0,0.285,29.57207115014401
2605.0,0.37,40.6727880259027
2610.0,0.07400000000000001,2.826767568169434
2610.0,0.08199999999999999,3.6386280269765385
2610.0,0.131,9.569555683418102
2610.0,0.151,12.144028409809486
2610.0,0.246,25.184124797424023
2610.0,0.37,41.81147923728009
2610.0,0.454,52.43178676089478
2615.0,0.055,1.370269002032727
2615.0,0.07400000000000001,3.0243902775481413
2615.0,0.112,7.500139573987112
2615.0,0.151,12.709281792172892
2615.0,0.17,15.422890708314313
2615.0,0.189,18.16265158291844
2615.0,0.246,26.059920903171626
2620.0,0.055,1.4729319527509088
2620.0,0.07400000000000001,3.2220129869268472
2620.0,0.112,7.8939120663002775
2620.0,0.131,10.536008216098793
2620.0,0.246,26.935717008919237
2620.0,0.285,32.489430337460604
2620.0,0.454,54.966669542748875
2625.0,0.063,2.2965880525503004
2625.0,0.07400000000000001,3.419635696305553
2625.0,0.08199999999999999,4.360125245601034
2625.0,0.093,5.716047128512836
2625.0,0.112,8.287684558613432
2625.0,0.151,13.839788556899686
2625.0,0.17,16.70311717514109
2625.0,0.203,21.635878283422038
2625.0,0.246,27.811513114666838
2625.0,0.285,33.461883399899456
2625.0,0.342,41.53504448775417
2625.0,0.591,72.37881929567496
2625.0,0.6679999999999999,81.23786765344808
2625.0,0.871,102.83917430673723
2625.0,1.09,123.93706079766403
2625.0,1.588,166.19464687272924
2630.0,0.055,1.7356560808641772
2630.0,0.068,3.0796780836244237
2630.0,0.093,6.104387019502095
2630.0,0.112,8.779933379267705
2630.0,0.151,14.510177025179955
2630.0,0.189,20.394129683300054
2630.0,0.203,22.495575804016344
2630.0,0.285,34.53634271224781
2630.0,0.454,57.59236734576681
2635.0,0.07400000000000001,4.11897053307708
2635.0,0.093,6.6654083240469335
2635.0,0.285,35.80476783469929
2635.0,0.37,47.87963125150897
2640.0,0.055,2.2740649337022516
2640.0,0.063,3.1799534419413225
2640.0,0.068,3.8418983028461327
2640.0,0.093,7.226429628591766
2640.0,0.151,16.25078460208315
2640.0,0.17,19.345327005780884
2640.0,0.189,22.427440832408674
2640.0,0.285,37.073192957150795
2640.0,0.37,49.29697969522304
2640.0,0.454,60.65425134407249
2645.0,0.07400000000000001,4.966511814366758
2645.0,0.112,10.818440737831004
2645.0,0.131,13.950160181634512
2645.0,0.17,20.293320166653714
2645.0,0.285,38.34161807960233
2645.0,0.37,50.71432813893713
2650.0,0.063,3.8541666861666166
2650.0,0.08199999999999999,6.624641845125063
2650.0,0.093,8.348472237681436
2650.0,0.112,11.49794319068544
2650.0,0.17,21.241313327526537
2650.0,0.203,26.740487999043925
2650.0,0.246,33.5054679663724
2650.0,0.419,58.68298944363574
2650.0,0.454,63.7161353423781
2650.0,0.621,84.11078005819405
2650.0,0.6679999999999999,89.68805157238516
2650.0,1.09,133.54355842012367
2650.0,2.585,246.69492924105117
2655.0,0.063,4.191273308279267
2655.0,0.151,18.86169596743791
2655.0,0.246,34.68392938585388
2655.0,0.285,40.87846832450532
2660.0,0.063,4.528379930391913
2660.0,0.068,5.366338741289551
2660.0,0.07400000000000001,6.237823736301281
2660.0,0.112,12.856948096394303
2660.0,0.17,23.137299649272208
2660.0,0.203,28.862944096557722
2660.0,0.246,35.862390805335366
2660.0,0.285,42.146893446956774
2665.0,0.055,3.620087065797437
2665.0,0.068,5.747448850900404
2665.0,0.07400000000000001,6.661594376946118
2665.0,0.112,13.536450549248737
2665.0,0.131,17.076638456349894
2665.0,0.151,20.602303544341105
2665.0,0.17,24.085292810145035
2670.0,0.055,3.8892914922164747
2670.0,0.063,5.202593174617208
2670.0,0.08199999999999999,8.564412332559371
2670.0,0.112,14.215953002103163
2670.0,0.131,17.858258025028757
2670.0,0.151,21.472607332792684
2670.0,0.37,57.80107035750732
2675.0,0.112,14.895455454957602
2675.0,0.131,18.639877593707613
2675.0,0.17,25.98127913189071
2675.0,0.189,29.544029854288823
2675.0,0.591,88.81264255624585
2675.0,0.621,92.5278508263436
2675.0,0.841,117.91641464930535
2680.0,0.063,5.876806418842505
2680.0,0.112,15.574957907812044
2680.0,0.131,19.42149716238646
2680.0,0.189,30.560685428843122
2680.0,0.285,47.22059393676278
2680.0,0.37,60.63576724493536
2680.0,0.454,72.90178733729496
2685.0,0.055,4.747109318163115
2685.0,0.08199999999999999,10.07704441173511
2685.0,0.093,12.334348324606403
2685.0,0.112,16.31347055862333
2685.0,0.17,27.933381850819156
2685.0,0.285,48.5380245893323
2685.0,0.37,62.097772059037354
2690.0,0.055,5.362489221054674
2690.0,0.063,6.974526479236113
2690.0,0.068,8.08947108452823
2690.0,0.07400000000000001,9.226720031948977
2690.0,0.093,13.300309679563187
2690.0,0.112,17.39986610665464
2690.0,0.151,25.40658272777524
2690.0,0.17,29.268314478605195
2690.0,0.189,33.02682869716074
2690.0,0.246,43.337922387386776
2690.0,0.37,63.82303963191285
2690.0,0.454,76.29039304783787
2695.0,0.055,5.977869123946233
2695.0,0.063,7.681499556037597
2695.0,0.068,8.851770418850377
2695.0,0.07400000000000001,10.040239321878994
2695.0,0.093,14.266271034519976
2695.0,0.131,22.629956799959917
2695.0,0.17,30.603247106391233
2695.0,0.189,34.42149490884179
2695.0,0.246,44.86988054927054
2695.0,0.37,65.54830720478834
2700.0,0.063,8.38847263283908
2700.0,0.07400000000000001,10.853758611809011
2700.0,0.093,15.232232389476764
2700.0,0.112,19.57265720271728
2700.0,0.131,23.814182590131995
2700.0,0.17,31.938179734177293
2700.0,0.189,35.81616112052278
2700.0,0.203,38.52157832987562
2700.0,0.285,53.3570236445008
2700.0,0.342,62.970782224962925
2700.0,0.37,67.27357477766378
2700.0,0.454,79.9229568877026
2700.0,0.591,97.91406009106066
2700.0,0.841,127.76148307522053
2700.0,2.585,270.038396869554
2705.0,0.055,7.208628929729341
2705.0,0.063,9.09544570964056
2705.0,0.093,16.19819374443355
2705.0,0.131,24.9984083803041
2705.0,0.151,29.20373822546537
2705.0,0.17,33.273112361963356
2705.0,0.189,37.21082733220381
2705.0,0.246,47.933796873038055
2705.0,0.285,54.96335666289038
2710.0,0.068,11.138668421816826
2710.0,0.08199999999999999,14.49464486934452
2710.0,0.112,21.745448298779916
2710.0,0.131,26.1826341704762
2710.0,0.189,38.60549354388483
2710.0,0.203,41.38730951237694
2710.0,0.454,83.55552072756751
2715.0,0.063,10.509391863243533
2715.0,0.093,18.13011645434712
2715.0,0.151,31.73517522392546
2715.0,0.17,35.94297761753543
2715.0,0.189,40.000159755565896
2720.0,0.055,9.054768638404019
2720.0,0.07400000000000001,14.107835771529077
2720.0,0.08199999999999999,16.26168505238828
2720.0,0.093,19.0960778093039
2720.0,0.131,28.551085750820373
2720.0,0.17,37.2779102453215
2720.0,0.189,41.39482596724691
2725.0,0.055,9.670148541295571
2725.0,0.068,13.425566424783266
2725.0,0.08199999999999999,17.145205143910164
2725.0,0.112,25.004634942873864
2725.0,0.131,29.735311540992477
2725.0,0.151,34.26661222238553
2725.0,0.454,89.0043664873646
2725.0,0.591,107.4905308893229
2725.0,0.841,138.0147293081061
2725.0,1.09,164.33039070085636
2725.0,2.585,282.1542919285261
2730.0,0.063,12.630311093647983
2730.0,0.068,14.187865759105428
2730.0,0.093,21.0280005192175
2730.0,0.131,30.91953733116457
2730.0,0.151,35.532330721615594
2730.0,0.17,39.9477755008936
2730.0,0.189,44.18415839060896
2730.0,0.246,55.59358768245683
2730.0,0.37,77.6251802149167
2730.0,0.454,90.82064840729693
2735.0,0.07400000000000001,16.54839364131913
2735.0,0.093,21.99396187417428
2735.0,0.112,27.177426038936492
2735.0,0.131,32.103763121336655
2735.0,0.151,36.7980492208456
2735.0,0.246,57.12554584434066
2735.0,0.285,64.60135477322748
2740.0,0.068,15.712464427749728
2740.0,0.08199999999999999,19.79576541847582
2740.0,0.112,28.263821586967822
2740.0,0.131,33.28798891150874
2740.0,0.151,38.06376772007568
2740.0,0.17,42.61764075646569
2740.0,0.189,46.973490813970976
2740.0,0.285,66.207687791617
2740.0,0.37,81.07571536066759
2745.0,0.063,15.170665211279685
2745.0,0.093,24.316330179107794
2745.0,0.112,29.720839126477657
2745.0,0.151,39.66563340896085
2745.0,0.246,60.46813459563342
2745.0,0.285,68.07607231325666
2745.0,0.37,83.0342665985575
2750.0,0.068,18.239764397532692
2750.0,0.08199999999999999,22.533547590508704
2750.0,0.112,31.331611940190314
2750.0,0.189,50.508274506378825
2750.0,0.203,53.575404100497714
2750.0,0.621,121.51888718698696
2750.0,0.6679999999999999,127.71856220749603
2750.0,0.871,152.09705364571616
2755.0,0.063,17.77149246936417
2755.0,0.093,27.353102564547125
2755.0,0.112,32.942384753902964
2755.0,0.131,38.1903711115761
2755.0,0.17,47.854234715267
2760.0,0.063,19.071906098406398
2760.0,0.07400000000000001,22.767529271201237
2760.0,0.08199999999999999,25.438097164305535
2760.0,0.093,28.871488757266782
2760.0,0.151,44.88958991871167
2760.0,0.189,54.17112206404695
2760.0,0.285,74.00736789076957
2760.0,0.37,89.20025867346355
2760.0,0.454,102.83566636454398
2765.0,0.055,17.411600272970603
2765.0,0.068,22.289101069738052
2765.0,0.07400000000000001,24.161481247101168
2765.0,0.093,30.389874949986442
2765.0,0.112,36.163930381328285
2765.0,0.17,51.434254320334624
2765.0,0.189,56.00254584288105
2765.0,0.246,68.17309422350272
2765.0,0.285,75.98446641660718
2765.0,0.37,91.25558936509893
2770.0,0.055,18.62577797562824
2770.0,0.07400000000000001,25.555433223001103
2770.0,0.08199999999999999,28.342646738102356
2770.0,0.131,43.23896133525166
2770.0,0.151,48.372227591878946
2770.0,0.17,53.2242641228685
2770.0,0.203,61.00636547317514
2770.0,0.246,70.09933413047
2770.0,0.285,77.96156494244484
2770.0,0.454,107.0710849339628
2775.0,0.063,22.973146985533123
2775.0,0.068,24.98865885120829
2775.0,0.07400000000000001,26.949385198901027
2775.0,0.093,33.42664733542577
2775.0,0.131,44.92182474314348
2775.0,0.151,50.113546428462584
2775.0,0.189,59.66539340054908
2775.0,0.203,62.864105816344484
2775.0,0.342,90.64162227125482
2775.0,0.37,95.36625074836957
2775.0,0.591,128.43226468279664
2780.0,0.093,34.945033528145444
2780.0,0.112,40.99624882246622
2780.0,0.131,46.60468815103535
2780.0,0.151,51.85486526504619
2780.0,0.17,56.804283727936074
2780.0,0.285,81.9157619941201
2780.0,0.37,97.42158144000489
2780.0,0.454,111.30650350338183
2785.0,0.063,25.573974243617606
2785.0,0.07400000000000001,29.73728915070091
2785.0,0.093,36.463419720865105
2785.0,0.112,42.607021636178864
2785.0,0.131,48.28755155892722
2785.0,0.17,58.594293530469876
2785.0,0.189,63.32824095821725
2785.0,0.246,75.87805385137202
2790.0,0.055,23.48248878625881
2790.0,0.068,29.03799552341365
2790.0,0.07400000000000001,31.13124112660082
2790.0,0.17,60.38430333300365
2790.0,0.189,65.1596647370513
2790.0,0.285,85.8699590457954
2790.0,0.37,101.53224282327557
2790.0,0.454,115.54192207280065
2795.0,0.055,24.696666488916446
2795.0,0.112,45.828567263604135
2795.0,0.131,51.65327837471088
2795.0,0.151,57.07882177479705
2795.0,0.246,79.7305336653066
2795.0,0.285,87.84705757163297
2795.0,0.37,103.58757351491079
2800.0,0.055,25.93175901434774
2800.0,0.151,58.83331044847784
2800.0,0.17,63.97675407813622
2800.0,0.203,72.1642164710143
2800.0,0.419,113.66093448674916
2800.0,0.591,139.34907323469545
2800.0,0.621,143.47102729967875
2800.0,0.6679999999999999,149.87531008591273
2800.0,1.588,245.50246932606984
2805.0,0.068,33.87115286766348
2805.0,0.093,43.218911332988185
2805.0,0.112,49.674997590344674
2805.0,0.131,55.598920621710505
2805.0,0.151,61.104808235553215
2805.0,0.37,108.04993753776652
2810.0,0.055,30.044053060066542
2810.0,0.068,35.98575396978574
2810.0,0.093,45.40271515217665
2810.0,0.131,57.84764331137298
2810.0,0.246,86.35941860525922
2810.0,0.285,94.56989207712152
2815.0,0.068,38.100355071908005
2815.0,0.08199999999999999,43.54484114940826
2815.0,0.112,54.116020362575746
2815.0,0.151,65.64780380970402
2815.0,0.37,112.84695486992125
2820.0,0.063,37.86965193376869
2820.0,0.07400000000000001,42.46962809064118
2820.0,0.08199999999999999,45.701854393232914
2820.0,0.093,49.77032279055364
2820.0,0.112,56.33653174869125
2820.0,0.189,78.06068104888878
2820.0,0.285,99.3059176055491
2820.0,0.37,115.24546353599868
2825.0,0.055,36.21249412864471
2825.0,0.08199999999999999,47.85886763705759
2825.0,0.093,51.95412660974214
2825.0,0.131,64.59381138036039
2825.0,0.17,75.42900898159476
2825.0,0.203,83.7493699830336
2825.0,0.246,93.39774165337475
2825.0,0.285,101.67393036976284
2825.0,0.342,112.77062848074941
2825.0,0.37,117.64397220207607
2825.0,0.419,125.72984500795405
2825.0,0.454,131.92668689155414
2825.0,0.591,151.6217505864655
2825.0,0.841,183.94848660006372
2825.0,0.871,187.50448732269172
2830.0,0.068,44.44415837827483
2830.0,0.093,54.13793042893069
2830.0,0.131,66.84253407002286
2830.0,0.151,72.46229717093017
2830.0,0.189,82.67386375865479
2830.0,0.246,95.74384933607995
2830.0,0.37,120.04248086815342
2830.0,0.454,134.35501297467306
2835.0,0.055,40.3247881743635
2835.0,0.063,44.15070071360334
2835.0,0.068,46.55875948039706
2835.0,0.07400000000000001,48.86872110679821
2835.0,0.17,80.00991094297821
2835.0,0.246,98.08995701878524
2835.0,0.285,106.40995589819052
2840.0,0.055,42.380935197222904
2840.0,0.063,46.244383640214906
2840.0,0.068,48.673360582519344
2840.0,0.07400000000000001,51.00175211218391
2840.0,0.131,71.33997944934788
2840.0,0.17,82.30036192366994
2840.0,0.203,90.7004620902453
2840.0,0.285,108.77796866240419
2840.0,0.37,124.83949820030806
2840.0,0.454,139.21166514091075
2845.0,0.068,50.787961684641594
2845.0,0.07400000000000001,53.13478311756957
2845.0,0.08199999999999999,56.4869206123563
2845.0,0.112,67.4390886792689
2845.0,0.151,79.27679053215635
2845.0,0.17,84.59081290436167
2845.0,0.189,89.59363782330372
2845.0,0.285,111.14598142661798
2850.0,0.055,46.49322924294171
2850.0,0.063,50.431749493438005
2850.0,0.068,52.90256278676388
2850.0,0.07400000000000001,55.26781412295524
2850.0,0.203,95.33452349505292
2850.0,0.419,137.79875552915917
2850.0,0.454,144.06831730714842
2850.0,0.591,163.89442793823537
2850.0,1.588,271.5097336012753
2850.0,2.585,346.8504499588179
2855.0,0.055,48.549376265801094
2855.0,0.068,55.017163888886145
2855.0,0.07400000000000001,57.400845128340926
2855.0,0.093,65.0569495248731
2855.0,0.112,71.8801114515
2855.0,0.151,83.81978610630715
2855.0,0.246,107.474387749606
2855.0,0.37,132.0350241985402
2860.0,0.063,54.70104604200934
2860.0,0.068,57.210022551115536
2860.0,0.112,74.16063785940662
2860.0,0.131,80.39011287010258
2860.0,0.151,86.1427354474816
2860.0,0.17,91.51051128544152
2860.0,0.189,96.55915180740352
2860.0,0.203,100.01270152113393
2860.0,0.246,109.86061549649592
2860.0,0.285,118.28724422511118
2860.0,0.454,148.95431939027455
2865.0,0.063,57.66633211062416
2865.0,0.08199999999999999,65.93992267572705
2865.0,0.112,77.01960692415142
2865.0,0.189,99.35233805006104
2870.0,0.055,56.69087734546248
2870.0,0.063,60.631618179238934
2870.0,0.068,63.10427922572593
2870.0,0.07400000000000001,65.47157276930452
2870.0,0.08199999999999999,68.8510027276615
2870.0,0.093,73.0849080996685
2870.0,0.112,79.8785759888961
2870.0,0.131,86.0629340388909
2870.0,0.189,102.14552429271872
2875.0,0.055,59.689268881733156
2875.0,0.093,75.97384425755318
2875.0,0.131,88.89934462328502
2875.0,0.151,94.59929968421116
2875.0,0.17,99.92480377022022
2875.0,0.203,108.3717709030219
2875.0,0.246,118.17936612497273
2875.0,0.342,137.78824489758856
2875.0,0.37,142.69985045342463
2875.0,0.419,150.87511915612927
2875.0,0.454,157.1759971147965
2875.0,0.621,181.19949046113976
2875.0,0.6679999999999999,187.73861110870988
2875.0,1.588,285.0245158765321
2875.0,2.585,360.661154064076
2880.0,0.055,62.687660418003865
2880.0,0.08199999999999999,74.67316283153043
2880.0,0.093,78.8627804154379
2880.0,0.131,91.73575520767915
2880.0,0.151,97.41815442978763
2880.0,0.17,102.72956793181308
2880.0,0.246,120.95228300113176
2880.0,0.37,145.4444456064363
2885.0,0.055,65.68605195427456
2885.0,0.063,69.5274763850833
2885.0,0.068,71.94566423764147
2885.0,0.08199999999999999,77.58424288346488
2885.0,0.131,94.57216579207335
2885.0,0.189,110.52508302069133
2885.0,0.246,123.72519987729076
2885.0,0.37,148.18904075944798
2890.0,0.063,72.49276245369806
2890.0,0.068,74.89279257494668
2890.0,0.07400000000000001,77.19688614100315
2890.0,0.093,84.64065273120731
2890.0,0.131,97.40857637646748
2890.0,0.151,103.05586392094075
2890.0,0.17,108.33909625499894
2890.0,0.203,116.73084028490992
2890.0,0.285,134.87135309881148
2895.0,0.07400000000000001,80.1282144839278
2895.0,0.112,94.17342131262
2895.0,0.131,100.24498696086161
2895.0,0.246,129.27103362960858
2895.0,0.285,137.63537124442814
2895.0,0.37,153.67823106547152
2900.0,0.063,78.42333459092762
2900.0,0.068,80.78704924955699
2900.0,0.08199999999999999,86.31748303926821
2900.0,0.093,90.4185250469768
2900.0,0.17,113.94862457818473
2900.0,0.189,118.90464174866415
2900.0,0.203,122.30355320616857
2900.0,0.342,151.5404840609136
2900.0,0.454,170.87879332233325
2900.0,0.591,190.65119572442867
2900.0,0.621,194.832466522429
2900.0,0.6679999999999999,201.3779652404112
2900.0,0.871,226.96708696491146
2905.0,0.063,81.3886206595424
2905.0,0.068,83.73417758686219
2905.0,0.07400000000000001,85.9908711697771
2905.0,0.08199999999999999,89.22856309120267
2905.0,0.112,99.8913594421095
2905.0,0.131,105.91780812964997
2905.0,0.189,121.69782799132182
2905.0,0.246,134.8168673819266
2910.0,0.068,86.68130592416739
2910.0,0.07400000000000001,88.92219951270177
2910.0,0.08199999999999999,92.13964314313709
2910.0,0.112,102.75032850685429
2910.0,0.131,108.75421871404409
2910.0,0.189,124.49101423397931
2910.0,0.203,127.87626612742713
2910.0,0.246,137.5897842580855
2910.0,0.285,145.92742568127835
2910.0,0.37,161.9120165245066
2915.0,0.055,83.6764011718987
2915.0,0.08199999999999999,95.05072319507157
2915.0,0.093,99.08533352063088
2915.0,0.17,122.36291706296348
2920.0,0.068,92.57556259877772
2920.0,0.08199999999999999,97.96180324700602
2920.0,0.112,108.46826663634387
2920.0,0.151,119.96899239439985
2920.0,0.189,130.07738671929448
2920.0,0.246,143.13561801040348
2920.0,0.285,151.45546197251184
2920.0,0.454,181.84103028836242
2925.0,0.063,93.96121560523792
2925.0,0.068,96.20861360186596
2925.0,0.08199999999999999,101.5048943082557
2925.0,0.131,117.7709927589872
2925.0,0.151,123.26342526661558
2925.0,0.17,128.4213766559949
2925.0,0.203,136.6473622710981
2925.0,0.246,146.28497188841297
2925.0,0.285,154.5698192822152
2925.0,0.37,170.45350481783004
2925.0,0.621,208.7036307124993
2925.0,0.6679999999999999,215.24692571085572
2925.0,0.841,237.24419675600663
2925.0,0.871,240.8385735571074
2925.0,1.588,312.8322309325665
2930.0,0.055,94.2575283912915
2930.0,0.063,97.70920930556207
2930.0,0.068,99.91036474996677
2930.0,0.07400000000000001,102.03954525581362
2930.0,0.08199999999999999,105.11128586991958
2930.0,0.093,109.00537644672062
2930.0,0.131,121.16577968799294
2930.0,0.203,139.88701297116577
2930.0,0.285,157.71926560789242
2930.0,0.37,173.5366214824982
2930.0,0.454,187.90658688486351
2935.0,0.055,98.08671356528025
2935.0,0.07400000000000001,105.70008305301333
2935.0,0.093,112.55081343742111
2935.0,0.112,118.7952303313423
2935.0,0.189,139.82117691932288
2935.0,0.285,160.86871193356956
2935.0,0.37,176.61973814716671
2940.0,0.055,101.91589873926902
2940.0,0.08199999999999999,112.32406899324735
2940.0,0.093,116.09625042812152
2940.0,0.112,122.25580819448922
2940.0,0.131,127.95535354600402
2940.0,0.151,133.28962171079365
2940.0,0.17,138.3173541481565
2940.0,0.246,155.84614223529786
2940.0,0.37,179.70285481183504
2945.0,0.07400000000000001,113.0211586474127
2945.0,0.131,131.35014047500974
2945.0,0.189,146.34550044369
2945.0,0.246,159.03319901759272
2945.0,0.285,167.16760458492374
2945.0,0.37,182.78597147650316
2950.0,0.055,109.57426908724646
2950.0,0.068,114.71736934236986
2950.0,0.131,134.74492740401539
2950.0,0.17,144.91467247626417
2950.0,0.285,170.31705091060087
2950.0,0.419,193.8512355884476
2950.0,0.621,223.64684171918987
2950.0,0.6679999999999999,230.14930772831443
2950.0,1.09,279.82855974801
2955.0,0.063,116.44917780718278
2955.0,0.07400000000000001,120.34223424181202
2955.0,0.093,126.73256140022283
2955.0,0.151,143.3158181549718
2955.0,0.189,152.86982396805718
2955.0,0.285,173.466497236278
2955.0,0.37,188.9522048058398
2960.0,0.08199999999999999,126.74963523990273
2960.0,0.112,136.09811964707689
2960.0,0.151,146.65788363636443
2960.0,0.189,156.13198573024076
2960.0,0.203,159.3249171715721
2960.0,0.246,168.59436936447753
2960.0,0.454,206.1868728818391
2965.0,0.131,144.92928819103224
2965.0,0.151,149.99994911775713
2965.0,0.246,171.78142614677236
2970.0,0.055,124.89100978320143
2970.0,0.063,127.6931589081552
2970.0,0.068,129.52437393477308
2970.0,0.112,143.01927537337068
2970.0,0.151,153.34201459915
2970.0,0.17,158.1093091324797
2970.0,0.203,165.8042185717077
2970.0,0.246,174.96848292906745
2970.0,0.37,198.20155479984473
2970.0,0.454,212.28030154749752
2975.0,0.055,128.7201949571902
2975.0,0.063,131.44115260847937
2975.0,0.07400000000000001,134.9843854306108
2975.0,0.093,140.9143093630246
2975.0,0.112,146.47985323651764
2975.0,0.131,151.71886204904348
2975.0,0.151,156.6840800805426
2975.0,0.17,161.40796829653354
2975.0,0.189,165.9184710167917
2975.0,0.203,169.04386927177538
2975.0,0.285,186.06428253898648
2975.0,0.342,196.63440898704127
2975.0,0.37,201.28467146451308
2975.0,0.454,215.32701588032666
2975.0,0.6679999999999999,245.05168974577344
2975.0,0.841,266.8298160684567
2975.0,0.871,270.3909396725488
2975.0,1.09,294.5240965301215
2975.0,2.585,418.27282927144984
2980.0,0.063,135.18914630880343
2980.0,0.068,136.9278762309746
2980.0,0.07400000000000001,138.64492322781044
2980.0,0.08199999999999999,141.1752014865582
2980.0,0.093,144.459746353725
2980.0,0.189,169.18063277897528
2980.0,0.203,172.28351997184302
2980.0,0.246,181.3425964936573
2980.0,0.37,204.36778812918124
2985.0,0.112,153.6380318776307
2985.0,0.17,168.21109057274018
2985.0,0.246,184.70776036417948
2985.0,0.285,192.53052635380618
2985.0,0.37,207.60002489512158
2990.0,0.07400000000000001,146.79338239491577
2990.0,0.131,162.61419792615087
2995.0,0.055,145.47364474483504
2995.0,0.07400000000000001,151.0189543235625
2995.0,0.093,156.42116146866965
2995.0,0.112,161.58016204294202
2995.0,0.131,166.494521679626
2995.0,0.151,171.19376164144504
2995.0,0.17,175.6949078733979
2995.0,0.189,180.01555434921022
2995.0,0.246,191.84906888385024
2995.0,0.37,214.4085919492726
3000.0,0.068,153.71617076383845
3000.0,0.07400000000000001,155.24452625220914
3000.0,0.08199999999999999,157.5187486938779
3000.0,0.112,165.5512271255975
3000.0,0.151,174.9990078554173
3000.0,0.17,179.43681652372658
3000.0,0.189,183.70316479907
3000.0,0.203,186.67583855876407
3000.0,0.246,195.41972314368581
3000.0,0.285,203.06016116484025
3000.0,0.419,225.48956883221527
3000.0,0.454,231.57504111031554
3000.0,0.591,250.38001667718902
3000.0,0.6679999999999999,260.80127923660916
3000.0,0.841,282.38136549074244
3000.0,1.588,357.32480177492016
3005.0,0.112,169.52229220825325
3005.0,0.151,178.80425406938932
3005.0,0.17,183.17872517405547
3005.0,0.246,198.9903774035211
3005.0,0.285,206.57003943518507
3005.0,0.37,221.21715900342377
3010.0,0.063,160.83407648321588
3010.0,0.112,173.49335729090882
3010.0,0.17,186.9206338243842
3010.0,0.189,191.0783856987894
3010.0,0.203,193.98284702123286
3010.0,0.37,224.62144253049934
3015.0,0.055,163.12241460515284
3015.0,0.07400000000000001,167.92124203814893
3015.0,0.131,182.01581669352584
3015.0,0.285,213.5897959758742
3015.0,0.37,228.02572605757484
3020.0,0.055,167.53460707023234
3020.0,0.063,169.4855508762883
3020.0,0.07400000000000001,172.14681396679563
3020.0,0.093,176.8369400323908
3020.0,0.151,190.2199927113057
3020.0,0.189,198.45360659850888
3020.0,0.454,244.9332189902045
3025.0,0.055,171.94679953531178
3025.0,0.068,175.08450245991048
3025.0,0.08199999999999999,178.3189092403978
3025.0,0.112,185.40655253887562
3025.0,0.131,189.77646420047586
3025.0,0.17,198.14635977537054
3025.0,0.189,202.14121704836865
3025.0,0.246,213.2729944428626
3025.0,0.342,230.47007167089447
3025.0,0.871,301.7653579349166
3025.0,1.09,325.54805043097684
3030.0,0.17,201.88826842569952
3030.0,0.203,208.59686394617034
3030.0,0.246,216.84364870269795
3030.0,0.285,224.1194307869082
3035.0,0.055,180.7711844654708
3035.0,0.151,201.63573135322216
3035.0,0.246,220.4143029625332
3035.0,0.285,227.6293090572531
3040.0,0.055,185.18337693055025
3040.0,0.07400000000000001,189.0491016813823
3040.0,0.131,201.41743546090092
3040.0,0.17,209.372085726357
3040.0,0.189,213.20404839794793
3040.0,0.203,215.90387240863924
3040.0,0.246,223.98495722236862
3040.0,0.285,231.13918732759763
3040.0,0.37,245.0471436929525
3045.0,0.07400000000000001,193.2746736100288
3045.0,0.093,197.25271859611206
3045.0,0.112,201.29081286949813
3045.0,0.151,209.24622378116663
3045.0,0.246,227.5556114822039
3045.0,0.285,234.64906559794207
3045.0,0.37,248.45142722002814
3050.0,0.055,194.25869069354948
3050.0,0.063,195.7080422533847
3050.0,0.068,196.72909065866614
3050.0,0.07400000000000001,197.782689591076
3050.0,0.08199999999999999,199.40789205243237
3050.0,0.151,213.3382038029461
3050.0,0.203,223.4804447977524
3050.0,0.454,265.17663221253247
3050.0,0.591,283.12364138990756
3050.0,0.621,287.0107922072555
3050.0,0.841,314.3157758546867
3050.0,1.588,388.3360942289647
3055.0,0.055,199.00345615541713
3055.0,0.07400000000000001,202.38260377393306
3055.0,0.093,206.10131987440974
3055.0,0.112,209.91866346177477
3055.0,0.131,213.7371279327098
3055.0,0.17,221.25040563582417
3055.0,0.285,242.23707221659197
3055.0,0.37,255.7785465004147
3060.0,0.055,203.74822161728483
3060.0,0.17,225.36426706751107
3060.0,0.246,239.2019746064668
3065.0,0.055,208.4929870791525
3065.0,0.07400000000000001,211.5824321396471
3065.0,0.131,222.27146400683168
3065.0,0.246,243.1118547831101
3065.0,0.37,263.1782221307984
3070.0,0.055,213.23775254102011
3070.0,0.093,219.51742181739382
3070.0,0.112,223.00435938981576
3070.0,0.37,266.8780599459902
3075.0,0.093,223.9894557983885
3075.0,0.112,227.36625803249615
3075.0,0.189,241.10865030484663
3075.0,0.203,243.53432270486792
3075.0,0.37,270.57789776118216
3075.0,0.591,300.63063090762057
3075.0,0.621,304.4219870651697
3075.0,0.871,334.6607615491901
3075.0,1.09,357.94174956202727
3075.0,1.588,404.5631881960726
3075.0,2.585,480.0617716250108
3080.0,0.055,222.7272834647554
3080.0,0.131,235.072968118014
3080.0,0.151,238.44984763432907
3080.0,0.246,254.84149531303933
3080.0,0.285,261.4058640719325
3085.0,0.055,227.47204892662316
3085.0,0.07400000000000001,229.98208887107495
3085.0,0.112,236.09005531785704
3085.0,0.17,245.93357422594525
3085.0,0.285,265.23962244300077
3085.0,0.37,277.9775733915653
3090.0,0.07400000000000001,234.58200305393194
3090.0,0.112,240.45195396053728
3090.0,0.151,246.82039557812323
3090.0,0.246,262.6612556663256
3095.0,0.07400000000000001,239.18191723678908
3095.0,0.17,254.16129708931902
3095.0,0.246,266.57113584296883
3095.0,0.37,285.37724902194896
3100.0,0.055,241.70634531222595
3100.0,0.063,242.51830381309944
3100.0,0.07400000000000001,243.78183141964578
3100.0,0.093,246.34962570336214
3100.0,0.112,249.17575124589806
3100.0,0.151,255.1909435219175
3100.0,0.17,258.2751585210057
3100.0,0.189,261.36382482243494
3100.0,0.285,276.7408975562054
3100.0,0.37,289.0770868371408
3100.0,0.454,301.30427496534213
3100.0,0.591,318.13762042533307
3100.0,0.621,321.83318192308326
3100.0,0.871,351.5475890710654
3100.0,1.09,374.53459519638017
3100.0,1.588,420.7902821631811
3105.0,0.246,274.3908961962547
3105.0,0.285,280.5746559272733
3110.0,0.112,257.8995485312592
3110.0,0.131,260.67597634037907
3110.0,0.151,263.5614914657119
3110.0,0.246,278.30077637289793
3110.0,0.285,284.4084142983414
3115.0,0.246,282.43237034957883
3115.0,0.37,300.3807880437958
3120.0,0.07400000000000001,262.5616517108439
3120.0,0.246,286.6287348071389
3120.0,0.37,304.3444641220782
3125.0,0.07400000000000001,267.37587383411426
3125.0,0.093,269.40230843837287
3125.0,0.203,284.4514178241567
3125.0,0.342,304.6971150908891
3125.0,0.454,320.0579239734386
3125.0,0.591,336.27741926893407
3125.0,0.621,339.8658037478851
3125.0,0.841,365.68532199280173
3125.0,1.09,391.6227201787109
3125.0,1.588,437.436211254636
3125.0,2.585,512.2602720976355
3130.0,0.07400000000000001,272.19009595738487
3130.0,0.37,312.2718162786425
3135.0,0.093,278.84568039818026
3140.0,0.093,283.56736637808416
3140.0,0.112,285.63447689497974
3140.0,0.17,292.8725174037469
3140.0,0.246,303.4141926373791
3140.0,0.285,309.02595075228635
3140.0,0.37,320.1991684352064
3150.0,0.093,293.01073833789155
3150.0,0.151,299.29288246351564
3150.0,0.189,304.14792924654876
3150.0,0.37,328.1265205917702
3150.0,0.419,334.21564646722686
3150.0,0.621,358.3971411925531
3150.0,0.6679999999999999,364.0785073302534
3150.0,0.841,383.62003287173997
3150.0,1.09,409.1083231595747
3150.0,1.588,454.41826933596525
3155.0,0.07400000000000001,296.2612065737377
3155.0,0.093,297.73242431779533
3160.0,0.17,310.49629908612195
3160.0,0.285,325.4798000789248
3170.0,0.37,343.9812249048989
3175.0,0.17,323.7141353479036
3175.0,0.189,325.86553040853477
3175.0,0.454,358.67240653173315
3175.0,0.621,376.92847863722136
3175.0,0.6679999999999999,382.45749844395397
3175.0,0.871,404.71502405862503
3175.0,1.09,426.5939261404378
3175.0,1.588,471.4003274172944
3175.0,2.585,545.3255361242719
3190.0,0.093,331.14457178961965
3190.0,0.17,337.4727545660059
3200.0,0.285,359.43629760555206
3200.0,0.419,374.23272986541247
3200.0,0.591,393.15962026371915
3200.0,0.871,423.41336925490407
3200.0,1.09,444.84355433790427
3200.0,1.588,489.0375927317297
3210.0,0.093,350.6040308286277
3220.0,0.17,365.1976667721948
3220.0,0.246,372.5245506048811
3225.0,0.131,367.0758729048965
3225.0,0.17,369.81848547322636
3225.0,0.203,372.64878873015334
3225.0,0.285,381.16461905511983
3225.0,0.419,394.8567279493338
3225.0,0.454,399.3884175494487
3225.0,0.6679999999999999,421.12493731333325
3225.0,0.841,439.1953987466511
3225.0,0.871,442.20055132975193
3225.0,1.09,463.1749346784413
3225.0,2.585,579.5004804280409
3230.0,0.17,374.439304174258
3250.0,0.189,394.39568418695455
3250.0,0.246,399.26370842871654
3250.0,0.285,403.0740605617038
3250.0,0.342,408.4144313083427
3250.0,0.37,410.9046603205407
3250.0,0.419,415.668579889131
3250.0,0.591,432.71616056554296
3250.0,0.6679999999999999,440.6846184828851
3250.0,0.871,461.1538032455994
3250.0,1.09,481.66129954197083
3250.0,1.588,524.5875582804742
3275.0,0.17,416.9129724433895
3275.0,0.246,422.292366118823
3275.0,0.342,430.5577205312554
3275.0,0.419,437.25382525587327
3275.0,0.6679999999999999,460.97502660493967
3300.0,0.151,440.030383881319
3300.0,0.189,441.6400440308561
3300.0,0.203,442.3833540958102
3300.0,0.246,445.3210238089301
3300.0,0.419,458.839070622615
3300.0,0.591,473.9509193271087
3300.0,0.6679999999999999,481.26543472699296
3300.0,0.841,497.67560905107507
3300.0,1.09,519.9102674452882
3350.0,0.203,490.1360422500124
3350.0,0.246,492.31791084775597
3350.0,0.37,499.7074749330464
3350.0,0.419,503.15561740708927
3350.0,0.591,516.3526663361095
3350.0,0.841,538.2396826885913
3350.0,1.09,559.2117575468299
3350.0,1.588,599.1220997090925
3400.0,0.246,539.9701225646255
3400.0,0.342,544.2604783530197
3400.0,0.37,545.4899362983053
3400.0,0.841,579.6738011277695
3400.0,1.09,599.3423289127223
3400.0,1.588,637.6049749358401
3400.0,2.585,704.9874915088091
3500.0,0.841,665.5689030085546
3500.0,1.588,717.2818434608765
3500.0,2.585,780.8285420576726
3600.0,1.09,768.691816716773
3600.0,2.585,859.1226335474423
3700.0,2.585,939.984086718771
3800.0,2.585,1022.9718799373344
