1000.0,0.37,1.7167169612196651e-15
1100.0,0.342,2.0121585146381012e-13
1100.0,0.37,1.3539645512658976e-12
1200.0,0.342,2.6085488982281504e-11
1200.0,2.585,0.5380597651648307
1225.0,0.342,8.046501364195627e-11
1250.0,1.588,0.05899957465565656
1275.0,0.342,6.904336400163465e-10
1275.0,0.621,1.1186170472333497e-05
1275.0,1.588,0.08029222117222197
1300.0,0.342,1.916361797407686e-09
1300.0,0.419,6.43417086130937e-08
1300.0,0.621,2.1345197840735395e-05
1300.0,1.588,0.10794197268063498
1300.0,2.585,1.2856986852074483
1325.0,0.342,5.115894497017704e-09
1350.0,1.09,0.01576670263832205
1350.0,1.588,0.1884062574870333
1375.0,0.621,0.00012649860397641305
1375.0,1.588,0.24474684394896998
1375.0,2.585,2.255031582328485
1400.0,0.203,4.319248841795793e-12
1400.0,0.285,2.9909445447689845e-09
1400.0,0.342,7.307392479706626e-08
1400.0,0.621,0.00021592865189326734
1400.0,1.09,0.031582967285062026
1400.0,1.588,0.31443281251991667
1425.0,0.246,4.963523598373916e-10
1425.0,0.342,1.6119820199578766e-07
1425.0,0.871,0.00828628521186792
1425.0,2.585,3.166530064583995
1450.0,0.668,0.0012647774077823254
1450.0,0.841,0.009347153032933658
1450.0,1.09,0.060977050259778114
1450.0,2.585,3.732297147784951
1475.0,0.419,1.2792601219820357e-05
1475.0,0.621,0.001026485310459423
1475.0,0.871,0.018111958892519594
1475.0,1.588,0.6423285509582135
1500.0,0.17,1.475866460194857e-11
1500.0,0.203,4.354757099535258e-10
1500.0,0.419,2.478810951592215e-05
1500.0,0.841,0.020109645529147315
1500.0,0.871,0.02600813877996788
1500.0,1.09,0.11285412252390424
1525.0,0.17,4.4536244869138805e-11
1525.0,0.246,2.7727574485444632e-08
1525.0,0.419,4.557222601308081e-05
1525.0,0.841,0.028561310015507185
1525.0,0.871,0.036571521678844025
1525.0,1.09,0.14995438007338083
1550.0,0.17,1.1654872918157021e-10
1550.0,0.342,7.36455424409363e-06
1550.0,0.419,8.072703478854631e-05
1550.0,0.591,0.0025698388288326692
1550.0,0.621,0.003974829399741219
1550.0,0.841,0.03996457380152514
1550.0,0.871,0.050694931991942915
1550.0,1.588,1.211973816216687
1550.0,2.585,6.779613899593604
1575.0,0.093,2.729511766955103e-15
1575.0,0.342,1.5485280421286565e-05
1575.0,0.591,0.004120208358325963
1575.0,0.668,0.011174411180225783
1575.0,1.09,0.26043874136419387
1575.0,2.585,7.799075515110353
1600.0,0.074,1.1121576353115922e-16
1600.0,0.37,7.512755012404479e-05
1600.0,0.419,0.00027319550037565335
1600.0,0.591,0.006403103900772317
1600.0,0.621,0.0095319371166475
1600.0,0.841,0.0785548792958069
1600.0,1.588,1.8063170830905864
1600.0,2.585,8.920894923075599
1625.0,0.17,3.3245235456450722e-09
1625.0,0.37,0.0001344255995169765
1625.0,0.419,0.0004646996675999409
1625.0,0.621,0.014072178784628296
1625.0,0.841,0.1066223207412637
1625.0,1.09,0.43453586821883655
1625.0,2.585,10.146466012049142
1650.0,0.074,1.5603928368994153e-15
1650.0,0.342,0.00010176928412146756
1650.0,0.419,0.0007686970512552721
1650.0,0.668,0.034154448219671125
1650.0,0.871,0.17494364375190646
1650.0,2.585,11.49729721019777
1675.0,0.093,7.211110550446937e-13
1675.0,0.17,2.3784529767178032e-08
1675.0,0.246,4.082928074080102e-06
1675.0,0.342,0.00019490637332205977
1675.0,0.621,0.030283633379884416
1675.0,0.871,0.234766955731003
1675.0,2.585,13.015416830122382
1700.0,0.093,2.8772400519189164e-12
1700.0,0.246,8.687855638907878e-06
1700.0,0.285,4.891577327857767e-05
1700.0,0.37,0.0007414847124151729
1700.0,0.419,0.0021977427307426985
1700.0,0.591,0.031119485303304904
1700.0,0.621,0.04347384140760587
1700.0,0.668,0.06941998823119358
1700.0,1.588,3.686424152579463
1700.0,2.585,14.654891656204232
1725.0,0.342,0.0005749375226673592
1725.0,0.37,0.0011881395403710135
1725.0,0.591,0.04363321748347148
1725.0,0.621,0.06019991575857019
1725.0,0.668,0.09446381482317044
1725.0,0.871,0.3971723222621544
1725.0,2.585,16.412550081170366
1750.0,0.112,6.878801556995574e-10
1750.0,0.131,8.392586781693686e-09
1750.0,0.151,6.491371908413813e-08
1750.0,0.246,3.437848141670821e-05
1750.0,0.342,0.0010330512931031612
1750.0,0.37,0.002058403707369265
1750.0,0.591,0.06321391862853223
1750.0,0.668,0.1318631729793373
1750.0,0.841,0.4379786806623359
1750.0,0.871,0.5184756516896396
1750.0,1.09,1.3658846882981568
1750.0,1.588,5.09786727342674
1775.0,0.112,2.2713781314398417e-09
1775.0,0.37,0.0034116452666864807
1775.0,0.591,0.08918544742605151
1775.0,0.871,0.6657001338602571
1775.0,1.588,5.9572505260923085
1775.0,2.585,20.514743348595967
1800.0,0.131,5.4540097333988015e-08
1800.0,0.189,6.77223545865853e-06
1800.0,0.246,0.00012157666194111614
1800.0,0.285,0.0005277005561727178
1800.0,0.342,0.0027830314703096086
1800.0,0.37,0.005240168660804681
1800.0,0.419,0.013074988679298813
1800.0,0.454,0.023702510778179493
1800.0,0.591,0.12115816019872404
1800.0,0.668,0.2378564393151077
1800.0,0.871,0.8366943072192161
1800.0,1.588,6.8966461868105124
1800.0,2.585,22.765290362885057
1825.0,0.246,0.0002406744652678269
1825.0,0.342,0.004697732704977198
1825.0,0.37,0.008562439959532193
1825.0,0.419,0.02038932251047672
1825.0,0.591,0.1689220018569983
1825.0,0.621,0.22063378140735776
1825.0,0.668,0.320902857209459
1825.0,0.871,1.0638530799512746
1825.0,1.588,8.005775079646513
1850.0,0.093,3.3530938414306194e-09
1850.0,0.131,4.157414536246064e-07
1850.0,0.17,9.882771695762413e-06
1850.0,0.203,7.051972403740232e-05
1850.0,0.285,0.0016972976859529925
1850.0,0.419,0.030723788912817174
1850.0,0.621,0.2968031791211574
1850.0,0.668,0.424310869690578
1850.0,0.841,1.15720417996116
1850.0,1.588,9.227152493094692
1850.0,2.585,27.941130132202506
1875.0,0.093,7.143740676481133e-09
1875.0,0.112,1.006774238076683e-07
1875.0,0.17,1.804466526772369e-05
1875.0,0.342,0.011376474143871652
1875.0,0.37,0.01972513804776869
1875.0,0.419,0.043684056108291014
1875.0,0.668,0.5454202239469168
1875.0,0.841,1.430436836608934
1875.0,1.588,10.546113100170064
1900.0,0.151,1.1394047754003874e-05
1900.0,0.203,0.0002590821901540536
1900.0,0.246,0.0014130278838104587
1900.0,0.285,0.004729339215056114
1900.0,0.591,0.41103521926465336
1900.0,0.841,1.794645523975422
1900.0,0.871,2.04252790310247
1900.0,1.588,12.098001258998808
1920.0,0.093,5.465018260923248e-08
1925.0,0.093,7.376399277463845e-08
1925.0,0.37,0.04605724088030754
1925.0,0.591,0.5395650642737373
1925.0,0.621,0.6732041686696421
1925.0,0.668,0.9189431113512635
1925.0,0.841,2.20638082071958
1925.0,1.09,5.108296629501886
1925.0,1.588,13.758504737967325
1925.0,2.585,37.13314475562941
1930.0,0.093,9.28778029400444e-08
1950.0,0.093,1.69333043601668e-07
1950.0,0.131,1.0898136762392604e-05
1950.0,0.17,0.00016133558021382702
1950.0,0.203,0.0008440909954563859
1950.0,0.419,0.13225158494034606
1950.0,0.454,0.20648886786294937
1950.0,0.621,0.8657613904860593
1950.0,0.668,1.1656311280685763
1950.0,0.841,2.6938414787039124
1950.0,0.871,3.03267546513846
1950.0,1.588,15.590742997415449
1950.0,2.585,40.6152906467976
1960.0,0.093,2.567462097071427e-07
1970.0,0.093,4.37109131558724e-07
1970.0,0.17,0.0002964469738271284
1975.0,0.112,4.7696804994038635e-06
1975.0,0.17,0.0003393525614561697
1975.0,0.37,0.09909453200441229
1975.0,1.588,17.650624957539883
1975.0,2.585,44.37479754178846
1980.0,0.17,0.00038225814908521126
1980.0,0.246,0.0076424519460688446
1990.0,0.17,0.00046806932434329473
1990.0,0.246,0.009026368805498857
2000.0,0.17,0.0005805406027213699
2000.0,0.189,0.001468810919816352
2000.0,0.203,0.002613297796821696
2000.0,0.285,0.02904531852758254
2000.0,0.342,0.08954645297273972
2000.0,0.871,4.3989842409197895
2000.0,1.09,8.244429846936237
2000.0,1.588,19.81567622696764
2020.0,0.112,2.0861349196147586e-05
2020.0,0.17,0.0010526585565780544
2025.0,0.246,0.018098253804580248
2025.0,0.342,0.1334862777201437
2025.0,0.591,1.4918243424234747
2025.0,0.621,1.7894314915990013
2025.0,0.668,2.3128240823550685
2025.0,0.841,4.77830634065329
2025.0,1.09,9.637062261479885
2030.0,0.17,0.0012887175335063957
2030.0,0.246,0.019579805015302553
2040.0,0.112,3.242995166209999e-05
2040.0,0.17,0.0015247765104347399
2050.0,0.342,0.18924463269190833
2050.0,0.419,0.4823355908164016
2050.0,0.591,1.8764889730218917
2050.0,0.668,2.8496634997149313
2050.0,2.585,56.93660094195242
2060.0,0.112,7.363225555485965e-05
2060.0,0.17,0.002740436168237761
2060.0,0.246,0.034558161964233836
2070.0,0.17,0.003363752816251127
2070.0,0.246,0.040692614677750746
2075.0,0.17,0.003675411140257807
2075.0,0.203,0.013230246396091971
2075.0,0.246,0.04375984103450918
2075.0,0.285,0.10214115600521317
2075.0,0.419,0.6451861909680944
2075.0,0.621,2.767721348117859
2075.0,1.09,12.841422724212416
2075.0,2.585,61.62294592077457
2080.0,0.112,0.00011606900741785655
2080.0,0.246,0.04682706739126764
2090.0,0.246,0.056471883377905194
2100.0,0.112,0.00024170308120027997
2100.0,0.131,0.0009371014243564771
2100.0,0.151,0.0027710167567889326
2100.0,0.285,0.15243866347997687
2100.0,0.419,0.8645572789695161
2100.0,0.591,2.9311687144601795
2100.0,0.621,3.4269144539361585
2100.0,0.668,4.274603852828603
2100.0,0.871,8.758380827967896
2100.0,1.09,14.764293375960872
2100.0,2.585,66.59389107173708
2110.0,0.246,0.08101722408840403
2120.0,0.112,0.00038999649191443923
2120.0,0.17,0.009889586589591715
2125.0,0.093,7.808207504070977e-05
2125.0,0.151,0.004535387280299629
2125.0,0.17,0.010678478808869858
2125.0,0.189,0.02179123647510099
2125.0,0.285,0.21304214917531994
2125.0,0.342,0.5023326880853973
2125.0,0.37,0.6959981251986306
2125.0,0.454,1.5243831528844798
2125.0,0.591,3.5823162936329394
2125.0,0.621,4.158665679437637
2125.0,0.841,9.362156819493173
2125.0,0.871,10.198929316591505
2125.0,1.09,16.81934679114522
2130.0,0.093,9.068781886417133e-05
2130.0,0.246,0.10706258762431191
2140.0,0.112,0.000732943569644976
2140.0,0.17,0.015585429545872696
2150.0,0.093,0.00020222185107601854
2150.0,0.151,0.008766818741282741
2150.0,0.17,0.019409031221406876
2150.0,0.246,0.15448922456894207
2150.0,0.342,0.7005929423082295
2150.0,0.454,1.9838174233151673
2150.0,0.591,4.434259501845616
2150.0,0.668,6.23286637386801
2150.0,1.09,19.2236432007942
2160.0,0.093,0.0002579888671819422
2160.0,0.17,0.023232632896941063
2165.0,0.112,0.00134853611478624
2170.0,0.246,0.20191586151357185
2175.0,0.112,0.0016454070119007074
2175.0,0.151,0.013695925223574901
2175.0,0.17,0.029450120822881256
2175.0,0.203,0.08256508093313795
2175.0,0.342,0.915796299144288
2175.0,0.591,5.332509909502909
2175.0,0.841,12.723803380415177
2175.0,0.871,13.753714608477841
2175.0,1.09,21.706258111149715
2175.0,2.585,82.91464851685335
2180.0,0.093,0.00045840020442349357
2180.0,0.17,0.03387998858169293
2190.0,0.093,0.0006633589794372802
2190.0,0.17,0.04273972409931625
2190.0,0.246,0.2820804092124616
2200.0,0.189,0.0930146290033527
2200.0,0.246,0.3263097342906474
2200.0,0.285,0.6137188945980068
2200.0,0.454,3.1705742306215927
2200.0,0.668,8.862374519263883
2200.0,0.841,14.831925205475367
2200.0,1.09,24.63761310333279
2200.0,2.585,89.03281788504219
2205.0,0.093,0.0009707971419579604
2205.0,0.112,0.003970967523830369
2210.0,0.093,0.0010732765294648545
2210.0,0.112,0.004358560942485313
2215.0,0.112,0.004746154361140256
2225.0,0.074,0.00025859389108741707
2225.0,0.093,0.0016149554098520084
2225.0,0.151,0.040185458757637946
2225.0,0.17,0.07873084864380375
2225.0,0.203,0.19473771299088974
2225.0,0.285,0.825274743131476
2225.0,0.342,1.622702877465463
2225.0,0.37,2.1000393193774394
2225.0,0.419,3.0584564642620413
2225.0,0.668,10.419349447759114
2225.0,0.841,17.029078050515874
2225.0,1.09,27.666554989500604
2225.0,2.585,95.24832452824613
2230.0,0.093,0.0019700093515717483
2230.0,0.112,0.007385470900009542
2230.0,0.17,0.08853270778002509
2230.0,0.246,0.4930808564980371
2230.0,0.37,2.226222477918416
2240.0,0.112,0.009692801508572836
2240.0,0.17,0.10813642605246762
2245.0,0.17,0.11793828518868885
2250.0,0.074,0.000605705735144658
2250.0,0.082,0.001360612771741342
2250.0,0.151,0.06828253754259797
2250.0,0.189,0.21506064721548643
2250.0,0.246,0.6522729954873664
2250.0,0.285,1.140769913664752
2250.0,0.37,2.7309551120823317
2250.0,0.454,4.904906442357685
2250.0,0.591,9.347114738535273
2250.0,0.668,12.317277498501637
2250.0,0.871,20.974845092012142
2250.0,1.09,31.123988268429606
2255.0,0.093,0.003745279060170448
2255.0,0.17,0.13754200346113138
2260.0,0.112,0.01430746272569944
2260.0,0.131,0.03725599789363539
2265.0,0.093,0.004455386943609927
2270.0,0.246,0.8251090548333249
2275.0,0.074,0.0012533560791677893
2275.0,0.093,0.006339060685675481
2275.0,0.189,0.3146020291615653
2275.0,0.246,0.8941862654869291
2275.0,0.37,3.4495787310657713
2275.0,0.591,11.051907853928807
2275.0,0.841,22.367942466827582
2275.0,0.871,23.84132761221476
2275.0,2.585,108.69437313227586
2280.0,0.17,0.2133897336258705
2280.0,0.246,0.9632634761405332
2280.0,0.37,3.6355901195703444
2285.0,0.112,0.02729931490342977
2285.0,0.246,1.0323406867941367
2290.0,0.112,0.03053709392865164
2290.0,0.131,0.07288978414454643
2290.0,0.17,0.25476028057799865
2290.0,0.246,1.1014178974477395
2300.0,0.068,0.0015185644471740311
2300.0,0.074,0.0026255011073657627
2300.0,0.082,0.005393010672064982
2300.0,0.093,0.012116958839557766
2300.0,0.112,0.03701265197909541
2300.0,0.131,0.08691923825448623
2300.0,0.17,0.29613082753012704
2300.0,0.189,0.4677602732405749
2300.0,0.342,3.538623952838261
2300.0,0.419,5.985026340980598
2300.0,0.454,7.364841576070025
2300.0,0.871,27.104218140777732
2300.0,1.588,65.59486942805837
2305.0,0.093,0.013272538470334225
2305.0,0.112,0.04025043100431728
2305.0,0.246,1.3086495294085516
2310.0,0.131,0.10094869236442612
2310.0,0.151,0.1964650300812844
2310.0,0.246,1.3777267400621538
2310.0,0.285,2.2326048491062
2315.0,0.093,0.015583697731887138
2315.0,0.112,0.04672598905476108
2315.0,0.246,1.4468039507157586
2320.0,0.055,0.0005092787257001694
2320.0,0.074,0.004315010393481278
2320.0,0.093,0.018637887226037066
2320.0,0.112,0.054224549063752084
2320.0,0.131,0.12264216701138186
2320.0,0.151,0.23397762767106067
2320.0,0.246,1.5532400844008265
2325.0,0.055,0.0006643360121812167
2325.0,0.131,0.13920123955912583
2325.0,0.203,0.8733258014353189
2325.0,0.246,1.6688420227646565
2325.0,0.285,2.64691777897263
2325.0,0.37,5.456528398742218
2325.0,0.454,8.904749437546867
2325.0,0.621,16.881079460331573
2325.0,0.841,28.88228028887738
2325.0,1.588,71.23873648066072
2325.0,2.585,123.27757417638958
2330.0,0.074,0.006337841325476282
2330.0,0.093,0.025677893025644934
2330.0,0.151,0.28926273943969094
2330.0,0.17,0.4788267756249877
2330.0,0.189,0.7283442159991682
2330.0,0.246,1.7844439611284875
2335.0,0.093,0.029197895925448893
2335.0,0.112,0.07985630607907859
2335.0,0.17,0.5204126919486834
2335.0,0.246,1.900045899492317
2340.0,0.093,0.03271789882525286
2340.0,0.112,0.08840022508418732
2340.0,0.151,0.34454785120832065
2340.0,0.189,0.8444018804052251
2345.0,0.093,0.03623790172505678
2345.0,0.112,0.09694414408929618
2345.0,0.17,0.603584524596076
2345.0,0.246,2.1312497762199776
2350.0,0.063,0.003727363971429946
2350.0,0.068,0.006408341554351992
2350.0,0.074,0.010383503189466292
2350.0,0.093,0.03975790462486072
2350.0,0.112,0.10548806309440495
2350.0,0.131,0.2219966022978459
2350.0,0.151,0.39983296297695053
2350.0,0.203,1.2288074915066822
2350.0,0.246,2.246851714583807
2350.0,0.37,6.79378595453174
2350.0,0.591,17.92988911005447
2350.0,0.621,19.64011214199903
2350.0,0.871,34.49645521105344
2350.0,1.588,77.28697365544394
2355.0,0.246,2.3624536529476385
2360.0,0.055,0.0017497370175485476
2360.0,0.074,0.0124063341214613
2360.0,0.093,0.04679791042446861
2360.0,0.131,0.255114747393334
2360.0,0.151,0.45511807474558086
2360.0,0.17,0.7283422735671642
2360.0,0.246,2.4780555913114664
2365.0,0.093,0.0503179133242726
2365.0,0.112,0.13111982010973133
2365.0,0.17,0.7699281898908598
2370.0,0.055,0.0025570675277898185
2370.0,0.093,0.059887356394321335
2370.0,0.112,0.1514282552873217
2370.0,0.131,0.30718624341123063
2370.0,0.151,0.537432125055649
2370.0,0.189,1.2364785338573832
2375.0,0.063,0.007819663848953664
2375.0,0.074,0.020171040863611947
2375.0,0.082,0.0362292512674339
2375.0,0.093,0.06988353227271937
2375.0,0.189,1.3415080289427779
2375.0,0.285,4.427797172321789
2375.0,0.342,6.994716246629306
2375.0,0.454,12.844719483267854
2375.0,0.591,20.793017475969194
2375.0,0.668,25.64433351891618
2375.0,0.841,36.71049054460565
2375.0,2.585,139.01627105549693
2380.0,0.055,0.003931762070770334
2380.0,0.093,0.07987970815111733
2380.0,0.112,0.19370488419333334
2380.0,0.189,1.4465375240281746
2380.0,0.37,8.714420209597066
2385.0,0.093,0.08987588402951537
2385.0,0.17,1.0856753412158406
2385.0,0.246,3.3349582798127644
2390.0,0.112,0.23598151309934473
2390.0,0.151,0.7637446827567356
2390.0,0.189,1.6565965141989667
2390.0,0.285,5.167622306420955
2395.0,0.112,0.2571198275523507
2395.0,0.131,0.4914332906390837
2400.0,0.055,0.006681151156731357
2400.0,0.063,0.01535257223832478
2400.0,0.068,0.024619779233427667
2400.0,0.074,0.03745717201041303
2400.0,0.082,0.0648611432905718
2400.0,0.17,1.3243624848189695
2400.0,0.246,3.894437246805748
2400.0,0.419,13.013786700644294
2400.0,0.454,15.308046245225325
2400.0,1.09,58.139505258755015
2405.0,0.055,0.007368498428221612
2405.0,0.093,0.12986058754310736
2405.0,0.112,0.29939645645836266
2405.0,0.131,0.5651321095302249
2405.0,0.17,1.4039248660200128
2410.0,0.131,0.6019815189757951
2410.0,0.246,4.267423224801071
2410.0,0.285,6.15405581855319
2415.0,0.055,0.008743192971202128
2420.0,0.055,0.011233522543120905
2420.0,0.093,0.17383830744785006
2420.0,0.131,0.7101364652854515
2420.0,0.151,1.1485154252504215
2420.0,0.17,1.6983269791231184
2420.0,0.285,6.747944387277379
2425.0,0.063,0.030160496782110066
2425.0,0.068,0.0465797518295647
2425.0,0.074,0.06854705483769646
2425.0,0.093,0.20019693029417115
2425.0,0.112,0.4354355178334855
2425.0,0.17,1.843056327522638
2425.0,0.342,10.588995976879596
2425.0,0.419,15.49418631831687
2425.0,0.621,29.839168366389874
2425.0,0.668,33.32143442465744
2425.0,0.841,45.98288551744556
2425.0,0.871,48.19263904422491
2425.0,2.585,155.92222478546395
2430.0,0.055,0.016825930547525954
2430.0,0.093,0.2265555531404923
2430.0,0.131,0.8644384450656862
2430.0,0.189,2.715205751187635
2430.0,0.246,5.30888861337858
2435.0,0.093,0.25291417598681365
2435.0,0.112,0.5332237271066009
2435.0,0.17,2.1325150243216764
2435.0,0.246,5.5988834797074905
2440.0,0.055,0.022418338551930997
2440.0,0.093,0.2792727988331346
2440.0,0.131,1.0187404248459218
2440.0,0.151,1.5867773276284651
2440.0,0.189,3.078243058735757
2440.0,0.203,3.7121276237707264
2440.0,0.246,5.888878346036402
2445.0,0.055,0.025214542554133516
2445.0,0.112,0.6310119363797168
2445.0,0.17,2.4219737211207133
2445.0,0.246,6.1788732123653105
2450.0,0.055,0.028010746556336046
2450.0,0.063,0.057303065309775185
2450.0,0.068,0.0859146339319526
2450.0,0.074,0.12304092179459893
2450.0,0.082,0.1966700269131821
2450.0,0.093,0.3319900445257772
2450.0,0.112,0.6799060410162746
2450.0,0.131,1.1730424046261558
2450.0,0.189,3.4412803662838773
2450.0,0.203,4.128863159369549
2450.0,0.246,6.468868078694225
2450.0,0.342,12.927597323609419
2450.0,0.37,14.913740793311984
2450.0,0.454,21.261365028405386
2450.0,0.621,34.07056625494897
2450.0,0.841,51.264451465025644
2450.0,1.09,69.99663596530938
2450.0,1.588,104.71797610227301
2450.0,2.585,164.86526124047225
2455.0,0.112,0.728800145652832
2455.0,0.17,2.71143241791975
2460.0,0.055,0.0336031545607411
2460.0,0.093,0.38470729021841943
2460.0,0.112,0.7776942502893899
2460.0,0.131,1.3273443844063908
2460.0,0.151,2.025039230006511
2460.0,0.17,2.8561617663192678
2460.0,0.189,3.804317673831994
2460.0,0.285,9.662817019324178
2460.0,0.37,15.94045393377453
2465.0,0.055,0.03639935856294363
2465.0,0.093,0.41106591306474066
2465.0,0.246,7.338852677680949
2470.0,0.074,0.17819290719719671
2470.0,0.093,0.45869742659063983
2470.0,0.112,0.9072120104735168
2470.0,0.131,1.5234750853217713
2470.0,0.151,2.2952023189706665
2470.0,0.203,5.0328878527594325
2475.0,0.055,0.05378298318009306
2475.0,0.074,0.2096899738166178
2475.0,0.082,0.32289065660352795
2475.0,0.17,3.454911670250541
2475.0,0.203,5.367006057501915
2475.0,0.246,8.14471315372518
2475.0,0.342,15.529646834411832
2475.0,0.37,17.749464831169057
2475.0,0.419,21.64505142850202
2475.0,0.454,24.7529009721991
2475.0,0.621,38.58236205907864
2475.0,0.841,56.817311137123276
2475.0,0.871,59.26965557883441
2475.0,1.588,112.37261309941674
2475.0,2.585,174.00060761654927
2480.0,0.074,0.24118704043603878
2480.0,0.093,0.5872456562889053
2480.0,0.112,1.1181058199154112
2480.0,0.17,3.705057716251505
2480.0,0.189,4.832390479919284
2480.0,0.246,8.579398582228961
2480.0,0.285,11.522665781431671
2480.0,0.37,18.435102463180534
2485.0,0.093,0.6515197711380375
2485.0,0.112,1.2235527246363591
2490.0,0.074,0.304181173674881
2490.0,0.093,0.7157938859871702
2490.0,0.112,1.3289996293573063
2490.0,0.131,2.130290804736748
2490.0,0.151,3.0972903963324216
2490.0,0.17,4.205349808253427
2490.0,0.189,5.431266162249161
2490.0,0.203,6.369360671729385
2490.0,0.285,12.565638461846257
2495.0,0.055,0.0951811457223229
2495.0,0.112,1.4344465340782535
2495.0,0.246,9.883454867740305
2495.0,0.37,20.492015359215014
2500.0,0.055,0.10553068635788034
2500.0,0.063,0.19307181601055998
2500.0,0.082,0.5443131252697045
2500.0,0.131,2.4336986644442344
2500.0,0.151,3.4983344350132963
2500.0,0.203,7.03759708121437
2500.0,0.246,10.318140296244096
2500.0,0.342,18.712059610459704
2500.0,0.419,25.465536541694227
2500.0,0.668,47.95073697567179
2500.0,1.09,83.41581364285646
2500.0,1.588,120.53457722017713
2500.0,2.585,183.5595822968065
2505.0,0.074,0.39867237353314355
2505.0,0.093,0.9086162305345677
2505.0,0.131,2.585402594297982
2505.0,0.17,4.955787946256319
2510.0,0.055,0.12622976762899524
2510.0,0.063,0.2287673925411232
2510.0,0.068,0.3198269469554424
2510.0,0.074,0.4301694401525648
2510.0,0.093,0.9728903453837009
2510.0,0.131,2.7371065241517245
2510.0,0.151,3.8993784736941723
2510.0,0.189,6.6290175269089096
2510.0,0.285,14.651583822675411
2515.0,0.055,0.13657930826455267
2515.0,0.17,5.456080038258246
2515.0,0.246,11.622196581755436
2515.0,0.285,15.173070162882684
2520.0,0.074,0.49562391207286133
2520.0,0.093,1.1052699142082751
2520.0,0.151,4.307408181518245
2520.0,0.37,23.930174073513765
2525.0,0.063,0.31926468381352363
2525.0,0.068,0.4376096183488945
2525.0,0.082,0.8326435363403655
2525.0,0.093,1.2496269639446829
2525.0,0.112,2.178263226580801
2525.0,0.131,3.3263782658460443
2525.0,0.203,8.89546676052714
2525.0,0.285,16.42745772915068
2525.0,0.342,22.11182667456286
2525.0,0.419,29.504866457799633
2525.0,0.454,33.185449962377284
2525.0,0.668,53.537635589984326
2525.0,0.841,69.31533101936401
2530.0,0.055,0.21712388355588563
2530.0,0.074,0.6614704089015626
2530.0,0.112,2.3897712064808703
2530.0,0.151,5.0004821704046405
2530.0,0.17,6.535138567409093
2530.0,0.37,25.718259867627975
2535.0,0.074,0.7443936573159134
2535.0,0.131,3.885855139733759
2535.0,0.151,5.347019164847841
2535.0,0.17,6.945756157793735
2535.0,0.189,8.650374819462458
2535.0,0.285,17.8739547142684
2535.0,0.37,26.612302764685108
2540.0,0.063,0.4786081257466179
2540.0,0.074,0.827316905730264
2540.0,0.082,1.1570562412122842
2540.0,0.093,1.6826981131539054
2540.0,0.189,9.121792724667054
2540.0,0.246,14.579053790911102
2540.0,0.285,18.597203206827263
2540.0,0.37,27.50634566174217
2545.0,0.074,0.9102401541446149
2545.0,0.093,1.8270551628903138
2545.0,0.112,3.024295146181071
2545.0,0.131,4.445332013621476
2545.0,0.189,9.593210629871658
2545.0,0.246,15.207281862431383
2545.0,0.37,28.400388558799296
2550.0,0.074,0.9931634025589652
2550.0,0.082,1.373331377793564
2550.0,0.112,3.235803126081138
2550.0,0.189,10.064628535076267
2550.0,0.203,11.45969742770419
2550.0,0.246,15.835509933951665
2550.0,0.342,26.331391323901176
2550.0,0.37,29.2944314558564
2550.0,0.621,55.1838105671371
2550.0,0.871,79.19768211273822
2550.0,1.09,98.45556978281675
2550.0,1.588,137.7845921717243
2555.0,0.112,3.447311105981203
2555.0,0.131,5.004808887509194
2555.0,0.151,6.733167142620641
2555.0,0.189,10.536046440280874
2555.0,0.246,16.463738005471935
2555.0,0.285,20.766948684503806
2560.0,0.055,0.42423998123827117
2560.0,0.063,0.691066048324077
2560.0,0.082,1.5896065143748432
2560.0,0.112,3.658819085881272
2560.0,0.131,5.28454732445305
2560.0,0.151,7.0797041370638425
2560.0,0.17,8.998844109716915
2560.0,0.189,11.007464345485479
2560.0,0.285,21.490197177062647
2560.0,0.37,31.08251724997064
2565.0,0.055,0.45875933085200205
2565.0,0.131,5.564285761396913
2565.0,0.246,17.720194148512512
2565.0,0.37,31.976560147027733
2570.0,0.063,0.7972950096128066
2570.0,0.068,1.044112776862104
2570.0,0.082,1.805881650956122
2570.0,0.112,4.081835045681409
2570.0,0.131,5.844024198340767
2570.0,0.151,7.772778125950245
2570.0,0.189,11.950300155894686
2570.0,0.203,13.511081961445832
2570.0,0.246,18.3484222200328
2570.0,0.285,22.936694162180373
2570.0,0.37,32.87060304408483
2570.0,0.454,42.45590595817958
2575.0,0.151,8.18725473326569
2575.0,0.17,10.301984841007252
2575.0,0.203,14.098748284694695
2575.0,0.246,19.053552057190707
2575.0,0.342,30.627628083635905
2575.0,0.419,39.30908052224011
2575.0,0.591,58.19965725282678
2575.0,0.621,61.38448676141913
2575.0,0.841,83.55927805885733
2575.0,0.871,86.4578960861133
2575.0,1.09,106.37701244319402
2580.0,0.055,0.6516283470054572
2580.0,0.063,1.0198378864108577
2580.0,0.074,1.6410313118971918
2580.0,0.093,3.0383035465338826
2580.0,0.112,4.743732127794989
2580.0,0.151,8.752508115629087
2580.0,0.17,10.942098074420636
2580.0,0.189,13.20375046202871
2580.0,0.203,14.852461284567443
2580.0,0.285,24.709805837949702
2580.0,0.37,34.97933196901579
2580.0,0.454,44.827138415332485
2585.0,0.055,0.7542912977236386
2585.0,0.074,1.838654021275898
2585.0,0.131,7.153424351716362
2585.0,0.17,11.58221130783403
2585.0,0.246,20.805144268685932
2585.0,0.285,25.682258900388575
2585.0,0.37,36.118023180393166
2590.0,0.068,1.6514266527612835
2590.0,0.074,2.036276730654606
2590.0,0.082,2.6766317354772102
2590.0,0.131,7.6366506180567075
2590.0,0.189,14.620579353711484
2590.0,0.285,26.654711962827452
2590.0,0.37,37.25671439177057
2595.0,0.055,0.9596171991600015
2595.0,0.074,2.233899440033313
2595.0,0.131,8.119876884397055
2595.0,0.17,12.86243777466078
2595.0,0.285,27.62716502526631
2595.0,0.37,38.395405603147914
2600.0,0.068,1.9902490982235506
2600.0,0.074,2.4315221494120194
2600.0,0.082,3.1576298812268737
2600.0,0.093,4.228411805191195
2600.0,0.151,11.013521645082687
2600.0,0.246,23.432532585928776
2600.0,0.621,68.61674133688432
2600.0,0.841,91.65417976181523
2600.0,2.585,224.48735927652544
2605.0,0.055,1.1649431005963646
2605.0,0.093,4.525938869855521
2605.0,0.112,6.712594589360787
2605.0,0.17,14.14266424148757
2605.0,0.189,16.745822691235677
2605.0,0.246,24.308328691676394
2605.0,0.285,29.572071150144016
2605.0,0.37,40.67278802590269
2610.0,0.074,2.826767568169434
2610.0,0.082,3.6386280269765376
2610.0,0.131,9.569555683418102
2610.0,0.151,12.14402840980949
2610.0,0.246,25.184124797423994
2610.0,0.37,41.81147923728009
2610.0,0.454,52.43178676089472
2615.0,0.055,1.370269002032727
2615.0,0.074,3.0243902775481413
2615.0,0.112,7.500139573987112
2615.0,0.151,12.70928179217289
2615.0,0.17,15.422890708314313
2615.0,0.189,18.16265158291844
2615.0,0.246,26.05992090317164
2620.0,0.055,1.4729319527509088
2620.0,0.074,3.222012986926848
2620.0,0.112,7.8939120663002775
2620.0,0.131,10.536008216098793
2620.0,0.246,26.935717008919266
2620.0,0.285,32.489430337460604
2620.0,0.454,54.966669542748875
2625.0,0.063,2.2965880525503004
2625.0,0.074,3.419635696305555
2625.0,0.082,4.360125245601034
2625.0,0.093,5.716047128512836
2625.0,0.112,8.28768455861343
2625.0,0.151,13.839788556899691
2625.0,0.17,16.70311717514109
2625.0,0.203,21.635878283422066
2625.0,0.246,27.81151311466685
2625.0,0.285,33.461883399899456
2625.0,0.342,41.53504448775418
2625.0,0.591,72.378819295675
2625.0,0.668,81.23786765344799
2625.0,0.871,102.8391743067371
2625.0,1.09,123.9370607976639
2625.0,1.588,166.19464687272924
2630.0,0.055,1.7356560808641772
2630.0,0.068,3.0796780836244237
2630.0,0.093,6.104387019502095
2630.0,0.112,8.779933379267709
2630.0,0.151,14.510177025179955
2630.0,0.189,20.394129683300054
2630.0,0.203,22.49557580401633
2630.0,0.285,34.5363427122478
2630.0,0.454,57.59236734576677
2635.0,0.074,4.11897053307708
2635.0,0.093,6.6654083240469335
2635.0,0.285,35.80476783469927
2635.0,0.37,47.87963125150893
2640.0,0.055,2.2740649337022516
2640.0,0.063,3.1799534419413225
2640.0,0.068,3.841898302846132
2640.0,0.093,7.226429628591766
2640.0,0.151,16.25078460208315
2640.0,0.17,19.345327005780884
2640.0,0.189,22.427440832408656
2640.0,0.285,37.073192957150795
2640.0,0.37,49.29697969522304
2640.0,0.454,60.65425134407248
2645.0,0.074,4.9665118143667595
2645.0,0.112,10.818440737831004
2645.0,0.131,13.950160181634512
2645.0,0.17,20.293320166653714
2645.0,0.285,38.3416180796023
2645.0,0.37,50.714328138937034
2650.0,0.063,3.8541666861666166
2650.0,0.082,6.624641845125061
2650.0,0.093,8.348472237681436
2650.0,0.112,11.49794319068544
2650.0,0.17,21.241313327526537
2650.0,0.203,26.740487999043932
2650.0,0.246,33.50546796637243
2650.0,0.419,58.68298944363574
2650.0,0.454,63.71613534237806
2650.0,0.621,84.11078005819405
2650.0,0.668,89.68805157238516
2650.0,1.09,133.54355842012396
2650.0,2.585,246.69492924105157
2655.0,0.063,4.191273308279267
2655.0,0.151,18.861695967437928
2655.0,0.246,34.68392938585388
2655.0,0.285,40.87846832450526
2660.0,0.063,4.528379930391913
2660.0,0.068,5.366338741289551
2660.0,0.074,6.237823736301281
2660.0,0.112,12.856948096394303
2660.0,0.17,23.137299649272197
2660.0,0.203,28.862944096557722
2660.0,0.246,35.86239080533534
2660.0,0.285,42.14689344695677
2665.0,0.055,3.620087065797437
2665.0,0.068,5.747448850900404
2665.0,0.074,6.661594376946118
2665.0,0.112,13.536450549248737
2665.0,0.131,17.076638456349905
2665.0,0.151,20.602303544341108
2665.0,0.17,24.085292810145035
2670.0,0.055,3.8892914922164747
2670.0,0.063,5.202593174617208
2670.0,0.082,8.564412332559371
2670.0,0.112,14.21595300210317
2670.0,0.131,17.85825802502876
2670.0,0.151,21.472607332792673
2670.0,0.37,57.80107035750731
2675.0,0.112,14.895455454957606
2675.0,0.131,18.639877593707606
2675.0,0.17,25.98127913189071
2675.0,0.189,29.544029854288823
2675.0,0.591,88.81264255624585
2675.0,0.621,92.5278508263436
2675.0,0.841,117.91641464930545
2680.0,0.063,5.876806418842505
2680.0,0.112,15.574957907812044
2680.0,0.131,19.421497162386455
2680.0,0.189,30.560685428843122
2680.0,0.285,47.22059393676281
2680.0,0.37,60.63576724493536
2680.0,0.454,72.90178733729503
2685.0,0.055,4.747109318163115
2685.0,0.082,10.077044411735114
2685.0,0.093,12.334348324606395
2685.0,0.112,16.313470558623333
2685.0,0.17,27.933381850819156
2685.0,0.285,48.5380245893323
2685.0,0.37,62.09777205903742
2690.0,0.055,5.362489221054674
2690.0,0.063,6.974526479236113
2690.0,0.068,8.08947108452823
2690.0,0.074,9.226720031948977
2690.0,0.093,13.300309679563187
2690.0,0.112,17.39986610665465
2690.0,0.151,25.40658272777522
2690.0,0.17,29.268314478605195
2690.0,0.189,33.02682869716074
2690.0,0.246,43.33792238738678
2690.0,0.37,63.82303963191285
2690.0,0.454,76.29039304783791
2695.0,0.055,5.977869123946233
2695.0,0.063,7.681499556037599
2695.0,0.068,8.851770418850379
2695.0,0.074,10.040239321878998
2695.0,0.093,14.266271034519981
2695.0,0.131,22.62995679995991
2695.0,0.17,30.60324710639123
2695.0,0.189,34.42149490884177
2695.0,0.246,44.86988054927056
2695.0,0.37,65.54830720478837
2700.0,0.063,8.38847263283908
2700.0,0.074,10.853758611809015
2700.0,0.093,15.232232389476764
2700.0,0.112,19.572657202717284
2700.0,0.131,23.814182590131992
2700.0,0.17,31.938179734177293
2700.0,0.189,35.816161120522786
2700.0,0.203,38.52157832987567
2700.0,0.285,53.35702364450079
2700.0,0.342,62.970782224962925
2700.0,0.37,67.27357477766384
2700.0,0.454,79.92295688770264
2700.0,0.591,97.91406009106069
2700.0,0.841,127.76148307522053
2700.0,2.585,270.03839686955376
2705.0,0.055,7.208628929729341
2705.0,0.063,9.09544570964056
2705.0,0.093,16.198193744433546
2705.0,0.131,24.998408380304085
2705.0,0.151,29.203738225465344
2705.0,0.17,33.273112361963356
2705.0,0.189,37.21082733220384
2705.0,0.246,47.93379687303806
2705.0,0.285,54.96335666289037
2710.0,0.068,11.138668421816826
2710.0,0.082,14.49464486934452
2710.0,0.112,21.745448298779916
2710.0,0.131,26.18263417047618
2710.0,0.189,38.605493543884855
2710.0,0.203,41.38730951237694
2710.0,0.454,83.55552072756748
2715.0,0.063,10.509391863243534
2715.0,0.093,18.13011645434712
2715.0,0.151,31.735175223925452
2715.0,0.17,35.942977617535426
2715.0,0.189,40.000159755565896
2720.0,0.055,9.054768638404019
2720.0,0.074,14.107835771529077
2720.0,0.082,16.261685052388295
2720.0,0.093,19.0960778093039
2720.0,0.131,28.551085750820373
2720.0,0.17,37.27791024532153
2720.0,0.189,41.39482596724691
2725.0,0.055,9.670148541295571
2725.0,0.068,13.425566424783266
2725.0,0.082,17.145205143910168
2725.0,0.112,25.004634942873864
2725.0,0.131,29.735311540992466
2725.0,0.151,34.26661222238553
2725.0,0.454,89.00436648736455
2725.0,0.591,107.4905308893229
2725.0,0.841,138.0147293081062
2725.0,1.09,164.33039070085658
2725.0,2.585,282.154291928526
2730.0,0.063,12.630311093647983
2730.0,0.068,14.187865759105426
2730.0,0.093,21.0280005192175
2730.0,0.131,30.91953733116457
2730.0,0.151,35.53233072161555
2730.0,0.17,39.947775500893606
2730.0,0.189,44.184158390609
2730.0,0.246,55.59358768245686
2730.0,0.37,77.62518021491671
2730.0,0.454,90.82064840729706
2735.0,0.074,16.54839364131913
2735.0,0.093,21.993961874174275
2735.0,0.112,27.177426038936503
2735.0,0.131,32.103763121336655
2735.0,0.151,36.7980492208456
2735.0,0.246,57.125545844340586
2735.0,0.285,64.60135477322748
2740.0,0.068,15.712464427749728
2740.0,0.082,19.79576541847582
2740.0,0.112,28.263821586967836
2740.0,0.131,33.28798891150874
2740.0,0.151,38.06376772007568
2740.0,0.17,42.61764075646569
2740.0,0.189,46.973490813970976
2740.0,0.285,66.20768779161695
2740.0,0.37,81.07571536066759
2745.0,0.063,15.170665211279685
2745.0,0.093,24.316330179107794
2745.0,0.112,29.720839126477657
2745.0,0.151,39.66563340896085
2745.0,0.246,60.46813459563344
2745.0,0.285,68.0760723132567
2745.0,0.37,83.0342665985575
2750.0,0.068,18.239764397532692
2750.0,0.082,22.533547590508704
2750.0,0.112,31.331611940190314
2750.0,0.189,50.508274506378825
2750.0,0.203,53.57540410049771
2750.0,0.621,121.51888718698686
2750.0,0.668,127.71856220749606
2750.0,0.871,152.09705364571596
2755.0,0.063,17.77149246936417
2755.0,0.093,27.353102564547125
2755.0,0.112,32.942384753902964
2755.0,0.131,38.19037111157609
2755.0,0.17,47.854234715266976
2760.0,0.063,19.071906098406398
2760.0,0.074,22.76752927120124
2760.0,0.082,25.438097164305535
2760.0,0.093,28.871488757266782
2760.0,0.151,44.889589918711735
2760.0,0.189,54.17112206404695
2760.0,0.285,74.00736789076954
2760.0,0.37,89.2002586734635
2760.0,0.454,102.83566636454404
2765.0,0.055,17.411600272970603
2765.0,0.068,22.289101069738052
2765.0,0.074,24.161481247101168
2765.0,0.093,30.389874949986442
2765.0,0.112,36.163930381328285
2765.0,0.17,51.43425432033465
2765.0,0.189,56.00254584288105
2765.0,0.246,68.17309422350273
2765.0,0.285,75.98446641660719
2765.0,0.37,91.25558936509894
2770.0,0.055,18.62577797562824
2770.0,0.074,25.555433223001103
2770.0,0.082,28.342646738102353
2770.0,0.131,43.23896133525166
2770.0,0.151,48.37222759187897
2770.0,0.17,53.224264122868455
2770.0,0.203,61.00636547317505
2770.0,0.246,70.09933413047001
2770.0,0.285,77.96156494244482
2770.0,0.454,107.07108493396282
2775.0,0.063,22.973146985533123
2775.0,0.068,24.98865885120829
2775.0,0.074,26.949385198901027
2775.0,0.093,33.42664733542576
2775.0,0.131,44.92182474314349
2775.0,0.151,50.11354642846256
2775.0,0.189,59.66539340054914
2775.0,0.203,62.864105816344484
2775.0,0.342,90.64162227125485
2775.0,0.37,95.36625074836957
2775.0,0.591,128.43226468279695
2780.0,0.093,34.945033528145444
2780.0,0.112,40.99624882246622
2780.0,0.131,46.60468815103533
2780.0,0.151,51.854865265046236
2780.0,0.17,56.804283727936024
2780.0,0.285,81.91576199412019
2780.0,0.37,97.42158144000493
2780.0,0.454,111.30650350338192
2785.0,0.063,25.573974243617606
2785.0,0.074,29.73728915070091
2785.0,0.093,36.463419720865105
2785.0,0.112,42.607021636178864
2785.0,0.131,48.28755155892722
2785.0,0.17,58.59429353046986
2785.0,0.189,63.32824095821725
2785.0,0.246,75.87805385137202
2790.0,0.055,23.48248878625881
2790.0,0.068,29.037995523413656
2790.0,0.074,31.131241126600827
2790.0,0.17,60.38430333300365
2790.0,0.189,65.1596647370513
2790.0,0.285,85.86995904579543
2790.0,0.37,101.53224282327572
2790.0,0.454,115.54192207280086
2795.0,0.055,24.696666488916446
2795.0,0.112,45.828567263604135
2795.0,0.131,51.6532783747109
2795.0,0.151,57.07882177479707
2795.0,0.246,79.73053366530667
2795.0,0.285,87.84705757163302
2795.0,0.37,103.58757351491094
2800.0,0.055,25.93175901434774
2800.0,0.151,58.83331044847784
2800.0,0.17,63.97675407813622
2800.0,0.203,72.16421647101421
2800.0,0.419,113.66093448674911
2800.0,0.591,139.3490732346955
2800.0,0.621,143.47102729967875
2800.0,0.668,149.87531008591273
2800.0,1.588,245.5024693260699
2805.0,0.068,33.87115286766348
2805.0,0.093,43.218911332988185
2805.0,0.112,49.67499759034467
2805.0,0.131,55.59892062171049
2805.0,0.151,61.104808235553215
2805.0,0.37,108.04993753776652
2810.0,0.055,30.044053060066542
2810.0,0.068,35.98575396978574
2810.0,0.093,45.40271515217665
2810.0,0.131,57.84764331137296
2810.0,0.246,86.35941860525915
2810.0,0.285,94.56989207712147
2815.0,0.068,38.100355071908005
2815.0,0.082,43.54484114940826
2815.0,0.112,54.116020362575746
2815.0,0.151,65.64780380970402
2815.0,0.37,112.84695486992125
2820.0,0.063,37.86965193376869
2820.0,0.074,42.46962809064118
2820.0,0.082,45.701854393232914
2820.0,0.093,49.77032279055363
2820.0,0.112,56.33653174869128
2820.0,0.189,78.06068104888884
2820.0,0.285,99.30591760554911
2820.0,0.37,115.24546353599867
2825.0,0.055,36.21249412864471
2825.0,0.082,47.85886763705759
2825.0,0.093,51.95412660974214
2825.0,0.131,64.59381138036039
2825.0,0.17,75.4290089815948
2825.0,0.203,83.7493699830336
2825.0,0.246,93.39774165337482
2825.0,0.285,101.67393036976281
2825.0,0.342,112.77062848074941
2825.0,0.37,117.64397220207599
2825.0,0.419,125.72984500795405
2825.0,0.454,131.9266868915541
2825.0,0.591,151.62175058646542
2825.0,0.841,183.94848660006372
2825.0,0.871,187.50448732269177
2830.0,0.068,44.444158378274835
2830.0,0.093,54.137930428930666
2830.0,0.131,66.84253407002288
2830.0,0.151,72.46229717093017
2830.0,0.189,82.67386375865479
2830.0,0.246,95.74384933607998
2830.0,0.37,120.04248086815342
2830.0,0.454,134.35501297467306
2835.0,0.055,40.3247881743635
2835.0,0.063,44.15070071360334
2835.0,0.068,46.55875948039706
2835.0,0.074,48.868721106798226
2835.0,0.17,80.00991094297821
2835.0,0.246,98.08995701878516
2835.0,0.285,106.40995589819052
2840.0,0.055,42.380935197222904
2840.0,0.063,46.244383640214906
2840.0,0.068,48.673360582519344
2840.0,0.074,51.00175211218391
2840.0,0.131,71.33997944934787
2840.0,0.17,82.30036192366994
2840.0,0.203,90.7004620902453
2840.0,0.285,108.77796866240419
2840.0,0.37,124.83949820030811
2840.0,0.454,139.21166514091072
2845.0,0.068,50.787961684641594
2845.0,0.074,53.134783117569576
2845.0,0.082,56.4869206123563
2845.0,0.112,67.43908867926893
2845.0,0.151,79.27679053215635
2845.0,0.17,84.59081290436167
2845.0,0.189,89.59363782330372
2845.0,0.285,111.14598142661798
2850.0,0.055,46.49322924294171
2850.0,0.063,50.431749493438005
2850.0,0.068,52.90256278676388
2850.0,0.074,55.267814122955244
2850.0,0.203,95.33452349505295
2850.0,0.419,137.79875552915914
2850.0,0.454,144.06831730714842
2850.0,0.591,163.89442793823568
2850.0,1.588,271.509733601275
2850.0,2.585,346.8504499588183
2855.0,0.055,48.549376265801094
2855.0,0.068,55.017163888886145
2855.0,0.074,57.40084512834093
2855.0,0.093,65.0569495248731
2855.0,0.112,71.8801114515
2855.0,0.151,83.81978610630709
2855.0,0.246,107.47438774960604
2855.0,0.37,132.03502419854036
2860.0,0.063,54.70104604200936
2860.0,0.068,57.21002255111556
2860.0,0.112,74.16063785940662
2860.0,0.131,80.39011287010256
2860.0,0.151,86.1427354474816
2860.0,0.17,91.51051128544152
2860.0,0.189,96.55915180740354
2860.0,0.203,100.01270152113393
2860.0,0.246,109.86061549649587
2860.0,0.285,118.28724422511112
2860.0,0.454,148.9543193902745
2865.0,0.063,57.66633211062416
2865.0,0.082,65.93992267572705
2865.0,0.112,77.01960692415142
2865.0,0.189,99.35233805006104
2870.0,0.055,56.69087734546248
2870.0,0.063,60.631618179238934
2870.0,0.068,63.10427922572594
2870.0,0.074,65.47157276930457
2870.0,0.082,68.8510027276615
2870.0,0.093,73.0849080996685
2870.0,0.112,79.8785759888961
2870.0,0.131,86.0629340388909
2870.0,0.189,102.14552429271875
2875.0,0.055,59.689268881733156
2875.0,0.093,75.97384425755318
2875.0,0.131,88.89934462328502
2875.0,0.151,94.59929968421116
2875.0,0.17,99.92480377022021
2875.0,0.203,108.37177090302185
2875.0,0.246,118.17936612497273
2875.0,0.342,137.78824489758856
2875.0,0.37,142.69985045342463
2875.0,0.419,150.87511915612927
2875.0,0.454,157.17599711479662
2875.0,0.621,181.19949046113965
2875.0,0.668,187.73861110870988
2875.0,1.588,285.0245158765323
2875.0,2.585,360.66115406407624
2880.0,0.055,62.687660418003865
2880.0,0.082,74.67316283153043
2880.0,0.093,78.86278041543797
2880.0,0.131,91.73575520767915
2880.0,0.151,97.41815442978762
2880.0,0.17,102.72956793181308
2880.0,0.246,120.95228300113176
2880.0,0.37,145.4444456064363
2885.0,0.055,65.68605195427456
2885.0,0.063,69.5274763850833
2885.0,0.068,71.94566423764148
2885.0,0.082,77.58424288346484
2885.0,0.131,94.57216579207335
2885.0,0.189,110.52508302069141
2885.0,0.246,123.72519987729076
2885.0,0.37,148.18904075944798
2890.0,0.063,72.49276245369806
2890.0,0.068,74.89279257494668
2890.0,0.074,77.19688614100319
2890.0,0.093,84.64065273120735
2890.0,0.131,97.40857637646748
2890.0,0.151,103.05586392094068
2890.0,0.17,108.33909625499894
2890.0,0.203,116.73084028490979
2890.0,0.285,134.87135309881148
2895.0,0.074,80.12821448392785
2895.0,0.112,94.17342131262002
2895.0,0.131,100.24498696086161
2895.0,0.246,129.2710336296086
2895.0,0.285,137.63537124442814
2895.0,0.37,153.67823106547152
2900.0,0.063,78.42333459092762
2900.0,0.068,80.78704924955699
2900.0,0.082,86.31748303926823
2900.0,0.093,90.4185250469768
2900.0,0.17,113.94862457818473
2900.0,0.189,118.9046417486642
2900.0,0.203,122.30355320616847
2900.0,0.342,151.5404840609136
2900.0,0.454,170.87879332233297
2900.0,0.591,190.65119572442867
2900.0,0.621,194.83246652242892
2900.0,0.668,201.3779652404112
2900.0,0.871,226.96708696491135
2905.0,0.063,81.3886206595424
2905.0,0.068,83.73417758686219
2905.0,0.074,85.99087116977714
2905.0,0.082,89.22856309120263
2905.0,0.112,99.89135944210949
2905.0,0.131,105.91780812964997
2905.0,0.189,121.69782799132182
2905.0,0.246,134.81686738192664
2910.0,0.068,86.6813059241674
2910.0,0.074,88.92219951270185
2910.0,0.082,92.13964314313714
2910.0,0.112,102.75032850685434
2910.0,0.131,108.7542187140441
2910.0,0.189,124.49101423397941
2910.0,0.203,127.87626612742712
2910.0,0.246,137.58978425808556
2910.0,0.285,145.92742568127835
2910.0,0.37,161.91201652450656
2915.0,0.055,83.6764011718987
2915.0,0.082,95.05072319507157
2915.0,0.093,99.08533352063088
2915.0,0.17,122.36291706296345
2920.0,0.068,92.57556259877772
2920.0,0.082,97.96180324700603
2920.0,0.112,108.46826663634387
2920.0,0.151,119.96899239439985
2920.0,0.189,130.07738671929445
2920.0,0.246,143.13561801040342
2920.0,0.285,151.45546197251184
2920.0,0.454,181.8410302883623
2925.0,0.063,93.96121560523792
2925.0,0.068,96.20861360186596
2925.0,0.082,101.5048943082557
2925.0,0.131,117.7709927589872
2925.0,0.151,123.26342526661558
2925.0,0.17,128.42137665599492
2925.0,0.203,136.64736227109805
2925.0,0.246,146.28497188841297
2925.0,0.285,154.56981928221518
2925.0,0.37,170.45350481783
2925.0,0.621,208.7036307124993
2925.0,0.668,215.24692571085572
2925.0,0.841,237.24419675600697
2925.0,0.871,240.8385735571074
2925.0,1.588,312.83223093256623
2930.0,0.055,94.2575283912915
2930.0,0.063,97.70920930556207
2930.0,0.068,99.91036474996677
2930.0,0.074,102.03954525581362
2930.0,0.082,105.1112858699196
2930.0,0.093,109.00537644672062
2930.0,0.131,121.1657796879929
2930.0,0.203,139.88701297116583
2930.0,0.285,157.7192656078924
2930.0,0.37,173.53662148249853
2930.0,0.454,187.90658688486351
2935.0,0.055,98.08671356528025
2935.0,0.074,105.70008305301333
2935.0,0.093,112.55081343742111
2935.0,0.112,118.7952303313423
2935.0,0.189,139.82117691932288
2935.0,0.285,160.86871193356947
2935.0,0.37,176.61973814716671
2940.0,0.055,101.91589873926902
2940.0,0.082,112.32406899324738
2940.0,0.093,116.0962504281215
2940.0,0.112,122.25580819448922
2940.0,0.131,127.95535354600402
2940.0,0.151,133.28962171079365
2940.0,0.17,138.31735414815648
2940.0,0.246,155.84614223529786
2940.0,0.37,179.70285481183504
2945.0,0.074,113.0211586474127
2945.0,0.131,131.3501404750097
2945.0,0.189,146.34550044368996
2945.0,0.246,159.03319901759272
2945.0,0.285,167.1676045849237
2945.0,0.37,182.78597147650316
2950.0,0.055,109.57426908724646
2950.0,0.068,114.71736934236986
2950.0,0.131,134.74492740401539
2950.0,0.17,144.9146724762642
2950.0,0.285,170.31705091060087
2950.0,0.419,193.85123558844768
2950.0,0.621,223.64684171918958
2950.0,0.668,230.1493077283144
2950.0,1.09,279.82855974801
2955.0,0.063,116.44917780718278
2955.0,0.074,120.34223424181202
2955.0,0.093,126.73256140022283
2955.0,0.151,143.31581815497185
2955.0,0.189,152.8698239680573
2955.0,0.285,173.4664972362779
2955.0,0.37,188.9522048058399
2960.0,0.082,126.74963523990273
2960.0,0.112,136.0981196470768
2960.0,0.151,146.65788363636443
2960.0,0.189,156.13198573024084
2960.0,0.203,159.3249171715721
2960.0,0.246,168.5943693644775
2960.0,0.454,206.1868728818391
2965.0,0.131,144.92928819103224
2965.0,0.151,149.99994911775713
2965.0,0.246,171.78142614677247
2970.0,0.055,124.89100978320143
2970.0,0.063,127.6931589081552
2970.0,0.068,129.52437393477308
2970.0,0.112,143.01927537337068
2970.0,0.151,153.34201459915
2970.0,0.17,158.10930913247958
2970.0,0.203,165.80421857170754
2970.0,0.246,174.96848292906745
2970.0,0.37,198.20155479984462
2970.0,0.454,212.2803015474976
2975.0,0.055,128.7201949571902
2975.0,0.063,131.44115260847937
2975.0,0.074,134.9843854306108
2975.0,0.093,140.9143093630246
2975.0,0.112,146.47985323651764
2975.0,0.131,151.7188620490434
2975.0,0.151,156.68408008054251
2975.0,0.17,161.40796829653354
2975.0,0.189,165.9184710167917
2975.0,0.203,169.04386927177526
2975.0,0.285,186.06428253898642
2975.0,0.342,196.63440898704127
2975.0,0.37,201.28467146451308
2975.0,0.454,215.32701588032666
2975.0,0.668,245.0516897457733
2975.0,0.841,266.8298160684568
2975.0,0.871,270.39093967254894
2975.0,1.09,294.52409653012086
2975.0,2.585,418.2728292714498
2980.0,0.063,135.1891463088035
2980.0,0.068,136.92787623097453
2980.0,0.074,138.64492322781044
2980.0,0.082,141.1752014865582
2980.0,0.093,144.45974635372505
2980.0,0.189,169.1806327789753
2980.0,0.203,172.28351997184296
2980.0,0.246,181.34259649365737
2980.0,0.37,204.36778812918124
2985.0,0.112,153.6380318776307
2985.0,0.17,168.2110905727404
2985.0,0.246,184.70776036417965
2985.0,0.285,192.53052635380624
2985.0,0.37,207.6000248951214
2990.0,0.074,146.79338239491577
2990.0,0.131,162.61419792615087
2995.0,0.055,145.47364474483504
2995.0,0.074,151.0189543235625
2995.0,0.093,156.42116146866968
2995.0,0.112,161.58016204294208
2995.0,0.131,166.49452167962593
2995.0,0.151,171.19376164144504
2995.0,0.17,175.6949078733979
2995.0,0.189,180.01555434921022
2995.0,0.246,191.84906888385024
2995.0,0.37,214.4085919492726
3000.0,0.068,153.71617076383848
3000.0,0.074,155.24452625220914
3000.0,0.082,157.51874869387782
3000.0,0.112,165.5512271255975
3000.0,0.151,174.9990078554173
3000.0,0.17,179.43681652372658
3000.0,0.189,183.70316479907004
3000.0,0.203,186.67583855876407
3000.0,0.246,195.41972314368581
3000.0,0.285,203.06016116484025
3000.0,0.419,225.48956883221513
3000.0,0.454,231.5750411103158
3000.0,0.591,250.3800166771891
3000.0,0.668,260.80127923660893
3000.0,0.841,282.38136549074244
3000.0,1.588,357.3248017749201
3005.0,0.112,169.5222922082533
3005.0,0.151,178.80425406938932
3005.0,0.17,183.17872517405547
3005.0,0.246,198.9903774035209
3005.0,0.285,206.57003943518492
3005.0,0.37,221.21715900342377
3010.0,0.063,160.83407648321588
3010.0,0.112,173.49335729090882
3010.0,0.17,186.9206338243842
3010.0,0.189,191.0783856987894
3010.0,0.203,193.98284702123286
3010.0,0.37,224.6214425304994
3015.0,0.055,163.12241460515284
3015.0,0.074,167.92124203814907
3015.0,0.131,182.01581669352584
3015.0,0.285,213.5897959758742
3015.0,0.37,228.02572605757484
3020.0,0.055,167.53460707023234
3020.0,0.063,169.4855508762883
3020.0,0.074,172.14681396679563
3020.0,0.093,176.8369400323908
3020.0,0.151,190.2199927113057
3020.0,0.189,198.45360659850903
3020.0,0.454,244.9332189902045
3025.0,0.055,171.94679953531178
3025.0,0.068,175.08450245991048
3025.0,0.082,178.3189092403978
3025.0,0.112,185.40655253887567
3025.0,0.131,189.77646420047586
3025.0,0.17,198.14635977537054
3025.0,0.189,202.14121704836873
3025.0,0.246,213.2729944428625
3025.0,0.342,230.4700716708944
3025.0,0.871,301.76535793491655
3025.0,1.09,325.54805043097696
3030.0,0.17,201.8882684256994
3030.0,0.203,208.59686394617034
3030.0,0.246,216.84364870269795
3030.0,0.285,224.11943078690842
3035.0,0.055,180.7711844654708
3035.0,0.151,201.63573135322216
3035.0,0.246,220.41430296253318
3035.0,0.285,227.6293090572531
3040.0,0.055,185.18337693055025
3040.0,0.074,189.04910168138233
3040.0,0.131,201.41743546090092
3040.0,0.17,209.372085726357
3040.0,0.189,213.20404839794813
3040.0,0.203,215.9038724086392
3040.0,0.246,223.98495722236854
3040.0,0.285,231.1391873275975
3040.0,0.37,245.04714369295243
3045.0,0.074,193.27467361002888
3045.0,0.093,197.25271859611195
3045.0,0.112,201.29081286949813
3045.0,0.151,209.24622378116644
3045.0,0.246,227.5556114822039
3045.0,0.285,234.64906559794238
3045.0,0.37,248.45142722002814
3050.0,0.055,194.25869069354948
3050.0,0.063,195.7080422533847
3050.0,0.068,196.72909065866614
3050.0,0.074,197.78268959107604
3050.0,0.082,199.40789205243243
3050.0,0.151,213.3382038029461
3050.0,0.203,223.48044479775248
3050.0,0.454,265.17663221253247
3050.0,0.591,283.12364138990756
3050.0,0.621,287.01079220725586
3050.0,0.841,314.31577585468705
3050.0,1.588,388.3360942289638
3055.0,0.055,199.00345615541713
3055.0,0.074,202.38260377393306
3055.0,0.093,206.10131987440977
3055.0,0.112,209.91866346177466
3055.0,0.131,213.73712793270974
3055.0,0.17,221.25040563582417
3055.0,0.285,242.23707221659197
3055.0,0.37,255.7785465004147
3060.0,0.055,203.74822161728483
3060.0,0.17,225.36426706751087
3060.0,0.246,239.20197460646685
3065.0,0.055,208.4929870791525
3065.0,0.074,211.5824321396471
3065.0,0.131,222.2714640068317
3065.0,0.246,243.1118547831101
3065.0,0.37,263.1782221307984
3070.0,0.055,213.23775254102011
3070.0,0.093,219.51742181739382
3070.0,0.112,223.00435938981576
3070.0,0.37,266.8780599459902
3075.0,0.093,223.9894557983885
3075.0,0.112,227.36625803249626
3075.0,0.189,241.1086503048467
3075.0,0.203,243.534322704868
3075.0,0.37,270.57789776118193
3075.0,0.591,300.6306309076204
3075.0,0.621,304.4219870651693
3075.0,0.871,334.66076154918983
3075.0,1.09,357.94174956202727
3075.0,1.588,404.5631881960728
3075.0,2.585,480.0617716250104
3080.0,0.055,222.7272834647554
3080.0,0.131,235.072968118014
3080.0,0.151,238.44984763432907
3080.0,0.246,254.8414953130395
3080.0,0.285,261.4058640719325
3085.0,0.055,227.47204892662316
3085.0,0.074,229.98208887107506
3085.0,0.112,236.09005531785715
3085.0,0.17,245.93357422594525
3085.0,0.285,265.23962244300077
3085.0,0.37,277.97757339156567
3090.0,0.074,234.58200305393206
3090.0,0.112,240.45195396053742
3090.0,0.151,246.82039557812323
3090.0,0.246,262.6612556663256
3095.0,0.074,239.18191723678908
3095.0,0.17,254.1612970893187
3095.0,0.246,266.57113584296883
3095.0,0.37,285.37724902194896
3100.0,0.055,241.70634531222595
3100.0,0.063,242.51830381309944
3100.0,0.074,243.78183141964578
3100.0,0.093,246.34962570336214
3100.0,0.112,249.17575124589806
3100.0,0.151,255.19094352191743
3100.0,0.17,258.2751585210056
3100.0,0.189,261.363824822435
3100.0,0.285,276.7408975562053
3100.0,0.37,289.0770868371408
3100.0,0.454,301.30427496534213
3100.0,0.591,318.137620425333
3100.0,0.621,321.83318192308315
3100.0,0.871,351.5475890710655
3100.0,1.09,374.53459519638017
3100.0,1.588,420.7902821631811
3105.0,0.246,274.39089619625486
3105.0,0.285,280.5746559272733
3110.0,0.112,257.8995485312592
3110.0,0.131,260.67597634037907
3110.0,0.151,263.56149146571175
3110.0,0.246,278.30077637289793
3110.0,0.285,284.4084142983413
3115.0,0.246,282.43237034957883
3115.0,0.37,300.38078804379626
3120.0,0.074,262.5616517108439
3120.0,0.246,286.6287348071389
3120.0,0.37,304.3444641220782
3125.0,0.074,267.37587383411426
3125.0,0.093,269.40230843837287
3125.0,0.203,284.4514178241567
3125.0,0.342,304.6971150908891
3125.0,0.454,320.05792397343885
3125.0,0.591,336.27741926893407
3125.0,0.621,339.8658037478851
3125.0,0.841,365.6853219928019
3125.0,1.09,391.6227201787104
3125.0,1.588,437.43621125463625
3125.0,2.585,512.2602720976352
3130.0,0.074,272.190095957385
3130.0,0.37,312.27181627864246
3135.0,0.093,278.84568039818026
3140.0,0.093,283.56736637808416
3140.0,0.112,285.63447689497974
3140.0,0.17,292.8725174037469
3140.0,0.246,303.4141926373791
3140.0,0.285,309.0259507522864
3140.0,0.37,320.1991684352064
3150.0,0.093,293.01073833789155
3150.0,0.151,299.29288246351575
3150.0,0.189,304.1479292465489
3150.0,0.37,328.12652059177015
3150.0,0.419,334.2156464672264
3150.0,0.621,358.3971411925527
3150.0,0.668,364.0785073302533
3150.0,0.841,383.62003287173985
3150.0,1.09,409.1083231595741
3150.0,1.588,454.4182693359648
3155.0,0.074,296.2612065737377
3155.0,0.093,297.73242431779545
3160.0,0.17,310.496299086122
3160.0,0.285,325.4798000789248
3170.0,0.37,343.98122490489885
3175.0,0.17,323.7141353479036
3175.0,0.189,325.86553040853477
3175.0,0.454,358.67240653173315
3175.0,0.621,376.92847863722136
3175.0,0.668,382.45749844395425
3175.0,0.871,404.71502405862503
3175.0,1.09,426.5939261404378
3175.0,1.588,471.400327417294
3175.0,2.585,545.3255361242719
3190.0,0.093,331.14457178961953
3190.0,0.17,337.4727545660059
3200.0,0.285,359.43629760555206
3200.0,0.419,374.23272986541247
3200.0,0.591,393.1596202637195
3200.0,0.871,423.41336925490356
3200.0,1.09,444.8435543379046
3200.0,1.588,489.0375927317293
3210.0,0.093,350.6040308286278
3220.0,0.17,365.1976667721948
3220.0,0.246,372.5245506048813
3225.0,0.131,367.0758729048965
3225.0,0.17,369.81848547322664
3225.0,0.203,372.64878873015317
3225.0,0.285,381.16461905511983
3225.0,0.419,394.85672794933373
3225.0,0.454,399.38841754944866
3225.0,0.668,421.12493731333313
3225.0,0.841,439.1953987466511
3225.0,0.871,442.20055132975193
3225.0,1.09,463.17493467844105
3225.0,2.585,579.5004804280412
3230.0,0.17,374.439304174258
3250.0,0.189,394.39568418695455
3250.0,0.246,399.2637084287166
3250.0,0.285,403.0740605617038
3250.0,0.342,408.4144313083428
3250.0,0.37,410.9046603205408
3250.0,0.419,415.668579889131
3250.0,0.591,432.7161605655426
3250.0,0.668,440.6846184828854
3250.0,0.871,461.15380324559914
3250.0,1.09,481.66129954197083
3250.0,1.588,524.5875582804737
3275.0,0.17,416.91297244338944
3275.0,0.246,422.292366118823
3275.0,0.342,430.557720531255
3275.0,0.419,437.25382525587327
3275.0,0.668,460.97502660493916
3300.0,0.151,440.030383881319
3300.0,0.189,441.6400440308561
3300.0,0.203,442.3833540958102
3300.0,0.246,445.3210238089302
3300.0,0.419,458.8390706226146
3300.0,0.591,473.9509193271089
3300.0,0.668,481.26543472699296
3300.0,0.841,497.67560905107507
3300.0,1.09,519.9102674452885
3350.0,0.203,490.1360422500124
3350.0,0.246,492.31791084775546
3350.0,0.37,499.7074749330464
3350.0,0.419,503.1556174070891
3350.0,0.591,516.3526663361093
3350.0,0.841,538.2396826885913
3350.0,1.09,559.2117575468299
3350.0,1.588,599.1220997090917
3400.0,0.246,539.9701225646253
3400.0,0.342,544.2604783530195
3400.0,0.37,545.4899362983056
3400.0,0.841,579.6738011277695
3400.0,1.09,599.3423289127228
3400.0,1.588,637.6049749358401
3400.0,2.585,704.9874915088079
3500.0,0.841,665.5689030085551
3500.0,1.588,717.2818434608764
3500.0,2.585,780.828542057672
3600.0,1.09,768.6918167167735
3600.0,2.585,859.1226335474412
3700.0,2.585,939.98408671877
3800.0,2.585,1022.9718799373342
